CustomerID,Country,FirstPurchaseDate,LastPurchaseDate,Recency,Frequency,Monetary,AverageOrderValue,UnitsPurchased,TenureDays,Cluster,Segment,SegmentOrder
12346,United Kingdom,2011-01-18 10:01:00,2011-01-18 10:01:00,326,1,77183.6,77183.6,74215,0,0,Loyal Customers,2
12347,Iceland,2010-12-07 14:57:00,2011-12-07 15:52:00,3,7,4310.0,615.71,2458,365,2,Champions,1
12348,Finland,2010-12-16 19:09:00,2011-09-25 13:13:00,76,4,1797.24,449.31,2341,283,0,Loyal Customers,2
12349,Italy,2011-11-21 09:51:00,2011-11-21 09:51:00,19,1,1757.55,1757.55,631,0,1,Potential Loyalists,3
12350,Norway,2011-02-02 16:01:00,2011-02-02 16:01:00,311,1,334.4,334.4,197,0,3,At Risk,4
12352,Norway,2011-02-16 12:33:00,2011-11-03 14:37:00,37,8,2506.04,313.26,536,260,0,Loyal Customers,2
12353,Bahrain,2011-05-19 17:47:00,2011-05-19 17:47:00,205,1,89.0,89.0,20,0,3,At Risk,4
12354,Spain,2011-04-21 13:11:00,2011-04-21 13:11:00,233,1,1079.4,1079.4,530,0,3,At Risk,4
12355,Bahrain,2011-05-09 13:49:00,2011-05-09 13:49:00,215,1,459.4,459.4,240,0,3,At Risk,4
12356,Portugal,2011-01-18 09:50:00,2011-11-17 08:40:00,23,3,2811.43,937.14,1591,303,0,Loyal Customers,2
12357,Switzerland,2011-11-06 16:07:00,2011-11-06 16:07:00,34,1,6207.67,6207.67,2708,0,0,Loyal Customers,2
12358,Austria,2011-07-12 10:04:00,2011-12-08 10:26:00,2,2,1168.06,584.03,248,149,1,Potential Loyalists,3
12359,Cyprus,2011-01-12 12:43:00,2011-10-13 12:47:00,58,4,6310.03,1577.51,1609,274,0,Loyal Customers,2
12360,Austria,2011-05-23 09:43:00,2011-10-18 15:22:00,53,3,2662.06,887.35,1165,148,0,Loyal Customers,2
12361,Belgium,2011-02-25 13:51:00,2011-02-25 13:51:00,288,1,189.9,189.9,91,0,3,At Risk,4
12362,Belgium,2011-02-17 10:30:00,2011-12-06 15:40:00,4,10,5226.23,522.62,2229,292,2,Champions,1
12363,Unspecified,2011-04-11 13:29:00,2011-08-22 10:18:00,110,2,552.0,276.0,408,133,3,At Risk,4
12364,Belgium,2011-08-19 15:24:00,2011-12-02 10:22:00,8,4,1313.1,328.28,1506,105,0,Loyal Customers,2
12365,Cyprus,2011-02-21 13:51:00,2011-02-21 14:04:00,292,2,641.38,320.69,174,0,3,At Risk,4
12367,Denmark,2011-12-05 16:48:00,2011-12-05 16:48:00,5,1,168.9,168.9,173,0,1,Potential Loyalists,3
12370,Cyprus,2010-12-14 12:58:00,2011-10-19 14:51:00,52,4,3541.94,885.48,2352,309,0,Loyal Customers,2
12371,Switzerland,2011-10-11 10:43:00,2011-10-26 10:16:00,45,2,1887.96,943.98,591,15,0,Loyal Customers,2
12372,Denmark,2011-02-16 12:46:00,2011-09-29 12:12:00,72,3,1298.04,432.68,794,225,0,Loyal Customers,2
12373,Austria,2011-02-01 13:10:00,2011-02-01 13:10:00,312,1,364.6,364.6,197,0,3,At Risk,4
12374,Austria,2011-11-14 15:37:00,2011-11-14 15:37:00,26,1,742.93,742.93,342,0,1,Potential Loyalists,3
12375,Finland,2011-09-02 14:23:00,2011-11-29 10:36:00,11,2,457.5,228.75,178,88,1,Potential Loyalists,3
12377,Switzerland,2010-12-20 09:37:00,2011-01-28 15:45:00,316,2,1628.12,814.06,944,39,0,Loyal Customers,2
12378,Switzerland,2011-08-02 10:34:00,2011-08-02 10:34:00,130,1,4008.62,4008.62,2529,0,0,Loyal Customers,2
12379,Belgium,2011-06-22 16:32:00,2011-09-19 10:09:00,82,2,852.24,426.12,407,89,0,Loyal Customers,2
12380,Belgium,2011-06-07 09:49:00,2011-11-18 11:27:00,22,4,2724.81,681.2,1127,164,0,Loyal Customers,2
12381,Norway,2011-08-12 09:57:00,2011-12-05 12:44:00,5,5,1845.31,369.06,808,115,2,Champions,1
12383,Belgium,2010-12-22 14:28:00,2011-06-08 08:02:00,185,5,1850.56,370.11,1532,168,0,Loyal Customers,2
12384,Switzerland,2011-08-10 11:23:00,2011-11-11 08:39:00,29,2,585.27,292.64,126,93,1,Potential Loyalists,3
12386,Australia,2010-12-08 09:53:00,2011-01-06 12:37:00,338,2,401.9,200.95,354,29,3,At Risk,4
12388,Australia,2011-01-17 11:12:00,2011-11-24 12:30:00,16,6,2780.66,463.44,1462,311,2,Champions,1
12390,Belgium,2011-09-21 09:33:00,2011-09-21 09:33:00,80,1,549.84,549.84,353,0,3,At Risk,4
12391,Cyprus,2011-11-18 12:07:00,2011-11-18 12:07:00,22,1,439.66,439.66,293,0,1,Potential Loyalists,3
12393,Australia,2011-01-11 09:47:00,2011-09-28 15:41:00,73,4,1582.6,395.65,816,260,0,Loyal Customers,2
12394,Belgium,2011-05-06 14:01:00,2011-10-07 08:08:00,64,2,1272.48,636.24,819,154,0,Loyal Customers,2
12395,Belgium,2010-12-03 16:35:00,2011-11-20 15:21:00,20,12,3018.63,251.55,2118,352,2,Champions,1
12397,Belgium,2011-07-27 14:21:00,2011-11-04 09:52:00,36,2,2409.9,1204.95,1263,100,0,Loyal Customers,2
12398,Switzerland,2011-10-25 10:27:00,2011-10-25 10:27:00,46,1,1635.66,1635.66,1394,0,0,Loyal Customers,2
12399,Belgium,2011-03-23 09:42:00,2011-08-12 13:15:00,120,4,1108.65,277.16,1178,142,0,Loyal Customers,2
12401,Belgium,2011-02-09 13:50:00,2011-02-09 13:50:00,304,1,84.3,84.3,11,0,3,At Risk,4
12402,Belgium,2011-01-20 13:49:00,2011-01-20 13:49:00,324,1,225.6,225.6,94,0,3,At Risk,4
12403,Denmark,2011-10-21 10:51:00,2011-10-21 10:51:00,50,1,427.7,427.7,96,0,1,Potential Loyalists,3
12405,Finland,2011-07-14 08:52:00,2011-07-14 08:52:00,149,1,1710.39,1710.39,857,0,3,At Risk,4
12406,Denmark,2011-06-09 10:23:00,2011-11-17 19:22:00,23,2,3415.3,1707.65,1818,161,0,Loyal Customers,2
12407,Belgium,2011-03-20 13:21:00,2011-10-21 10:11:00,50,5,1708.12,341.62,1416,215,0,Loyal Customers,2
12408,Belgium,2011-03-24 14:46:00,2011-11-07 12:27:00,33,5,2888.55,577.71,1409,228,0,Loyal Customers,2
12409,Switzerland,2011-06-10 12:19:00,2011-09-22 10:38:00,79,3,11072.67,3690.89,5551,104,0,Loyal Customers,2
12410,Switzerland,2011-02-04 10:38:00,2011-02-04 10:39:00,309,2,693.33,346.66,211,0,3,At Risk,4
12412,Denmark,2011-06-23 13:51:00,2011-09-26 10:16:00,75,3,1226.88,408.96,829,95,0,Loyal Customers,2
12413,France,2011-01-06 16:12:00,2011-10-04 09:00:00,67,3,758.1,252.7,286,271,0,Loyal Customers,2
12414,Austria,2011-02-02 14:51:00,2011-05-06 14:51:00,218,3,562.41,187.47,300,93,3,At Risk,4
12415,Australia,2011-01-06 11:12:00,2011-11-15 14:22:00,25,21,124914.53,5948.31,77374,313,2,Champions,1
12417,Belgium,2010-12-17 11:51:00,2011-12-06 14:52:00,4,9,3649.1,405.46,1552,354,2,Champions,1
12418,Switzerland,2011-08-19 11:08:00,2011-08-19 11:08:00,113,1,668.58,668.58,407,0,3,At Risk,4
12420,Cyprus,2011-10-07 08:55:00,2011-10-07 08:55:00,64,1,600.39,600.39,345,0,3,At Risk,4
12421,Spain,2011-01-24 15:09:00,2011-11-24 09:07:00,16,4,807.04,201.76,484,304,0,Loyal Customers,2
12422,Australia,2011-01-19 09:13:00,2011-09-05 09:48:00,96,3,803.56,267.85,370,229,0,Loyal Customers,2
12423,Belgium,2010-12-21 10:54:00,2011-12-09 10:10:00,1,8,1859.31,232.41,1339,353,2,Champions,1
12424,Australia,2011-06-30 12:06:00,2011-06-30 12:06:00,163,2,1760.96,880.48,740,0,0,Loyal Customers,2
12425,Portugal,2011-09-22 17:31:00,2011-09-22 17:31:00,79,1,777.2,777.2,496,0,3,At Risk,4
12426,Germany,2011-05-29 12:26:00,2011-05-29 12:26:00,195,1,582.73,582.73,258,0,3,At Risk,4
12427,Germany,2010-12-03 10:44:00,2011-11-18 08:56:00,22,3,825.8,275.27,533,350,1,Potential Loyalists,3
12428,Finland,2011-03-01 09:33:00,2011-11-14 08:22:00,26,9,7956.46,884.05,3536,258,2,Champions,1
12429,Denmark,2010-12-09 12:05:00,2011-11-30 17:22:00,10,4,3750.4,937.6,1557,356,2,Champions,1
12430,Norway,2011-10-27 15:09:00,2011-10-27 15:09:00,44,1,256.4,256.4,117,0,1,Potential Loyalists,3
12431,Australia,2010-12-01 10:03:00,2011-11-04 11:55:00,36,15,6419.95,428.0,2896,338,2,Champions,1
12432,Norway,2011-06-20 13:27:00,2011-10-28 11:43:00,43,5,5059.32,1011.86,1801,130,0,Loyal Customers,2
12433,Norway,2010-12-01 13:24:00,2011-12-09 10:02:00,1,7,13375.87,1910.84,11071,373,2,Champions,1
12434,Australia,2011-03-24 13:05:00,2011-09-16 12:38:00,85,2,806.14,403.07,394,176,0,Loyal Customers,2
12435,Denmark,2011-03-17 07:40:00,2011-09-21 09:06:00,80,2,7829.89,3914.94,2055,188,0,Loyal Customers,2
12436,Norway,2011-09-01 12:09:00,2011-09-01 12:09:00,100,1,509.01,509.01,211,0,3,At Risk,4
12437,France,2011-01-12 14:13:00,2011-12-08 11:35:00,2,18,4951.41,275.08,2922,330,2,Champions,1
12438,Norway,2011-07-22 13:29:00,2011-11-25 13:28:00,15,2,2906.85,1453.42,1180,126,0,Loyal Customers,2
12441,France,2010-12-08 10:45:00,2010-12-08 10:45:00,367,1,173.55,173.55,121,0,3,At Risk,4
12442,Spain,2011-12-06 14:22:00,2011-12-06 14:22:00,4,1,172.06,172.06,182,0,1,Potential Loyalists,3
12444,Norway,2011-06-21 14:00:00,2011-11-18 13:23:00,22,5,5005.46,1001.09,1153,150,2,Champions,1
12445,Spain,2011-11-17 18:43:00,2011-11-17 18:43:00,23,1,133.4,133.4,62,0,1,Potential Loyalists,3
12446,RSA,2011-10-13 12:50:00,2011-10-13 12:50:00,58,1,1002.31,1002.31,351,0,1,Potential Loyalists,3
12447,Belgium,2011-04-10 13:25:00,2011-04-10 13:25:00,244,1,476.49,476.49,190,0,3,At Risk,4
12448,Spain,2011-10-26 13:46:00,2011-10-26 13:46:00,45,1,449.45,449.45,243,0,1,Potential Loyalists,3
12449,Belgium,2011-06-05 15:37:00,2011-11-17 13:46:00,23,4,4067.29,1016.82,1553,165,0,Loyal Customers,2
12450,Spain,2011-06-19 14:36:00,2011-07-06 14:41:00,157,2,197.88,98.94,128,17,3,At Risk,4
12451,Switzerland,2011-01-19 09:05:00,2011-11-29 08:40:00,11,5,9035.52,1807.1,6575,314,2,Champions,1
12452,Switzerland,2011-11-23 08:05:00,2011-11-23 10:28:00,17,2,430.57,215.28,185,0,1,Potential Loyalists,3
12453,Austria,2011-07-28 14:08:00,2011-07-28 14:08:00,135,1,707.09,707.09,473,0,3,At Risk,4
12454,Spain,2011-10-14 17:13:00,2011-10-14 17:13:00,57,1,3528.34,3528.34,1006,0,0,Loyal Customers,2
12455,Spain,2011-02-16 09:56:00,2011-09-27 15:31:00,74,6,2466.86,411.14,2089,223,0,Loyal Customers,2
12456,Switzerland,2011-03-30 09:12:00,2011-10-26 14:41:00,45,3,3181.04,1060.35,1633,210,0,Loyal Customers,2
12457,Switzerland,2011-04-14 18:57:00,2011-10-04 13:13:00,67,7,2363.23,337.6,843,173,0,Loyal Customers,2
12458,Switzerland,2011-02-28 10:55:00,2011-09-29 15:25:00,72,2,947.4,473.7,506,213,0,Loyal Customers,2
12461,Switzerland,2011-07-08 10:23:00,2011-09-06 16:57:00,95,2,826.88,413.44,287,60,0,Loyal Customers,2
12462,Spain,2011-02-09 14:44:00,2011-11-21 09:11:00,19,2,1189.59,594.79,536,285,1,Potential Loyalists,3
12463,Belgium,2011-04-12 12:47:00,2011-10-17 13:44:00,54,4,1344.78,336.2,776,188,0,Loyal Customers,2
12464,Belgium,2011-02-03 13:30:00,2011-11-29 13:33:00,11,8,1212.05,151.51,112,299,2,Champions,1
12465,Belgium,2011-06-23 13:37:00,2011-11-22 16:34:00,18,2,742.19,371.1,479,152,1,Potential Loyalists,3
12468,Germany,2011-01-27 13:29:00,2011-06-05 11:36:00,188,2,729.54,364.77,366,129,3,At Risk,4
12471,Germany,2010-12-10 09:35:00,2011-12-07 15:43:00,3,30,19788.65,659.62,8200,362,2,Champions,1
12472,Germany,2010-12-05 14:19:00,2011-11-07 14:01:00,33,7,6572.11,938.87,4148,337,2,Champions,1
12473,Germany,2011-06-01 10:15:00,2011-11-10 13:46:00,30,5,3928.05,785.61,2414,162,0,Loyal Customers,2
12474,Germany,2011-01-14 10:06:00,2011-11-22 14:39:00,18,18,7324.09,406.89,4833,312,2,Champions,1
12475,Germany,2011-10-17 10:10:00,2011-10-17 10:10:00,54,1,723.38,723.38,535,0,1,Potential Loyalists,3
12476,Germany,2010-12-13 14:39:00,2011-11-24 12:40:00,16,11,6816.42,619.67,2408,346,2,Champions,1
12477,Germany,2011-02-11 12:45:00,2011-11-17 09:51:00,23,6,13219.74,2203.29,3653,279,2,Champions,1
12478,Greece,2011-12-06 09:56:00,2011-12-06 09:56:00,4,1,680.99,680.99,236,0,1,Potential Loyalists,3
12479,Germany,2011-11-28 13:26:00,2011-11-28 13:26:00,12,1,527.2,527.2,385,0,1,Potential Loyalists,3
12480,Germany,2011-01-07 15:27:00,2011-11-11 14:52:00,29,4,3281.63,820.41,1707,308,0,Loyal Customers,2
12481,Germany,2010-12-09 10:13:00,2011-11-17 08:29:00,23,10,5579.82,557.98,3294,343,2,Champions,1
12483,Sweden,2011-01-04 14:20:00,2011-11-22 17:02:00,18,8,2484.98,310.62,1110,322,2,Champions,1
12484,Spain,2011-01-07 14:04:00,2011-11-07 11:37:00,33,6,4527.32,754.55,2187,304,0,Loyal Customers,2
12488,France,2011-09-25 10:34:00,2011-11-30 08:50:00,10,3,1298.66,432.89,529,66,1,Potential Loyalists,3
12489,France,2011-01-07 13:13:00,2011-01-07 13:13:00,337,1,334.93,334.93,105,0,3,At Risk,4
12490,France,2011-01-14 09:13:00,2011-12-04 16:07:00,6,10,5417.93,541.79,3064,324,2,Champions,1
12491,France,2011-11-01 12:18:00,2011-11-01 12:18:00,39,1,460.4,460.4,260,0,1,Potential Loyalists,3
12492,Germany,2011-08-26 14:51:00,2011-10-07 15:15:00,64,2,263.21,131.6,192,42,3,At Risk,4
12493,France,2011-05-26 14:53:00,2011-06-27 10:17:00,166,2,433.74,216.87,207,32,3,At Risk,4
12494,France,2010-12-09 11:31:00,2011-11-24 09:34:00,16,7,1246.1,178.01,707,350,0,Loyal Customers,2
12497,Germany,2011-09-19 12:29:00,2011-09-19 12:29:00,82,1,1043.1,1043.1,1236,0,3,At Risk,4
12498,Germany,2011-10-13 09:30:00,2011-11-18 12:53:00,22,3,403.7,134.57,159,36,1,Potential Loyalists,3
12500,Germany,2011-01-10 09:48:00,2011-11-16 16:20:00,24,11,4257.82,387.07,2678,310,2,Champions,1
12501,Germany,2011-01-07 12:28:00,2011-01-07 12:28:00,337,1,2169.39,2169.39,1783,0,3,At Risk,4
12502,Spain,2011-02-03 10:41:00,2011-09-05 11:52:00,96,5,3723.87,744.77,820,214,0,Loyal Customers,2
12504,Germany,2011-11-09 14:56:00,2011-11-21 16:02:00,19,2,482.05,241.02,90,12,1,Potential Loyalists,3
12506,France,2011-04-21 08:54:00,2011-04-21 08:54:00,233,1,73.5,73.5,23,0,3,At Risk,4
12507,Spain,2011-02-14 09:24:00,2011-07-28 17:09:00,135,3,1304.81,434.94,894,164,0,Loyal Customers,2
12508,France,2011-11-10 16:27:00,2011-11-13 15:37:00,27,2,397.88,198.94,271,3,1,Potential Loyalists,3
12509,France,2011-02-28 14:45:00,2011-02-28 14:45:00,285,1,176.5,176.5,55,0,3,At Risk,4
12510,Spain,2011-01-18 14:04:00,2011-07-20 10:15:00,143,2,982.57,491.28,353,183,0,Loyal Customers,2
12512,Israel,2011-10-04 14:53:00,2011-10-04 14:55:00,67,2,132.18,66.09,96,0,3,At Risk,4
12513,France,2011-08-19 10:51:00,2011-08-19 10:51:00,113,1,612.29,612.29,462,0,3,At Risk,4
12514,Italy,2011-03-17 16:38:00,2011-03-17 16:38:00,268,1,1017.68,1017.68,440,0,3,At Risk,4
12515,Italy,2010-12-21 15:43:00,2010-12-21 15:43:00,354,1,383.7,383.7,131,0,3,At Risk,4
12516,Germany,2011-06-12 11:37:00,2011-09-23 09:13:00,78,2,1312.06,656.03,875,103,0,Loyal Customers,2
12517,Germany,2011-06-02 15:13:00,2011-11-11 14:04:00,29,5,2481.6,496.32,1361,162,0,Loyal Customers,2
12518,Germany,2011-08-21 13:18:00,2011-12-09 10:13:00,1,5,2056.89,411.38,1318,110,2,Champions,1
12519,Germany,2011-10-07 09:26:00,2011-10-07 09:26:00,64,1,330.84,330.84,175,0,3,At Risk,4
12520,Germany,2011-03-11 11:35:00,2011-09-21 15:23:00,80,5,2634.26,526.85,1439,194,0,Loyal Customers,2
12521,Germany,2011-07-20 10:51:00,2011-07-20 10:51:00,143,1,599.68,599.68,309,0,3,At Risk,4
12522,Germany,2011-10-19 14:41:00,2011-10-31 15:30:00,40,2,192.72,96.36,194,12,1,Potential Loyalists,3
12523,France,2011-01-12 09:43:00,2011-11-20 12:55:00,20,11,1789.77,162.71,865,312,2,Champions,1
12524,Germany,2011-01-10 10:35:00,2011-11-30 15:31:00,10,8,4485.72,560.72,3699,324,2,Champions,1
12526,Germany,2011-09-06 14:19:00,2011-12-09 12:09:00,1,3,1316.66,438.89,632,94,1,Potential Loyalists,3
12527,Germany,2011-01-18 12:05:00,2011-09-19 11:55:00,82,3,348.71,116.24,234,244,3,At Risk,4
12528,Germany,2011-01-31 09:05:00,2011-11-30 14:40:00,10,6,1933.48,322.25,756,303,2,Champions,1
12530,Germany,2011-01-07 10:04:00,2011-10-11 12:34:00,60,4,1662.28,415.57,913,277,0,Loyal Customers,2
12531,Germany,2011-11-25 11:12:00,2011-11-25 11:12:00,15,1,125.22,125.22,45,0,1,Potential Loyalists,3
12532,France,2011-11-09 13:47:00,2011-11-09 13:47:00,31,1,349.83,349.83,153,0,1,Potential Loyalists,3
12534,Germany,2011-08-01 10:26:00,2011-08-01 10:26:00,131,1,1089.18,1089.18,651,0,3,At Risk,4
12535,France,2011-06-06 12:47:00,2011-09-09 08:48:00,92,2,716.35,358.18,219,95,3,At Risk,4
12536,France,2011-10-11 14:52:00,2011-10-27 14:20:00,44,3,12601.83,4200.61,2803,16,0,Loyal Customers,2
12538,Spain,2011-11-10 17:16:00,2011-11-10 17:16:00,30,1,363.95,363.95,191,0,1,Potential Loyalists,3
12539,Spain,2011-01-10 09:11:00,2011-11-17 13:30:00,23,4,5568.35,1392.09,2067,311,0,Loyal Customers,2
12540,Spain,2010-12-13 09:39:00,2011-11-20 11:31:00,20,17,13400.24,788.25,6685,342,2,Champions,1
12541,Spain,2011-03-04 09:32:00,2011-11-10 10:40:00,30,3,981.18,327.06,680,251,0,Loyal Customers,2
12544,Spain,2011-11-03 16:15:00,2011-11-03 16:15:00,37,1,372.7,372.7,136,0,1,Potential Loyalists,3
12545,Spain,2011-03-25 12:04:00,2011-09-25 13:39:00,76,2,1000.39,500.2,523,184,0,Loyal Customers,2
12546,Spain,2011-09-23 09:44:00,2011-10-24 12:09:00,47,2,1161.5,580.75,633,31,0,Loyal Customers,2
12547,Spain,2011-03-04 12:46:00,2011-05-26 12:38:00,198,2,207.8,103.9,134,83,3,At Risk,4
12548,Spain,2011-06-26 15:35:00,2011-06-26 15:35:00,167,1,95.2,95.2,49,0,3,At Risk,4
12550,Spain,2011-09-21 14:35:00,2011-09-21 14:35:00,80,1,964.83,964.83,569,0,3,At Risk,4
12551,Spain,2010-12-17 11:23:00,2010-12-17 11:23:00,358,1,168.0,168.0,100,0,3,At Risk,4
12552,Italy,2011-10-31 12:11:00,2011-11-01 10:02:00,39,2,437.82,218.91,88,1,1,Potential Loyalists,3
12553,France,2011-01-14 10:42:00,2011-12-01 16:38:00,9,10,3692.28,369.23,1965,321,2,Champions,1
12556,Spain,2011-07-11 13:35:00,2011-10-20 13:06:00,51,2,599.56,299.78,355,101,1,Potential Loyalists,3
12557,Spain,2010-12-03 12:20:00,2011-11-23 16:59:00,17,5,11990.96,2398.19,4384,355,2,Champions,1
12558,USA,2011-12-02 10:41:00,2011-12-02 10:41:00,8,1,269.96,269.96,196,0,1,Potential Loyalists,3
12559,Germany,2011-01-24 10:12:00,2011-02-02 09:49:00,311,2,561.71,280.86,283,9,3,At Risk,4
12560,Germany,2011-07-19 15:55:00,2011-12-04 13:54:00,6,3,2134.01,711.34,1110,138,1,Potential Loyalists,3
12561,Germany,2011-02-10 11:39:00,2011-02-10 11:39:00,303,1,238.85,238.85,177,0,3,At Risk,4
12562,France,2011-05-25 12:44:00,2011-12-01 17:20:00,9,7,3781.74,540.25,1779,190,2,Champions,1
12564,France,2011-03-23 14:55:00,2011-03-23 14:55:00,262,1,456.9,456.9,133,0,3,At Risk,4
12565,Saudi Arabia,2011-02-24 10:34:00,2011-02-24 10:34:00,289,1,145.92,145.92,80,0,3,At Risk,4
12566,Germany,2011-09-14 14:30:00,2011-09-14 14:30:00,87,1,351.65,351.65,265,0,3,At Risk,4
12567,France,2010-12-05 11:57:00,2011-11-17 11:02:00,23,10,9401.28,940.13,4305,347,2,Champions,1
12569,Germany,2011-04-01 13:47:00,2011-12-07 16:24:00,3,32,4124.69,128.9,1801,250,2,Champions,1
12571,France,2011-08-10 12:35:00,2011-10-31 10:19:00,40,2,519.61,259.8,523,82,1,Potential Loyalists,3
12572,Germany,2011-10-19 08:20:00,2011-12-01 09:20:00,9,2,1020.42,510.21,452,43,1,Potential Loyalists,3
12573,France,2011-04-26 15:52:00,2011-04-26 15:52:00,228,1,160.54,160.54,84,0,3,At Risk,4
12574,France,2011-01-28 09:20:00,2011-01-28 09:20:00,316,1,218.45,218.45,61,0,3,At Risk,4
12576,Poland,2011-02-08 11:31:00,2011-11-04 10:11:00,36,5,1315.83,263.17,967,269,0,Loyal Customers,2
12577,France,2010-12-15 16:21:00,2011-11-04 13:24:00,36,3,626.6,208.87,469,324,0,Loyal Customers,2
12578,Italy,2011-01-13 15:34:00,2011-11-18 13:30:00,22,2,2794.51,1397.26,1196,309,0,Loyal Customers,2
12579,France,2011-09-22 17:15:00,2011-09-22 17:15:00,79,1,440.42,440.42,285,0,3,At Risk,4
12580,Germany,2011-04-07 10:24:00,2011-04-07 10:24:00,247,1,415.7,415.7,238,0,3,At Risk,4
12581,Germany,2011-10-31 08:56:00,2011-10-31 08:56:00,40,1,197.71,197.71,161,0,1,Potential Loyalists,3
12582,Finland,2011-02-24 11:42:00,2011-04-15 08:45:00,239,2,511.36,255.68,300,50,3,At Risk,4
12583,France,2010-12-01 08:45:00,2011-12-07 08:07:00,3,15,7281.38,485.43,5060,371,2,Champions,1
12584,Italy,2011-03-04 15:15:00,2011-12-06 09:35:00,4,9,2338.15,259.79,416,277,2,Champions,1
12585,Germany,2010-12-23 12:58:00,2011-04-19 13:39:00,235,2,2040.1,1020.05,1279,117,0,Loyal Customers,2
12586,Italy,2011-11-22 16:24:00,2011-11-22 16:24:00,18,1,196.94,196.94,79,0,1,Potential Loyalists,3
12587,Finland,2011-12-02 12:47:00,2011-12-02 12:47:00,8,1,144.0,144.0,51,0,1,Potential Loyalists,3
12588,Finland,2011-10-31 15:01:00,2011-10-31 15:01:00,40,1,214.9,214.9,53,0,1,Potential Loyalists,3
12589,France,2011-07-18 12:05:00,2011-11-11 10:19:00,29,2,646.68,323.34,306,116,1,Potential Loyalists,3
12590,Germany,2011-05-12 14:46:00,2011-05-12 14:52:00,212,2,9864.26,4932.13,4283,0,0,Loyal Customers,2
12591,Italy,2011-01-26 14:35:00,2011-01-26 14:35:00,318,1,452.85,452.85,228,0,3,At Risk,4
12592,Germany,2011-05-10 13:44:00,2011-09-08 15:04:00,93,2,437.6,218.8,290,121,3,At Risk,4
12593,France,2011-05-05 09:29:00,2011-08-23 12:43:00,109,3,418.1,139.37,206,110,3,At Risk,4
12594,Italy,2011-01-21 09:52:00,2011-11-02 12:20:00,38,10,3338.22,333.82,1777,285,2,Champions,1
12596,Spain,2011-04-11 13:22:00,2011-10-19 13:02:00,52,2,618.27,309.14,474,191,1,Potential Loyalists,3
12597,Spain,2011-03-16 14:00:00,2011-11-20 13:33:00,20,4,3811.22,952.8,2236,249,0,Loyal Customers,2
12598,France,2011-02-28 11:58:00,2011-11-30 12:18:00,10,8,3023.08,377.88,1964,275,2,Champions,1
12599,France,2011-02-08 13:28:00,2011-11-10 13:34:00,30,7,1032.58,147.51,956,275,0,Loyal Customers,2
12600,Germany,2010-12-03 12:57:00,2011-11-11 10:29:00,29,10,2599.04,259.9,774,343,2,Champions,1
12601,Germany,2011-01-11 10:38:00,2011-06-03 10:17:00,190,5,577.06,115.41,245,143,0,Loyal Customers,2
12602,France,2011-10-12 11:22:00,2011-10-12 11:22:00,59,1,153.12,153.12,162,0,3,At Risk,4
12603,Germany,2011-11-18 10:42:00,2011-11-18 10:42:00,22,1,739.2,739.2,63,0,1,Potential Loyalists,3
12604,France,2011-03-23 12:06:00,2011-09-21 14:08:00,80,2,254.18,127.09,201,182,3,At Risk,4
12607,USA,2011-10-10 16:06:00,2011-10-10 16:06:00,61,1,1579.51,1579.51,1228,0,0,Loyal Customers,2
12609,Germany,2011-01-25 15:13:00,2011-09-22 16:34:00,79,3,1126.85,375.62,648,240,0,Loyal Customers,2
12610,Italy,2011-08-05 13:52:00,2011-11-17 09:34:00,23,5,2099.54,419.91,1049,104,0,Loyal Customers,2
12611,Italy,2011-10-18 13:12:00,2011-10-18 13:12:00,53,1,1193.32,1193.32,846,0,0,Loyal Customers,2
12612,Germany,2011-09-26 15:35:00,2011-09-26 15:35:00,75,1,704.04,704.04,262,0,3,At Risk,4
12613,Germany,2011-03-22 15:42:00,2011-10-13 14:59:00,58,5,3344.38,668.88,1644,205,0,Loyal Customers,2
12614,Germany,2011-03-07 10:22:00,2011-03-07 10:22:00,278,1,315.6,315.6,76,0,3,At Risk,4
12615,France,2011-06-24 13:35:00,2011-12-07 15:02:00,3,4,2291.19,572.8,1376,166,2,Champions,1
12616,France,2011-02-15 14:17:00,2011-09-05 15:17:00,96,2,713.3,356.65,284,202,3,At Risk,4
12617,France,2011-11-10 14:39:00,2011-11-10 14:39:00,30,1,352.98,352.98,210,0,1,Potential Loyalists,3
12618,Italy,2011-11-18 11:10:00,2011-11-18 11:10:00,22,1,177.31,177.31,96,0,1,Potential Loyalists,3
12619,Germany,2011-03-31 13:10:00,2011-11-23 14:52:00,17,9,3641.24,404.58,3378,237,2,Champions,1
12620,France,2011-05-19 12:10:00,2011-11-25 10:20:00,15,3,1339.41,446.47,1181,190,0,Loyal Customers,2
12621,Germany,2010-12-09 10:16:00,2011-12-08 11:25:00,2,20,13689.67,684.48,7440,364,2,Champions,1
12622,Germany,2011-04-21 16:39:00,2011-04-21 16:39:00,233,1,180.1,180.1,69,0,3,At Risk,4
12623,Germany,2011-03-08 13:50:00,2011-03-08 13:50:00,277,1,305.1,305.1,191,0,3,At Risk,4
12624,France,2011-06-15 12:34:00,2011-08-25 15:04:00,107,2,641.13,320.56,355,71,3,At Risk,4
12625,Germany,2011-01-24 13:27:00,2011-05-12 09:54:00,212,2,2683.82,1341.91,1612,108,0,Loyal Customers,2
12626,Germany,2011-01-17 11:01:00,2011-11-16 16:06:00,24,9,6620.48,735.61,3453,303,2,Champions,1
12627,Germany,2011-07-22 13:59:00,2011-11-29 12:07:00,11,7,4478.53,639.79,2752,130,2,Champions,1
12628,Germany,2011-10-06 09:28:00,2011-12-05 13:15:00,5,3,786.46,262.15,448,60,1,Potential Loyalists,3
12630,Finland,2011-10-27 10:41:00,2011-11-30 10:48:00,10,2,1270.88,635.44,548,34,1,Potential Loyalists,3
12631,Finland,2011-10-13 13:53:00,2011-10-13 13:53:00,58,1,640.5,640.5,236,0,3,At Risk,4
12633,Germany,2011-02-25 08:44:00,2011-10-12 11:40:00,59,4,2163.98,541.0,1162,229,0,Loyal Customers,2
12635,Germany,2011-07-08 08:43:00,2011-09-11 11:04:00,90,2,1689.18,844.59,1172,65,0,Loyal Customers,2
12637,France,2011-01-20 10:47:00,2011-10-03 13:46:00,68,8,6002.9,750.36,2994,256,0,Loyal Customers,2
12638,Sweden,2011-11-06 13:11:00,2011-11-06 13:11:00,34,1,671.69,671.69,577,0,1,Potential Loyalists,3
12639,Sweden,2011-04-15 12:48:00,2011-04-15 12:48:00,239,1,486.1,486.1,201,0,3,At Risk,4
12640,France,2011-09-19 12:01:00,2011-11-16 11:52:00,24,3,1174.58,391.53,311,58,0,Loyal Customers,2
12641,Sweden,2011-08-16 13:26:00,2011-08-16 13:26:00,116,1,185.9,185.9,72,0,3,At Risk,4
12642,Germany,2011-08-24 09:23:00,2011-11-14 15:03:00,26,3,1013.26,337.75,552,82,0,Loyal Customers,2
12643,France,2011-01-11 11:48:00,2011-08-03 12:56:00,129,6,3344.64,557.44,1808,204,0,Loyal Customers,2
12644,Germany,2011-08-02 10:33:00,2011-08-02 10:33:00,130,1,477.91,477.91,325,0,3,At Risk,4
12645,Germany,2011-01-27 13:08:00,2011-11-06 12:38:00,34,4,1775.18,443.8,1084,283,0,Loyal Customers,2
12646,USA,2011-10-21 12:52:00,2011-12-05 10:14:00,5,2,1346.97,673.48,897,45,1,Potential Loyalists,3
12647,Germany,2010-12-05 14:02:00,2011-11-17 12:56:00,23,12,3722.82,310.24,1431,347,2,Champions,1
12648,Germany,2011-07-08 11:55:00,2011-07-08 11:55:00,155,1,318.05,318.05,160,0,3,At Risk,4
12649,Germany,2011-05-11 14:37:00,2011-08-24 14:41:00,108,3,623.51,207.84,586,105,0,Loyal Customers,2
12650,France,2011-12-06 16:34:00,2011-12-06 16:34:00,4,1,314.44,314.44,254,0,1,Potential Loyalists,3
12651,France,2011-01-09 12:46:00,2011-01-09 12:46:00,335,1,114.0,114.0,78,0,3,At Risk,4
12652,France,2011-01-12 15:00:00,2011-01-12 15:00:00,332,1,919.98,919.98,505,0,3,At Risk,4
12653,Israel,2011-02-16 10:53:00,2011-07-14 10:41:00,149,2,2209.85,1104.92,919,148,0,Loyal Customers,2
12654,Germany,2011-02-17 13:16:00,2011-11-29 10:10:00,11,5,601.98,120.4,264,285,1,Potential Loyalists,3
12656,France,2011-04-20 09:20:00,2011-11-22 13:42:00,18,5,4051.17,810.23,1723,216,2,Champions,1
12657,France,2011-09-22 11:40:00,2011-11-28 15:47:00,12,4,1643.18,410.8,1044,67,0,Loyal Customers,2
12658,Germany,2011-11-21 10:22:00,2011-11-21 10:22:00,19,1,686.05,686.05,320,0,1,Potential Loyalists,3
12659,France,2011-11-10 11:53:00,2011-11-10 11:53:00,30,1,91.68,91.68,105,0,1,Potential Loyalists,3
12660,France,2011-11-28 13:26:00,2011-11-28 13:26:00,12,1,245.1,245.1,127,0,1,Potential Loyalists,3
12662,Germany,2010-12-01 13:04:00,2011-12-09 11:59:00,1,11,3849.78,349.98,2058,373,2,Champions,1
12664,Finland,2011-01-21 11:42:00,2011-12-01 17:07:00,9,9,4881.88,542.43,1203,314,2,Champions,1
12665,Germany,2011-01-19 08:34:00,2011-01-19 08:34:00,325,1,63.0,63.0,37,0,3,At Risk,4
12667,Finland,2011-10-12 17:00:00,2011-10-12 17:00:00,59,1,620.13,620.13,395,0,3,At Risk,4
12668,Germany,2010-12-19 12:46:00,2011-11-28 10:56:00,12,4,3807.15,951.79,1634,344,2,Champions,1
12669,France,2011-03-28 10:15:00,2011-07-12 09:54:00,151,3,2744.03,914.68,1115,106,0,Loyal Customers,2
12670,France,2011-04-21 10:16:00,2011-11-29 15:23:00,11,5,2996.05,599.21,1397,222,2,Champions,1
12672,France,2011-01-14 09:20:00,2011-01-14 09:20:00,330,1,225.9,225.9,78,0,3,At Risk,4
12673,Germany,2011-01-17 11:46:00,2011-12-04 13:55:00,6,2,610.52,305.26,351,321,1,Potential Loyalists,3
12674,France,2011-05-16 09:10:00,2011-11-01 12:12:00,39,4,1970.6,492.65,1133,169,0,Loyal Customers,2
12676,Sweden,2011-02-01 15:41:00,2011-11-15 12:25:00,25,6,1331.39,221.9,670,287,0,Loyal Customers,2
12678,France,2010-12-21 11:00:00,2011-10-28 13:04:00,43,12,17628.46,1469.04,10923,311,2,Champions,1
12679,France,2011-03-01 12:26:00,2011-10-12 12:30:00,59,4,1113.02,278.26,554,225,0,Loyal Customers,2
12680,France,2011-08-18 15:44:00,2011-12-09 12:50:00,1,4,862.81,215.7,443,113,1,Potential Loyalists,3
12681,France,2010-12-07 10:08:00,2011-11-25 11:33:00,15,22,13787.54,626.71,7536,353,2,Champions,1
12682,France,2010-12-03 13:59:00,2011-12-06 10:00:00,4,31,12279.82,396.12,5555,368,2,Champions,1
12683,France,2010-12-09 10:37:00,2011-12-05 16:31:00,5,15,8476.57,565.1,4987,361,2,Champions,1
12684,France,2011-05-10 12:55:00,2011-12-02 09:53:00,8,7,2283.63,326.23,1985,206,2,Champions,1
12685,France,2011-09-07 10:28:00,2011-11-11 13:46:00,29,6,2863.08,477.18,1523,65,0,Loyal Customers,2
12686,France,2010-12-03 09:51:00,2010-12-03 09:51:00,372,1,89.14,89.14,107,0,3,At Risk,4
12688,Israel,2011-08-18 08:49:00,2011-08-18 08:49:00,114,1,4873.81,4873.81,3028,0,0,Loyal Customers,2
12689,France,2011-08-04 10:04:00,2011-11-14 08:31:00,26,2,1247.61,623.8,628,102,0,Loyal Customers,2
12690,France,2011-05-18 09:09:00,2011-05-18 09:09:00,206,1,389.01,389.01,106,0,3,At Risk,4
12691,France,2010-12-17 14:46:00,2011-11-11 16:49:00,29,6,1035.8,172.63,394,329,0,Loyal Customers,2
12693,Germany,2011-01-24 12:58:00,2011-08-04 17:51:00,128,4,855.91,213.98,255,192,0,Loyal Customers,2
12694,France,2011-06-09 17:48:00,2011-09-30 13:06:00,71,2,869.67,434.84,509,113,0,Loyal Customers,2
12695,France,2011-05-13 13:15:00,2011-12-02 13:22:00,8,4,582.1,145.52,220,203,1,Potential Loyalists,3
12697,Sweden,2011-06-23 15:44:00,2011-11-11 08:47:00,29,3,957.59,319.2,508,141,0,Loyal Customers,2
12700,France,2011-05-08 16:10:00,2011-12-02 10:47:00,8,4,4939.99,1235.0,2967,208,2,Champions,1
12701,Germany,2011-04-11 13:02:00,2011-09-21 10:47:00,80,2,797.71,398.86,678,163,0,Loyal Customers,2
12702,Germany,2011-11-20 10:36:00,2011-11-20 10:36:00,20,1,219.0,219.0,53,0,1,Potential Loyalists,3
12703,Germany,2011-09-29 17:52:00,2011-09-29 17:52:00,72,1,283.55,283.55,164,0,3,At Risk,4
12704,Finland,2011-06-23 10:20:00,2011-12-02 13:15:00,8,8,2340.84,292.6,1006,162,2,Champions,1
12705,Germany,2010-12-17 15:58:00,2011-11-24 13:17:00,16,9,6868.29,763.14,3997,342,2,Champions,1
12707,France,2011-02-21 08:38:00,2011-02-21 08:38:00,292,1,603.42,603.42,256,0,3,At Risk,4
12708,Germany,2010-12-06 10:43:00,2011-11-10 09:52:00,30,10,2712.91,271.29,1307,339,2,Champions,1
12709,Germany,2010-12-08 09:49:00,2011-11-24 15:38:00,16,15,9706.52,647.1,3912,351,2,Champions,1
12710,Germany,2011-05-22 14:05:00,2011-09-04 12:00:00,97,3,1149.02,383.01,851,105,0,Loyal Customers,2
12712,Germany,2010-12-03 14:30:00,2011-11-11 08:19:00,29,13,4396.13,338.16,1062,343,2,Champions,1
12713,Germany,2011-12-09 12:16:00,2011-12-09 12:16:00,1,1,848.55,848.55,508,0,1,Potential Loyalists,3
12714,France,2011-02-18 10:53:00,2011-11-30 15:43:00,10,5,4708.86,941.77,3069,285,2,Champions,1
12715,Sweden,2011-08-25 15:22:00,2011-08-25 15:22:00,107,1,343.36,343.36,192,0,3,At Risk,4
12716,France,2011-07-29 13:28:00,2011-12-06 08:55:00,4,2,1053.49,526.74,708,130,1,Potential Loyalists,3
12717,Greece,2011-04-08 10:32:00,2011-07-11 14:47:00,152,2,1030.98,515.49,506,94,0,Loyal Customers,2
12718,France,2011-09-29 16:38:00,2011-09-29 16:38:00,72,1,238.25,238.25,203,0,3,At Risk,4
12719,France,2011-10-05 14:50:00,2011-12-04 13:45:00,6,2,644.95,322.48,374,60,1,Potential Loyalists,3
12720,Germany,2010-12-05 15:21:00,2011-12-07 08:03:00,3,25,5781.73,231.27,4672,367,2,Champions,1
12721,France,2010-12-20 11:38:00,2011-11-08 12:13:00,32,6,2656.13,442.69,1959,323,0,Loyal Customers,2
12722,France,2011-07-12 11:55:00,2011-09-15 14:50:00,86,4,997.63,249.41,566,65,0,Loyal Customers,2
12723,France,2011-10-05 15:52:00,2011-12-06 10:19:00,4,5,725.07,145.01,434,62,1,Potential Loyalists,3
12724,France,2011-01-11 15:00:00,2011-12-04 16:02:00,6,4,1031.41,257.85,445,327,1,Potential Loyalists,3
12725,Italy,2010-12-03 15:45:00,2010-12-03 15:45:00,372,1,427.8,427.8,164,0,3,At Risk,4
12726,France,2010-12-17 12:56:00,2011-11-11 13:35:00,29,7,2609.1,372.73,3143,329,0,Loyal Customers,2
12727,France,2011-01-23 15:17:00,2011-11-29 11:46:00,11,7,3980.7,568.67,2098,310,2,Champions,1
12728,France,2011-01-11 13:31:00,2011-09-29 15:31:00,72,4,836.33,209.08,419,261,0,Loyal Customers,2
12729,France,2011-08-18 11:40:00,2011-08-18 11:40:00,114,1,453.01,453.01,233,0,3,At Risk,4
12731,France,2010-12-10 10:56:00,2011-11-16 11:59:00,24,12,18895.91,1574.66,8437,341,2,Champions,1
12732,France,2011-06-13 11:33:00,2011-06-13 11:33:00,180,1,236.26,236.26,111,0,3,At Risk,4
12733,USA,2011-04-19 16:19:00,2011-04-19 16:19:00,235,1,383.95,383.95,137,0,3,At Risk,4
12734,France,2010-12-22 12:47:00,2010-12-22 12:47:00,353,1,110.4,110.4,88,0,3,At Risk,4
12735,France,2011-01-06 14:26:00,2011-01-28 13:37:00,316,2,779.57,389.78,368,22,3,At Risk,4
12736,France,2011-01-11 07:57:00,2011-01-11 07:57:00,333,1,234.0,234.0,173,0,3,At Risk,4
12738,Germany,2010-12-02 18:27:00,2010-12-02 18:27:00,373,1,155.35,155.35,148,0,3,At Risk,4
12739,United Arab Emirates,2011-09-01 17:45:00,2011-09-22 13:00:00,79,2,1013.04,506.52,486,21,0,Loyal Customers,2
12740,France,2011-10-07 10:44:00,2011-10-07 10:44:00,64,1,427.6,427.6,342,0,3,At Risk,4
12743,Unspecified,2011-07-28 16:06:00,2011-07-28 16:21:00,135,2,540.13,270.06,315,0,3,At Risk,4
12744,Singapore,2011-01-25 13:26:00,2011-10-19 11:18:00,52,7,21279.29,3039.9,5241,267,2,Champions,1
12747,United Kingdom,2010-12-05 15:38:00,2011-12-07 14:34:00,3,11,4196.01,381.46,1275,367,2,Champions,1
12748,United Kingdom,2010-12-01 12:48:00,2011-12-09 12:20:00,1,209,33053.19,158.15,25287,373,2,Champions,1
12749,United Kingdom,2011-05-10 15:25:00,2011-12-06 09:56:00,4,5,4090.88,818.18,1471,210,2,Champions,1
12750,Poland,2011-08-03 09:13:00,2011-08-03 09:13:00,129,1,275.88,275.88,137,0,3,At Risk,4
12752,Norway,2011-09-19 13:32:00,2011-09-19 13:32:00,82,1,4366.78,4366.78,2262,0,0,Loyal Customers,2
12753,Japan,2010-12-12 11:44:00,2011-11-17 10:52:00,23,6,21429.39,3571.56,11421,340,2,Champions,1
12754,Japan,2011-02-04 10:31:00,2011-04-18 09:00:00,236,3,3010.74,1003.58,6481,73,0,Loyal Customers,2
12755,Japan,2010-12-09 10:44:00,2011-03-04 12:42:00,281,2,3811.95,1905.98,1491,85,0,Loyal Customers,2
12756,Japan,2011-09-14 09:31:00,2011-09-14 09:31:00,87,1,112.08,112.08,144,0,3,At Risk,4
12757,Portugal,2011-05-12 19:01:00,2011-11-24 12:30:00,16,13,7834.65,602.67,2395,196,2,Champions,1
12758,Portugal,2011-03-08 12:05:00,2011-08-15 10:22:00,117,2,2791.59,1395.8,2135,160,0,Loyal Customers,2
12759,Netherlands,2011-03-09 08:09:00,2011-10-18 14:49:00,53,3,1531.44,510.48,902,223,0,Loyal Customers,2
12762,Portugal,2011-11-14 14:23:00,2011-12-02 10:23:00,8,2,1898.52,949.26,1227,18,1,Potential Loyalists,3
12763,Japan,2010-12-05 15:46:00,2011-07-24 14:12:00,139,2,494.08,247.04,316,231,3,At Risk,4
12764,Lebanon,2011-01-27 10:19:00,2011-01-27 10:19:00,317,1,1693.88,1693.88,386,0,3,At Risk,4
12766,Portugal,2010-12-08 13:53:00,2011-12-06 08:46:00,4,7,6989.63,998.52,3646,363,2,Champions,1
12769,Brazil,2011-04-15 10:25:00,2011-04-15 10:25:00,239,1,1143.6,1143.6,356,0,3,At Risk,4
12770,Japan,2011-05-13 09:33:00,2011-05-13 09:33:00,211,1,1351.45,1351.45,743,0,3,At Risk,4
12772,Portugal,2011-10-11 09:19:00,2011-10-11 09:19:00,60,1,892.47,892.47,556,0,3,At Risk,4
12775,Netherlands,2011-02-01 13:45:00,2011-11-22 16:33:00,18,5,1386.04,277.21,877,294,0,Loyal Customers,2
12778,Netherlands,2011-01-31 14:35:00,2011-11-20 11:30:00,20,6,822.23,137.04,825,293,0,Loyal Customers,2
12779,Poland,2010-12-03 13:40:00,2011-11-02 11:43:00,38,8,3981.36,497.67,2024,334,2,Champions,1
12781,Czech Republic,2011-02-28 08:43:00,2011-10-07 10:37:00,64,2,826.74,413.37,671,221,0,Loyal Customers,2
12782,Portugal,2010-12-17 11:30:00,2011-12-05 09:16:00,5,5,2330.92,466.18,1086,353,2,Champions,1
12783,Portugal,2011-09-25 15:35:00,2011-12-07 15:56:00,3,6,2225.91,370.98,624,73,2,Champions,1
12784,Portugal,2011-11-24 12:53:00,2011-11-30 15:38:00,10,2,532.82,266.41,280,6,1,Potential Loyalists,3
12785,Portugal,2010-12-10 13:48:00,2010-12-10 13:48:00,365,1,311.95,311.95,131,0,3,At Risk,4
12787,Netherlands,2011-05-31 09:36:00,2011-11-30 08:44:00,10,3,463.66,154.55,261,183,1,Potential Loyalists,3
12789,Netherlands,2011-10-05 13:34:00,2011-10-05 13:34:00,66,1,91.85,91.85,4,0,3,At Risk,4
12790,Netherlands,2011-05-31 14:14:00,2011-05-31 14:14:00,193,1,324.92,324.92,166,0,3,At Risk,4
12791,Netherlands,2010-12-01 11:27:00,2010-12-01 11:27:00,374,1,192.6,192.6,97,0,3,At Risk,4
12792,Portugal,2011-03-28 11:36:00,2011-03-28 11:36:00,257,1,400.54,400.54,217,0,3,At Risk,4
12793,Portugal,2010-12-03 15:14:00,2011-01-09 12:12:00,335,2,545.48,272.74,295,37,3,At Risk,4
12794,Portugal,2011-09-02 12:01:00,2011-10-17 14:54:00,54,2,860.41,430.2,592,45,0,Loyal Customers,2
12795,Portugal,2011-11-21 10:27:00,2011-11-21 10:27:00,19,1,430.48,430.48,68,0,1,Potential Loyalists,3
12797,Portugal,2010-12-09 10:55:00,2010-12-09 10:55:00,366,1,254.03,254.03,118,0,3,At Risk,4
12798,Japan,2011-06-22 10:11:00,2011-11-29 15:52:00,11,3,6977.04,2325.68,5256,160,2,Champions,1
12802,Netherlands,2011-06-06 09:36:00,2011-06-06 09:36:00,187,1,427.58,427.58,314,0,3,At Risk,4
12808,Portugal,2010-12-06 10:27:00,2011-11-03 10:05:00,37,3,483.65,161.22,188,332,1,Potential Loyalists,3
12809,Portugal,2011-06-15 10:51:00,2011-06-15 10:51:00,178,1,489.31,489.31,220,0,3,At Risk,4
12811,Portugal,2011-02-28 15:39:00,2011-03-24 09:42:00,261,3,514.85,171.62,230,24,3,At Risk,4
12812,Japan,2011-10-26 09:54:00,2011-10-26 09:54:00,45,1,229.64,229.64,164,0,1,Potential Loyalists,3
12814,Poland,2011-08-30 12:11:00,2011-08-30 12:11:00,102,1,125.92,125.92,49,0,3,At Risk,4
12815,Poland,2011-05-25 13:34:00,2011-07-15 10:21:00,148,2,1063.46,531.73,379,51,0,Loyal Customers,2
12816,Poland,2011-06-16 13:24:00,2011-09-05 12:41:00,96,2,572.2,286.1,128,81,3,At Risk,4
12817,Austria,2011-03-03 16:28:00,2011-03-03 16:28:00,282,1,166.04,166.04,53,0,3,At Risk,4
12818,Austria,2011-03-23 12:06:00,2011-03-23 12:06:00,262,1,1542.08,1542.08,929,0,3,At Risk,4
12820,United Kingdom,2011-01-17 12:34:00,2011-12-06 15:12:00,4,4,942.34,235.58,722,323,1,Potential Loyalists,3
12821,United Kingdom,2011-05-09 15:51:00,2011-05-09 15:51:00,215,1,92.72,92.72,70,0,3,At Risk,4
12822,United Kingdom,2011-09-13 13:46:00,2011-09-30 10:04:00,71,2,948.88,474.44,550,17,0,Loyal Customers,2
12823,United Kingdom,2011-02-16 12:15:00,2011-09-26 07:35:00,75,5,1759.5,351.9,230,222,0,Loyal Customers,2
12824,United Kingdom,2011-10-11 12:49:00,2011-10-11 12:49:00,60,1,397.12,397.12,232,0,3,At Risk,4
12826,United Kingdom,2010-12-09 15:21:00,2011-12-07 10:25:00,3,7,1474.72,210.67,1058,363,2,Champions,1
12827,United Kingdom,2011-10-26 15:44:00,2011-12-04 12:17:00,6,3,430.15,143.38,197,39,1,Potential Loyalists,3
12828,United Kingdom,2011-08-01 16:16:00,2011-12-07 08:45:00,3,6,1018.71,169.78,494,128,2,Champions,1
12829,United Kingdom,2010-12-14 14:54:00,2011-01-07 11:13:00,337,2,293.0,146.5,376,24,3,At Risk,4
12830,United Kingdom,2011-06-21 10:53:00,2011-11-02 11:54:00,38,6,6814.64,1135.77,9848,134,0,Loyal Customers,2
12831,United Kingdom,2011-03-22 13:02:00,2011-03-22 13:02:00,263,1,215.05,215.05,135,0,3,At Risk,4
12832,United Kingdom,2011-09-02 13:48:00,2011-11-07 13:30:00,33,2,383.03,191.52,195,66,1,Potential Loyalists,3
12833,United Kingdom,2011-07-17 13:46:00,2011-07-17 13:46:00,146,1,417.38,417.38,156,0,3,At Risk,4
12834,United Kingdom,2011-03-02 09:49:00,2011-03-02 09:49:00,283,1,312.38,312.38,110,0,3,At Risk,4
12836,United Kingdom,2011-02-01 11:19:00,2011-10-11 15:10:00,60,4,2610.36,652.59,1062,252,0,Loyal Customers,2
12837,United Kingdom,2011-06-19 16:07:00,2011-06-19 16:07:00,174,1,134.1,134.1,24,0,3,At Risk,4
12838,United Kingdom,2010-12-01 11:57:00,2011-11-06 12:20:00,34,2,671.95,335.98,355,340,1,Potential Loyalists,3
12839,United Kingdom,2010-12-07 15:48:00,2011-12-07 12:33:00,3,14,5591.42,399.39,3807,365,2,Champions,1
12840,United Kingdom,2011-04-27 12:21:00,2011-07-19 09:29:00,144,4,2726.77,681.69,1511,83,0,Loyal Customers,2
12841,United Kingdom,2010-12-03 10:43:00,2011-12-05 11:13:00,5,25,3991.58,159.66,2720,367,2,Champions,1
12842,United Kingdom,2011-02-04 12:36:00,2011-09-30 15:33:00,71,2,1118.99,559.5,547,238,0,Loyal Customers,2
12843,United Kingdom,2011-03-20 14:38:00,2011-10-05 12:09:00,66,8,1702.26,212.78,781,199,0,Loyal Customers,2
12844,United Kingdom,2011-08-01 13:11:00,2011-11-10 13:31:00,30,2,325.96,162.98,125,101,1,Potential Loyalists,3
12845,United Kingdom,2011-02-22 14:10:00,2011-03-17 13:34:00,268,4,354.09,88.52,204,23,3,At Risk,4
12847,United Kingdom,2011-11-17 13:16:00,2011-11-17 13:16:00,23,1,843.64,843.64,873,0,1,Potential Loyalists,3
12849,United Kingdom,2011-03-16 12:26:00,2011-11-08 13:41:00,32,2,1010.29,505.14,597,237,0,Loyal Customers,2
12851,United Kingdom,2011-09-04 12:41:00,2011-09-04 12:41:00,97,1,131.81,131.81,106,0,3,At Risk,4
12852,United Kingdom,2011-02-18 08:47:00,2011-02-18 08:47:00,295,1,311.55,311.55,149,0,3,At Risk,4
12853,United Kingdom,2011-01-28 10:28:00,2011-07-28 11:29:00,135,6,1957.1,326.18,800,181,0,Loyal Customers,2
12854,United Kingdom,2011-01-25 13:35:00,2011-09-22 12:15:00,79,3,1316.25,438.75,626,240,0,Loyal Customers,2
12855,United Kingdom,2010-12-02 09:37:00,2010-12-02 09:37:00,373,1,38.1,38.1,30,0,3,At Risk,4
12856,United Kingdom,2011-10-07 12:38:00,2011-12-02 10:52:00,8,6,2170.78,361.8,1076,56,2,Champions,1
12857,United Kingdom,2011-02-10 12:32:00,2011-05-13 10:20:00,211,2,1106.4,553.2,343,92,3,At Risk,4
12863,United Kingdom,2011-10-18 14:15:00,2011-10-18 14:15:00,53,1,521.2,521.2,188,0,1,Potential Loyalists,3
12864,United Kingdom,2011-07-24 13:03:00,2011-07-24 13:03:00,139,1,147.12,147.12,216,0,3,At Risk,4
12865,Austria,2011-08-08 10:11:00,2011-11-13 14:31:00,27,2,1568.23,784.12,925,97,0,Loyal Customers,2
12866,Belgium,2011-03-01 14:11:00,2011-03-01 14:11:00,284,1,559.12,559.12,171,0,3,At Risk,4
12867,United Kingdom,2010-12-14 16:39:00,2011-11-13 15:30:00,27,7,4009.34,572.76,4284,334,2,Champions,1
12868,United Kingdom,2010-12-01 12:50:00,2011-06-07 10:42:00,186,6,1607.06,267.84,928,188,0,Loyal Customers,2
12871,United Kingdom,2011-05-16 13:32:00,2011-09-16 15:07:00,85,2,380.64,190.32,200,123,3,At Risk,4
12872,United Kingdom,2010-12-09 14:44:00,2011-01-17 10:52:00,327,2,599.97,299.98,319,39,3,At Risk,4
12873,United Kingdom,2011-03-02 14:58:00,2011-03-02 14:58:00,283,1,374.0,374.0,128,0,3,At Risk,4
12875,United Kingdom,2010-12-12 12:03:00,2011-07-19 15:30:00,144,2,343.23,171.62,2019,219,3,At Risk,4
12876,Belgium,2011-05-27 13:34:00,2011-10-13 12:26:00,58,2,2218.02,1109.01,1941,139,0,Loyal Customers,2
12877,United Kingdom,2010-12-16 12:23:00,2011-12-06 10:30:00,4,12,1535.77,127.98,1178,355,2,Champions,1
12878,United Kingdom,2011-03-18 14:02:00,2011-04-17 13:07:00,237,2,854.99,427.5,547,30,3,At Risk,4
12879,United Kingdom,2011-09-09 12:11:00,2011-10-26 12:24:00,45,3,573.22,191.07,370,47,0,Loyal Customers,2
12881,United Kingdom,2011-03-09 11:44:00,2011-03-09 11:44:00,276,1,298.0,298.0,21,0,3,At Risk,4
12882,United Kingdom,2011-11-06 11:22:00,2011-11-30 16:18:00,10,2,1463.04,731.52,246,24,1,Potential Loyalists,3
12883,United Kingdom,2011-09-11 15:18:00,2011-11-15 09:32:00,25,4,703.47,175.87,196,65,0,Loyal Customers,2
12884,United Kingdom,2011-09-12 13:10:00,2011-09-12 13:10:00,89,1,309.05,309.05,43,0,3,At Risk,4
12885,United Kingdom,2011-08-08 11:45:00,2011-10-07 13:40:00,64,3,1175.22,391.74,655,60,0,Loyal Customers,2
12886,United Kingdom,2011-05-04 11:21:00,2011-10-03 10:09:00,68,2,1378.4,689.2,770,152,0,Loyal Customers,2
12888,United Kingdom,2011-03-29 14:31:00,2011-05-09 16:02:00,215,2,354.12,177.06,76,41,3,At Risk,4
12890,United Kingdom,2011-11-15 17:26:00,2011-11-15 17:26:00,25,1,376.72,376.72,256,0,1,Potential Loyalists,3
12891,United Kingdom,2011-02-20 11:28:00,2011-06-07 12:31:00,186,3,331.0,110.33,950,107,3,At Risk,4
12893,United Kingdom,2011-11-09 12:34:00,2011-11-09 12:34:00,31,1,176.55,176.55,90,0,1,Potential Loyalists,3
12895,United Kingdom,2011-09-14 08:35:00,2011-10-28 13:51:00,43,2,372.8,186.4,210,44,1,Potential Loyalists,3
12897,United Kingdom,2011-02-11 11:40:00,2011-05-19 12:13:00,205,2,216.5,108.25,110,97,3,At Risk,4
12901,United Kingdom,2011-03-14 10:41:00,2011-12-01 10:07:00,9,28,17654.54,630.52,23075,262,2,Champions,1
12902,United Kingdom,2011-03-20 12:06:00,2011-03-20 12:06:00,265,1,138.68,138.68,66,0,3,At Risk,4
12904,United Kingdom,2011-06-20 13:18:00,2011-11-21 14:34:00,19,2,496.06,248.03,294,154,1,Potential Loyalists,3
12906,United Kingdom,2011-09-22 15:03:00,2011-11-28 09:55:00,12,5,2919.81,583.96,1749,67,2,Champions,1
12908,United Kingdom,2011-01-31 12:37:00,2011-06-16 15:39:00,177,2,750.0,375.0,1200,136,3,At Risk,4
12909,United Kingdom,2011-03-31 12:51:00,2011-10-31 12:43:00,40,5,2178.67,435.73,1280,214,0,Loyal Customers,2
12910,United Kingdom,2011-04-12 10:01:00,2011-11-16 14:28:00,24,8,3075.04,384.38,1692,218,2,Champions,1
12912,United Kingdom,2011-10-30 11:35:00,2011-12-07 08:55:00,3,5,1662.3,332.46,670,38,2,Champions,1
12913,United Kingdom,2010-12-06 16:36:00,2011-12-05 12:11:00,5,5,2483.63,496.73,1419,364,2,Champions,1
12915,United Kingdom,2010-12-02 12:33:00,2011-07-14 11:34:00,149,2,363.65,181.82,93,224,3,At Risk,4
12916,United Kingdom,2011-01-23 10:43:00,2011-07-24 10:35:00,139,4,2944.95,736.24,1083,182,0,Loyal Customers,2
12917,United Kingdom,2011-08-03 16:42:00,2011-08-03 16:42:00,129,1,594.0,594.0,120,0,3,At Risk,4
12919,United Kingdom,2011-06-23 09:22:00,2011-12-01 13:47:00,9,6,1335.19,222.53,673,161,2,Champions,1
12920,United Kingdom,2011-11-22 15:05:00,2011-11-22 15:05:00,18,1,162.78,162.78,128,0,1,Potential Loyalists,3
12921,United Kingdom,2010-12-01 15:06:00,2011-11-30 16:22:00,10,37,16587.09,448.3,9526,364,2,Champions,1
12922,United Kingdom,2011-07-01 15:35:00,2011-07-01 15:35:00,162,1,405.38,405.38,370,0,3,At Risk,4
12923,United Kingdom,2011-10-06 16:20:00,2011-10-06 16:20:00,65,1,172.82,172.82,68,0,3,At Risk,4
12924,United Kingdom,2011-01-16 11:49:00,2011-09-12 13:55:00,89,4,933.7,233.42,481,239,0,Loyal Customers,2
12925,United Kingdom,2011-09-26 11:05:00,2011-12-05 11:11:00,5,2,694.05,347.02,541,70,1,Potential Loyalists,3
12928,United Kingdom,2010-12-15 15:45:00,2011-11-04 14:24:00,36,5,2062.7,412.54,1472,324,0,Loyal Customers,2
12929,United Kingdom,2011-02-01 12:08:00,2011-02-01 12:08:00,312,1,117.85,117.85,37,0,3,At Risk,4
12930,United Kingdom,2011-06-21 13:25:00,2011-09-22 15:18:00,79,2,415.8,207.9,252,93,3,At Risk,4
12931,United Kingdom,2010-12-17 09:45:00,2011-11-18 12:39:00,22,15,42055.96,2803.73,28004,336,2,Champions,1
12933,United Kingdom,2011-03-01 11:30:00,2011-11-15 16:38:00,25,3,607.53,202.51,499,259,1,Potential Loyalists,3
12935,United Kingdom,2011-01-24 13:58:00,2011-12-07 17:25:00,3,7,2160.7,308.67,1853,317,2,Champions,1
12936,United Kingdom,2011-09-22 13:51:00,2011-11-22 17:32:00,18,4,1063.9,265.98,559,61,0,Loyal Customers,2
12937,United Kingdom,2011-03-17 14:19:00,2011-11-24 15:05:00,16,4,1504.27,376.07,1007,252,0,Loyal Customers,2
12938,United Kingdom,2011-11-14 11:21:00,2011-11-14 11:21:00,26,1,114.14,114.14,140,0,1,Potential Loyalists,3
12939,United Kingdom,2011-01-09 11:20:00,2011-10-06 14:33:00,65,8,11581.8,1447.72,4876,270,2,Champions,1
12940,United Kingdom,2011-09-13 10:16:00,2011-10-16 12:09:00,55,2,899.69,449.84,404,33,0,Loyal Customers,2
12942,United Kingdom,2010-12-09 09:34:00,2011-07-31 14:39:00,132,3,675.6,225.2,198,234,0,Loyal Customers,2
12944,United Kingdom,2010-12-20 10:41:00,2011-11-04 11:04:00,36,2,604.51,302.26,289,319,1,Potential Loyalists,3
12945,United Kingdom,2011-02-24 14:15:00,2011-02-24 14:15:00,289,1,462.95,462.95,165,0,3,At Risk,4
12947,United Kingdom,2010-12-01 16:21:00,2011-07-19 10:06:00,144,6,1603.99,267.33,1165,230,0,Loyal Customers,2
12948,United Kingdom,2011-03-20 10:17:00,2011-11-23 17:10:00,17,7,2064.95,294.99,1080,248,2,Champions,1
12949,United Kingdom,2011-04-01 13:20:00,2011-11-09 11:25:00,31,8,4167.22,520.9,2381,222,2,Champions,1
12950,United Kingdom,2011-11-15 13:48:00,2011-12-07 13:17:00,3,3,1843.0,614.33,1380,22,1,Potential Loyalists,3
12951,United Kingdom,2011-01-13 10:33:00,2011-12-01 12:14:00,9,6,1064.07,177.34,503,322,2,Champions,1
12952,United Kingdom,2011-09-22 16:37:00,2011-12-04 10:35:00,6,4,1387.79,346.95,653,73,1,Potential Loyalists,3
12953,United Kingdom,2011-11-30 09:24:00,2011-11-30 09:24:00,10,1,329.85,329.85,84,0,1,Potential Loyalists,3
12955,United Kingdom,2011-03-17 09:03:00,2011-12-08 16:29:00,2,11,4757.16,432.47,3664,266,2,Champions,1
12956,United Kingdom,2011-02-06 16:08:00,2011-02-06 16:08:00,307,1,108.07,108.07,34,0,3,At Risk,4
12957,United Kingdom,2011-01-04 12:18:00,2011-11-30 09:53:00,10,8,4017.54,502.19,2549,330,2,Champions,1
12962,United Kingdom,2011-08-18 13:38:00,2011-12-02 15:55:00,8,2,266.39,133.2,129,106,1,Potential Loyalists,3
12963,United Kingdom,2010-12-09 09:14:00,2011-12-01 12:55:00,9,8,1856.63,232.08,881,357,2,Champions,1
12965,United Kingdom,2011-09-11 15:31:00,2011-09-11 15:31:00,90,1,769.81,769.81,282,0,3,At Risk,4
12966,United Kingdom,2011-11-30 12:38:00,2011-11-30 12:38:00,10,1,160.18,160.18,75,0,1,Potential Loyalists,3
12967,United Kingdom,2010-12-03 09:49:00,2010-12-16 19:10:00,359,2,1660.9,830.45,438,13,3,At Risk,4
12968,United Kingdom,2011-08-19 15:44:00,2011-08-19 15:44:00,113,1,135.95,135.95,73,0,3,At Risk,4
12970,United Kingdom,2011-01-21 14:04:00,2011-12-02 14:30:00,8,4,405.47,101.37,268,315,1,Potential Loyalists,3
12971,United Kingdom,2010-12-02 16:42:00,2011-12-06 12:20:00,4,86,11189.91,130.12,9289,369,2,Champions,1
12974,United Kingdom,2011-05-26 09:33:00,2011-05-26 09:33:00,198,1,144.8,144.8,24,0,3,At Risk,4
12976,United Kingdom,2011-05-12 09:55:00,2011-05-12 09:55:00,212,1,738.6,738.6,561,0,3,At Risk,4
12977,United Kingdom,2011-07-06 16:40:00,2011-07-06 16:40:00,157,1,39.24,39.24,12,0,3,At Risk,4
12980,United Kingdom,2010-12-16 11:36:00,2011-07-05 09:34:00,158,9,7374.9,819.43,886,201,0,Loyal Customers,2
12981,United Kingdom,2011-07-29 14:14:00,2011-11-10 12:00:00,30,2,372.22,186.11,242,104,1,Potential Loyalists,3
12982,United Kingdom,2011-04-11 11:51:00,2011-04-11 11:51:00,243,1,390.54,390.54,288,0,3,At Risk,4
12984,United Kingdom,2011-11-21 12:37:00,2011-11-21 12:37:00,19,1,97.5,97.5,26,0,1,Potential Loyalists,3
12985,United Kingdom,2011-11-11 12:44:00,2011-12-09 10:46:00,1,2,1239.38,619.69,1533,28,1,Potential Loyalists,3
12987,United Kingdom,2011-05-26 12:00:00,2011-09-27 12:03:00,74,2,558.7,279.35,219,124,3,At Risk,4
12988,United Kingdom,2011-02-20 14:31:00,2011-02-20 14:31:00,293,1,505.82,505.82,126,0,3,At Risk,4
12989,United Kingdom,2010-12-10 13:24:00,2011-12-06 15:28:00,4,15,6924.11,461.61,2943,361,2,Champions,1
12990,United Kingdom,2011-02-02 15:39:00,2011-11-08 13:01:00,32,3,409.5,136.5,200,279,1,Potential Loyalists,3
12991,United Kingdom,2011-08-19 14:39:00,2011-11-16 15:34:00,24,2,503.76,251.88,405,89,1,Potential Loyalists,3
12993,United Kingdom,2011-02-14 14:29:00,2011-11-16 15:49:00,24,4,414.76,103.69,240,275,1,Potential Loyalists,3
12994,United Kingdom,2011-03-16 08:31:00,2011-12-05 15:43:00,5,3,974.42,324.81,459,264,1,Potential Loyalists,3
12995,United Kingdom,2011-09-15 15:44:00,2011-09-15 15:44:00,86,1,211.32,211.32,108,0,3,At Risk,4
12997,United Kingdom,2011-01-26 15:49:00,2011-11-17 15:47:00,23,4,1226.89,306.72,664,295,0,Loyal Customers,2
12999,United Kingdom,2011-04-08 10:26:00,2011-05-27 13:24:00,197,3,455.88,151.96,342,49,3,At Risk,4
13000,United Kingdom,2010-12-10 10:26:00,2011-08-25 10:43:00,107,3,534.85,178.28,379,258,0,Loyal Customers,2
13001,United Kingdom,2011-01-17 12:45:00,2011-12-05 14:51:00,5,13,9785.97,752.77,5490,322,2,Champions,1
13002,United Kingdom,2011-01-25 15:18:00,2011-01-25 15:18:00,319,1,120.95,120.95,73,0,3,At Risk,4
13003,United Kingdom,2011-05-09 08:23:00,2011-08-26 10:50:00,106,3,149.05,49.68,103,109,3,At Risk,4
13004,United Kingdom,2010-12-17 08:20:00,2011-11-28 11:27:00,12,18,5655.91,314.22,4822,346,2,Champions,1
13005,United Kingdom,2011-04-07 13:32:00,2011-06-19 10:53:00,174,2,513.7,256.85,172,73,3,At Risk,4
13006,United Kingdom,2011-10-14 13:49:00,2011-10-14 13:49:00,57,1,81.57,81.57,55,0,3,At Risk,4
13008,United Kingdom,2011-01-20 14:24:00,2011-01-20 14:24:00,324,1,229.47,229.47,175,0,3,At Risk,4
13011,United Kingdom,2010-12-02 17:22:00,2010-12-02 17:22:00,373,1,50.55,50.55,13,0,3,At Risk,4
13012,United Kingdom,2011-02-18 09:43:00,2011-11-30 13:05:00,10,8,1646.84,205.86,820,285,2,Champions,1
13013,United Kingdom,2010-12-03 12:28:00,2011-12-08 15:01:00,2,13,4810.94,370.07,2224,370,2,Champions,1
13014,United Kingdom,2011-03-03 18:28:00,2011-11-29 12:27:00,11,10,3466.28,346.63,905,271,2,Champions,1
13015,United Kingdom,2011-04-04 14:28:00,2011-10-17 13:19:00,54,5,3339.64,667.93,1609,196,0,Loyal Customers,2
13016,United Kingdom,2011-08-08 15:00:00,2011-09-27 14:08:00,74,3,789.89,263.3,527,50,0,Loyal Customers,2
13017,United Kingdom,2011-12-02 15:53:00,2011-12-02 15:53:00,8,1,204.0,204.0,48,0,1,Potential Loyalists,3
13018,United Kingdom,2011-02-17 11:05:00,2011-11-23 13:28:00,17,28,7277.7,259.92,5435,279,2,Champions,1
13021,United Kingdom,2010-12-16 10:12:00,2011-12-05 16:37:00,5,9,2616.38,290.71,1352,354,2,Champions,1
13023,United Kingdom,2011-08-02 09:34:00,2011-10-06 16:27:00,65,2,689.9,344.95,286,65,0,Loyal Customers,2
13026,United Kingdom,2011-03-09 11:35:00,2011-12-08 16:58:00,2,5,975.36,195.07,1620,274,2,Champions,1
13027,United Kingdom,2010-12-20 12:45:00,2011-08-18 09:39:00,114,6,6912.0,1152.0,17280,241,0,Loyal Customers,2
13028,United Kingdom,2011-10-25 14:09:00,2011-11-17 11:10:00,23,2,661.32,330.66,798,23,1,Potential Loyalists,3
13029,United Kingdom,2010-12-21 13:53:00,2011-11-09 09:13:00,31,3,1247.5,415.83,134,323,0,Loyal Customers,2
13030,United Kingdom,2010-12-06 14:31:00,2011-11-28 14:30:00,12,2,752.44,376.22,348,357,1,Potential Loyalists,3
13032,United Kingdom,2011-09-13 16:40:00,2011-10-18 15:54:00,53,2,1010.18,505.09,375,35,0,Loyal Customers,2
13033,United Kingdom,2010-12-17 14:23:00,2010-12-17 14:23:00,358,1,190.55,190.55,83,0,3,At Risk,4
13034,United Kingdom,2010-12-05 14:52:00,2011-10-16 12:21:00,55,2,642.77,321.38,369,315,0,Loyal Customers,2
13035,United Kingdom,2011-03-24 09:21:00,2011-09-27 08:57:00,74,2,921.88,460.94,644,187,0,Loyal Customers,2
13037,United Kingdom,2011-03-28 15:42:00,2011-07-24 15:46:00,139,3,881.07,293.69,431,118,0,Loyal Customers,2
13038,United Kingdom,2011-02-22 11:43:00,2011-09-20 14:37:00,81,3,908.46,302.82,360,210,0,Loyal Customers,2
13040,United Kingdom,2011-11-06 13:53:00,2011-12-01 10:38:00,9,2,676.99,338.5,355,25,1,Potential Loyalists,3
13043,United Kingdom,2011-03-11 14:52:00,2011-03-11 14:52:00,274,1,516.42,516.42,254,0,3,At Risk,4
13044,United Kingdom,2011-02-21 15:20:00,2011-02-21 15:20:00,292,1,560.47,560.47,429,0,3,At Risk,4
13045,United Kingdom,2011-09-01 15:04:00,2011-09-01 15:04:00,100,1,305.28,305.28,221,0,3,At Risk,4
13046,United Kingdom,2011-03-18 15:43:00,2011-11-09 08:36:00,31,2,629.31,314.65,264,236,1,Potential Loyalists,3
13047,United Kingdom,2010-12-01 08:34:00,2011-11-08 12:06:00,32,10,3237.54,323.75,1391,342,2,Champions,1
13048,United Kingdom,2011-01-16 14:36:00,2011-11-25 13:23:00,15,4,1819.41,454.85,1228,313,0,Loyal Customers,2
13049,United Kingdom,2011-01-25 16:33:00,2011-10-06 15:31:00,65,2,656.68,328.34,268,254,0,Loyal Customers,2
13050,United Kingdom,2010-12-08 09:30:00,2011-11-25 09:18:00,15,17,5836.86,343.34,3748,352,2,Champions,1
13052,United Kingdom,2011-05-11 14:12:00,2011-05-11 14:12:00,213,1,348.15,348.15,222,0,3,At Risk,4
13055,United Kingdom,2011-05-10 08:58:00,2011-09-22 14:26:00,79,3,1214.41,404.8,894,135,0,Loyal Customers,2
13058,United Kingdom,2011-07-11 12:01:00,2011-11-15 12:43:00,25,3,271.4,90.47,52,127,1,Potential Loyalists,3
13059,United Kingdom,2011-04-04 10:40:00,2011-04-04 10:40:00,250,1,183.4,183.4,35,0,3,At Risk,4
13060,United Kingdom,2011-03-31 11:37:00,2011-03-31 11:37:00,254,1,307.53,307.53,123,0,3,At Risk,4
13061,United Kingdom,2011-09-28 16:04:00,2011-09-28 16:04:00,73,1,248.61,248.61,107,0,3,At Risk,4
13062,United Kingdom,2011-06-01 15:12:00,2011-06-01 15:12:00,192,1,346.98,346.98,343,0,3,At Risk,4
13064,United Kingdom,2011-01-16 13:41:00,2011-11-27 12:31:00,13,4,1105.59,276.4,514,315,0,Loyal Customers,2
13065,United Kingdom,2010-12-01 16:52:00,2010-12-01 16:52:00,374,1,205.86,205.86,74,0,3,At Risk,4
13066,United Kingdom,2011-11-07 17:06:00,2011-11-15 12:57:00,25,2,470.8,235.4,322,8,1,Potential Loyalists,3
13067,United Kingdom,2011-09-18 13:38:00,2011-09-18 13:38:00,83,1,115.46,115.46,32,0,3,At Risk,4
13068,United Kingdom,2011-01-24 08:20:00,2011-11-29 15:00:00,11,2,344.0,172.0,200,309,1,Potential Loyalists,3
13069,United Kingdom,2010-12-05 11:02:00,2011-12-09 08:39:00,1,24,4431.44,184.64,5873,369,2,Champions,1
13070,United Kingdom,2011-05-31 13:45:00,2011-05-31 13:45:00,193,1,228.8,228.8,110,0,3,At Risk,4
13072,United Kingdom,2011-03-18 08:12:00,2011-03-18 08:12:00,267,1,177.15,177.15,69,0,3,At Risk,4
13075,United Kingdom,2011-08-02 10:19:00,2011-08-02 10:19:00,130,1,919.61,919.61,485,0,3,At Risk,4
13077,United Kingdom,2010-12-08 14:59:00,2011-12-08 19:24:00,2,4,728.02,182.0,862,365,1,Potential Loyalists,3
13078,United Kingdom,2010-12-08 09:07:00,2011-12-06 15:36:00,4,26,12627.94,485.69,5630,363,2,Champions,1
13079,United Kingdom,2011-07-22 14:41:00,2011-12-05 16:53:00,5,5,220.1,44.02,62,136,1,Potential Loyalists,3
13080,United Kingdom,2011-06-13 14:59:00,2011-06-13 14:59:00,180,1,58.08,58.08,120,0,3,At Risk,4
13081,United Kingdom,2010-12-03 17:20:00,2011-11-28 10:54:00,12,11,28337.38,2576.13,19068,360,2,Champions,1
13082,United Kingdom,2011-01-05 15:42:00,2011-08-05 16:16:00,127,9,3613.63,401.51,4324,212,0,Loyal Customers,2
13083,United Kingdom,2011-09-25 10:46:00,2011-12-05 15:01:00,5,2,303.75,151.88,187,71,1,Potential Loyalists,3
13085,United Kingdom,2011-02-17 13:57:00,2011-07-05 12:11:00,158,2,416.08,208.04,216,138,3,At Risk,4
13089,United Kingdom,2010-12-05 10:27:00,2011-12-07 09:02:00,3,97,58762.08,605.79,31025,367,2,Champions,1
13090,United Kingdom,2010-12-02 07:48:00,2011-12-01 12:39:00,9,14,8910.82,636.49,2263,364,2,Champions,1
13091,United Kingdom,2011-11-11 15:54:00,2011-11-11 15:54:00,29,1,345.82,345.82,466,0,1,Potential Loyalists,3
13092,United Kingdom,2010-12-15 12:27:00,2011-09-30 11:18:00,71,5,477.83,95.57,279,289,0,Loyal Customers,2
13093,United Kingdom,2010-12-01 15:00:00,2011-03-09 12:14:00,276,8,7832.47,979.06,3961,98,0,Loyal Customers,2
13094,United Kingdom,2010-12-06 10:34:00,2011-11-18 14:07:00,22,12,1927.32,160.61,1716,347,2,Champions,1
13095,United Kingdom,2011-09-30 12:03:00,2011-09-30 12:03:00,71,1,74.4,74.4,144,0,3,At Risk,4
13097,United Kingdom,2010-12-14 15:13:00,2011-11-07 10:43:00,33,10,6003.22,600.32,2360,328,2,Champions,1
13098,United Kingdom,2011-01-26 13:46:00,2011-12-08 14:14:00,2,28,28882.44,1031.52,15968,316,2,Champions,1
13099,United Kingdom,2011-09-01 17:40:00,2011-09-01 17:40:00,100,1,207.36,207.36,288,0,3,At Risk,4
13101,United Kingdom,2011-04-19 14:37:00,2011-04-19 14:37:00,235,1,101.19,101.19,113,0,3,At Risk,4
13102,United Kingdom,2010-12-09 13:38:00,2011-12-08 12:52:00,2,24,6424.09,267.67,4204,364,2,Champions,1
13103,United Kingdom,2011-10-31 09:38:00,2011-10-31 09:38:00,40,1,243.94,243.94,82,0,1,Potential Loyalists,3
13104,United Kingdom,2010-12-20 11:58:00,2011-12-06 13:10:00,4,6,1098.48,183.08,504,351,2,Champions,1
13106,United Kingdom,2011-07-29 15:12:00,2011-07-29 15:12:00,134,1,76.5,76.5,18,0,3,At Risk,4
13107,United Kingdom,2011-01-10 12:28:00,2011-10-26 14:52:00,45,4,1531.62,382.9,1293,289,0,Loyal Customers,2
13108,United Kingdom,2010-12-02 10:35:00,2010-12-02 10:35:00,373,1,350.06,350.06,298,0,3,At Risk,4
13109,United Kingdom,2011-07-05 14:56:00,2011-10-11 10:16:00,60,2,786.54,393.27,520,98,0,Loyal Customers,2
13110,United Kingdom,2011-02-01 15:24:00,2011-11-08 14:30:00,32,7,1488.67,212.67,388,280,0,Loyal Customers,2
13113,United Kingdom,2010-12-08 13:21:00,2011-12-09 12:49:00,1,24,12245.96,510.25,3045,366,2,Champions,1
13115,United Kingdom,2011-06-08 16:15:00,2011-11-28 12:38:00,12,4,2294.78,573.7,1567,173,0,Loyal Customers,2
13116,United Kingdom,2011-07-24 14:33:00,2011-07-24 14:33:00,139,1,501.14,501.14,291,0,3,At Risk,4
13117,United Kingdom,2010-12-02 13:11:00,2011-11-18 12:02:00,22,8,984.91,123.11,945,351,0,Loyal Customers,2
13118,United Kingdom,2011-02-24 12:32:00,2011-11-20 12:46:00,20,5,1197.81,239.56,410,269,0,Loyal Customers,2
13120,United Kingdom,2011-04-15 10:19:00,2011-04-15 10:19:00,239,1,30.6,30.6,12,0,3,At Risk,4
13121,United Kingdom,2011-03-15 16:47:00,2011-03-15 16:47:00,270,1,283.73,283.73,252,0,3,At Risk,4
13122,United Kingdom,2011-04-13 14:12:00,2011-09-06 15:53:00,95,2,922.39,461.2,585,146,0,Loyal Customers,2
13124,United Kingdom,2010-12-15 15:00:00,2011-09-11 12:45:00,90,3,3756.33,1252.11,2119,270,0,Loyal Customers,2
13126,United Kingdom,2010-12-08 11:42:00,2011-12-05 10:00:00,5,8,2099.64,262.46,2143,362,2,Champions,1
13127,United Kingdom,2011-09-23 10:26:00,2011-09-23 10:26:00,78,1,259.17,259.17,127,0,3,At Risk,4
13130,United Kingdom,2011-09-06 15:30:00,2011-09-06 15:30:00,95,1,64.0,64.0,32,0,3,At Risk,4
13131,United Kingdom,2011-06-05 10:54:00,2011-11-16 13:21:00,24,3,1073.3,357.77,447,164,0,Loyal Customers,2
13132,United Kingdom,2011-03-23 12:44:00,2011-03-23 12:44:00,262,1,77.3,77.3,20,0,3,At Risk,4
13133,United Kingdom,2011-02-08 15:48:00,2011-03-11 10:31:00,274,2,109.8,54.9,32,31,3,At Risk,4
13134,United Kingdom,2011-04-13 12:57:00,2011-09-15 10:35:00,86,4,1793.58,448.4,1059,155,0,Loyal Customers,2
13135,United Kingdom,2011-05-27 10:52:00,2011-05-27 10:52:00,197,1,3096.0,3096.0,4300,0,0,Loyal Customers,2
13136,United Kingdom,2011-05-11 12:47:00,2011-10-14 13:41:00,57,5,2607.61,521.52,1328,156,0,Loyal Customers,2
13137,United Kingdom,2011-02-04 11:54:00,2011-11-29 12:09:00,11,8,3603.29,450.41,2204,298,2,Champions,1
13138,United Kingdom,2010-12-02 15:03:00,2011-11-17 16:51:00,23,6,962.39,160.4,473,350,0,Loyal Customers,2
13139,United Kingdom,2011-03-25 11:57:00,2011-11-23 13:54:00,17,7,5064.94,723.56,2425,243,2,Champions,1
13140,United Kingdom,2010-12-08 15:12:00,2011-08-23 15:33:00,109,3,422.47,140.82,185,258,3,At Risk,4
13141,United Kingdom,2011-01-28 13:04:00,2011-09-16 09:54:00,85,5,2388.75,477.75,1548,231,0,Loyal Customers,2
13142,United Kingdom,2011-11-20 16:07:00,2011-11-20 16:07:00,20,1,307.09,307.09,258,0,1,Potential Loyalists,3
13144,United Kingdom,2011-01-11 11:15:00,2011-01-11 11:15:00,333,1,110.95,110.95,21,0,3,At Risk,4
13145,United Kingdom,2010-12-02 18:06:00,2011-10-31 12:45:00,40,4,618.52,154.63,145,333,0,Loyal Customers,2
13146,United Kingdom,2011-11-13 15:29:00,2011-11-13 15:29:00,27,1,228.91,228.91,154,0,1,Potential Loyalists,3
13147,United Kingdom,2011-09-01 12:28:00,2011-11-29 13:59:00,11,4,712.8,178.2,144,89,1,Potential Loyalists,3
13148,United Kingdom,2010-12-10 13:06:00,2011-11-10 15:23:00,30,12,3683.26,306.94,1965,335,2,Champions,1
13149,United Kingdom,2011-02-23 13:57:00,2011-11-25 13:09:00,15,4,1676.06,419.02,1280,275,0,Loyal Customers,2
13151,United Kingdom,2011-02-17 12:29:00,2011-02-17 12:29:00,296,1,1257.87,1257.87,363,0,3,At Risk,4
13153,United Kingdom,2011-12-04 12:14:00,2011-12-04 12:14:00,6,1,486.22,486.22,418,0,1,Potential Loyalists,3
13155,United Kingdom,2010-12-06 12:44:00,2011-11-06 15:41:00,34,4,971.76,242.94,497,335,0,Loyal Customers,2
13157,United Kingdom,2011-02-14 14:03:00,2011-10-21 13:50:00,50,4,1741.22,435.3,1439,249,0,Loyal Customers,2
13158,United Kingdom,2011-01-25 09:58:00,2011-09-06 11:58:00,95,4,1201.06,300.26,784,224,0,Loyal Customers,2
13159,United Kingdom,2011-08-16 11:44:00,2011-12-01 11:20:00,9,4,1429.35,357.34,1058,107,0,Loyal Customers,2
13160,United Kingdom,2011-11-17 13:07:00,2011-11-17 13:07:00,23,1,91.8,91.8,56,0,1,Potential Loyalists,3
13161,United Kingdom,2011-01-30 14:03:00,2011-01-30 14:03:00,314,1,112.75,112.75,29,0,3,At Risk,4
13162,United Kingdom,2011-01-09 10:43:00,2011-08-09 15:59:00,123,4,1688.29,422.07,1713,212,0,Loyal Customers,2
13165,United Kingdom,2010-12-23 14:06:00,2011-10-24 15:05:00,47,2,1021.48,510.74,1376,305,0,Loyal Customers,2
13166,United Kingdom,2011-03-01 15:16:00,2011-03-01 15:16:00,284,1,417.2,417.2,216,0,3,At Risk,4
13167,United Kingdom,2011-07-19 12:13:00,2011-11-21 12:24:00,19,4,791.33,197.83,785,125,0,Loyal Customers,2
13168,United Kingdom,2011-01-25 13:55:00,2011-11-03 12:56:00,37,4,1299.59,324.9,670,282,0,Loyal Customers,2
13169,United Kingdom,2011-04-01 14:24:00,2011-10-07 12:11:00,64,2,712.88,356.44,272,189,0,Loyal Customers,2
13170,United Kingdom,2011-11-13 12:19:00,2011-11-13 12:19:00,27,1,108.81,108.81,141,0,1,Potential Loyalists,3
13171,United Kingdom,2011-02-13 14:16:00,2011-11-18 10:27:00,22,3,468.41,156.14,229,278,1,Potential Loyalists,3
13173,United Kingdom,2010-12-07 14:30:00,2011-12-05 15:51:00,5,2,353.65,176.82,277,363,1,Potential Loyalists,3
13174,United Kingdom,2010-12-05 16:24:00,2011-11-23 14:35:00,17,3,2742.82,914.27,1352,353,0,Loyal Customers,2
13176,United Kingdom,2011-10-24 15:43:00,2011-10-24 15:43:00,47,1,481.49,481.49,448,0,1,Potential Loyalists,3
13177,United Kingdom,2011-10-06 09:56:00,2011-10-06 09:56:00,65,1,282.45,282.45,91,0,3,At Risk,4
13178,United Kingdom,2010-12-14 12:22:00,2011-11-13 16:14:00,27,11,5725.47,520.5,3570,334,2,Champions,1
13182,United Kingdom,2011-10-25 13:46:00,2011-10-25 13:46:00,46,1,121.18,121.18,201,0,3,At Risk,4
13183,United Kingdom,2011-01-09 10:50:00,2011-12-02 10:30:00,8,9,3957.78,439.75,2208,327,2,Champions,1
13184,United Kingdom,2011-02-22 17:25:00,2011-11-25 12:02:00,15,10,1668.95,166.9,1662,276,2,Champions,1
13185,United Kingdom,2011-03-17 11:56:00,2011-03-17 11:56:00,268,1,71.4,71.4,12,0,3,At Risk,4
13186,United Kingdom,2011-08-03 09:09:00,2011-10-31 11:40:00,40,3,1575.89,525.3,820,89,0,Loyal Customers,2
13187,United Kingdom,2011-01-06 18:57:00,2011-01-06 18:57:00,338,1,236.02,236.02,95,0,3,At Risk,4
13188,United Kingdom,2011-11-28 15:28:00,2011-11-28 15:28:00,12,1,114.6,114.6,25,0,1,Potential Loyalists,3
13189,United Kingdom,2011-08-16 13:12:00,2011-11-21 10:39:00,19,2,260.68,130.34,842,97,1,Potential Loyalists,3
13192,United Kingdom,2011-05-18 14:57:00,2011-09-05 14:13:00,96,2,911.94,455.97,595,110,0,Loyal Customers,2
13193,United Kingdom,2011-10-09 14:30:00,2011-10-09 14:30:00,62,1,112.08,112.08,46,0,3,At Risk,4
13194,United Kingdom,2011-07-27 09:01:00,2011-07-27 09:01:00,136,1,60.7,60.7,26,0,3,At Risk,4
13196,United Kingdom,2011-03-22 14:24:00,2011-11-28 13:54:00,12,4,1797.78,449.44,1224,251,0,Loyal Customers,2
13198,United Kingdom,2010-12-13 09:29:00,2011-11-29 15:17:00,11,6,3401.24,566.87,2648,351,2,Champions,1
13199,United Kingdom,2010-12-08 10:51:00,2011-12-06 12:30:00,4,38,9817.12,258.35,6176,363,2,Champions,1
13200,United Kingdom,2011-08-05 14:50:00,2011-11-20 15:35:00,20,4,870.09,217.52,516,107,0,Loyal Customers,2
13203,United Kingdom,2011-04-11 14:40:00,2011-11-30 10:45:00,10,4,869.46,217.36,800,233,1,Potential Loyalists,3
13207,United Kingdom,2011-07-12 11:35:00,2011-11-24 14:52:00,16,2,250.26,125.13,130,135,1,Potential Loyalists,3
13208,United Kingdom,2011-02-03 19:32:00,2011-10-12 09:54:00,59,6,1217.65,202.94,803,251,0,Loyal Customers,2
13209,United Kingdom,2010-12-13 10:31:00,2011-11-09 13:54:00,31,8,5891.61,736.45,4253,331,2,Champions,1
13210,United Kingdom,2011-09-07 08:18:00,2011-09-07 08:18:00,94,1,353.48,353.48,316,0,3,At Risk,4
13211,United Kingdom,2010-12-13 16:17:00,2011-11-29 14:43:00,11,3,1095.42,365.14,834,351,1,Potential Loyalists,3
13212,United Kingdom,2011-10-09 14:48:00,2011-11-20 12:40:00,20,3,786.83,262.28,309,42,1,Potential Loyalists,3
13213,United Kingdom,2011-05-24 12:22:00,2011-10-14 11:42:00,57,5,1520.58,304.12,1360,143,0,Loyal Customers,2
13216,United Kingdom,2011-03-17 12:18:00,2011-03-17 12:18:00,268,1,333.74,333.74,297,0,3,At Risk,4
13217,United Kingdom,2011-07-06 12:08:00,2011-08-09 15:32:00,123,3,533.98,177.99,262,34,3,At Risk,4
13218,United Kingdom,2011-08-04 16:59:00,2011-08-04 16:59:00,128,1,62.64,62.64,88,0,3,At Risk,4
13220,United Kingdom,2011-04-17 10:59:00,2011-09-22 13:38:00,79,4,819.29,204.82,196,158,0,Loyal Customers,2
13221,United Kingdom,2010-12-15 13:24:00,2011-04-13 16:58:00,241,2,847.41,423.7,244,119,3,At Risk,4
13223,United Kingdom,2011-04-21 15:16:00,2011-05-23 13:03:00,201,2,163.2,81.6,88,32,3,At Risk,4
13224,United Kingdom,2011-07-11 14:10:00,2011-10-10 14:55:00,61,2,2155.95,1077.97,1518,91,0,Loyal Customers,2
13225,United Kingdom,2010-12-13 09:49:00,2011-12-06 13:29:00,4,7,6463.84,923.41,3416,358,2,Champions,1
13226,United Kingdom,2011-03-11 14:35:00,2011-03-11 14:35:00,274,1,108.21,108.21,80,0,3,At Risk,4
13227,United Kingdom,2011-05-22 11:47:00,2011-05-22 11:47:00,202,1,257.7,257.7,99,0,3,At Risk,4
13228,United Kingdom,2011-09-19 14:28:00,2011-09-19 14:28:00,82,1,358.0,358.0,200,0,3,At Risk,4
13229,United Kingdom,2011-04-28 12:07:00,2011-04-28 12:07:00,226,1,160.95,160.95,63,0,3,At Risk,4
13230,United Kingdom,2010-12-09 19:28:00,2011-12-05 16:03:00,5,14,2755.63,196.83,1638,361,2,Champions,1
13232,United Kingdom,2011-04-10 13:48:00,2011-11-27 10:39:00,13,7,1328.35,189.76,773,231,2,Champions,1
13233,United Kingdom,2011-01-07 14:49:00,2011-09-26 13:25:00,75,2,605.12,302.56,1004,262,3,At Risk,4
13235,United Kingdom,2011-05-11 17:13:00,2011-05-11 17:13:00,213,1,1031.07,1031.07,441,0,3,At Risk,4
13236,United Kingdom,2011-08-25 08:58:00,2011-11-15 12:50:00,25,2,744.85,372.42,416,82,1,Potential Loyalists,3
13238,United Kingdom,2010-12-14 14:37:00,2011-11-22 15:37:00,18,4,700.73,175.18,298,343,1,Potential Loyalists,3
13239,United Kingdom,2011-03-23 10:25:00,2011-03-23 10:25:00,262,1,329.56,329.56,327,0,3,At Risk,4
13240,United Kingdom,2010-12-09 12:49:00,2011-09-04 14:08:00,97,4,663.65,165.91,298,269,0,Loyal Customers,2
13242,United Kingdom,2011-05-10 12:26:00,2011-08-19 12:53:00,113,3,270.4,90.13,130,101,3,At Risk,4
13243,United Kingdom,2011-05-20 13:14:00,2011-05-20 13:14:00,204,1,585.12,585.12,232,0,3,At Risk,4
13244,United Kingdom,2011-09-08 11:46:00,2011-09-08 11:46:00,93,1,121.74,121.74,38,0,3,At Risk,4
13245,United Kingdom,2011-10-20 11:40:00,2011-10-20 11:40:00,51,1,430.5,430.5,125,0,1,Potential Loyalists,3
13246,United Kingdom,2011-01-13 13:36:00,2011-11-21 16:50:00,19,6,1961.52,326.92,1587,312,0,Loyal Customers,2
13247,United Kingdom,2011-09-18 11:31:00,2011-11-22 10:59:00,18,4,501.12,125.28,328,65,1,Potential Loyalists,3
13248,United Kingdom,2011-06-03 13:05:00,2011-08-07 12:40:00,125,2,465.68,232.84,305,65,3,At Risk,4
13249,United Kingdom,2011-03-23 15:26:00,2011-09-08 13:26:00,93,3,711.41,237.14,546,169,0,Loyal Customers,2
13253,United Kingdom,2011-01-04 15:43:00,2011-07-06 10:09:00,157,2,1030.4,515.2,1572,183,0,Loyal Customers,2
13255,United Kingdom,2010-12-01 11:58:00,2011-11-30 13:14:00,10,2,399.51,199.76,177,364,1,Potential Loyalists,3
13258,United Kingdom,2011-05-18 13:11:00,2011-11-28 09:31:00,12,3,672.83,224.28,282,194,1,Potential Loyalists,3
13259,United Kingdom,2011-10-09 10:48:00,2011-10-09 10:48:00,62,1,283.18,283.18,126,0,3,At Risk,4
13260,United Kingdom,2011-10-09 13:21:00,2011-10-09 13:21:00,62,1,557.62,557.62,142,0,3,At Risk,4
13261,United Kingdom,2011-02-27 10:41:00,2011-03-16 12:22:00,269,2,944.1,472.05,210,17,3,At Risk,4
13262,United Kingdom,2011-03-21 15:06:00,2011-03-21 15:06:00,264,1,200.29,200.29,125,0,3,At Risk,4
13263,United Kingdom,2011-01-18 16:31:00,2011-12-08 13:59:00,2,35,7436.93,212.48,4768,324,2,Champions,1
13265,United Kingdom,2011-03-11 09:54:00,2011-10-17 15:02:00,54,5,2092.66,418.53,1740,220,0,Loyal Customers,2
13266,United Kingdom,2011-03-28 10:14:00,2011-11-28 14:39:00,12,12,3834.26,319.52,4428,245,2,Champions,1
13267,United Kingdom,2010-12-08 09:20:00,2011-12-07 11:12:00,3,19,4521.49,237.97,1969,364,2,Champions,1
13268,United Kingdom,2011-03-17 13:20:00,2011-11-22 11:51:00,18,11,3174.75,288.61,3624,250,2,Champions,1
13269,United Kingdom,2010-12-05 11:51:00,2011-12-08 14:53:00,2,15,5343.28,356.22,3513,368,2,Champions,1
13270,United Kingdom,2010-12-08 14:53:00,2010-12-08 14:53:00,367,1,590.0,590.0,200,0,3,At Risk,4
13271,United Kingdom,2011-11-02 14:31:00,2011-11-02 14:31:00,38,1,211.49,211.49,240,0,1,Potential Loyalists,3
13272,United Kingdom,2011-09-11 12:06:00,2011-11-08 14:00:00,32,2,276.56,138.28,96,58,1,Potential Loyalists,3
13273,United Kingdom,2011-08-18 14:02:00,2011-08-18 14:02:00,114,1,138.98,138.98,153,0,3,At Risk,4
13276,United Kingdom,2011-09-01 10:03:00,2011-10-07 12:44:00,64,2,590.93,295.46,161,36,0,Loyal Customers,2
13277,United Kingdom,2011-07-29 10:06:00,2011-11-24 09:21:00,16,4,258.4,64.6,176,118,1,Potential Loyalists,3
13278,United Kingdom,2011-10-30 11:49:00,2011-10-30 11:49:00,41,1,542.73,542.73,537,0,1,Potential Loyalists,3
13279,United Kingdom,2011-09-22 17:24:00,2011-09-22 17:24:00,79,1,137.75,137.75,73,0,3,At Risk,4
13280,United Kingdom,2011-01-06 17:10:00,2011-08-09 13:14:00,123,3,798.46,266.15,518,215,0,Loyal Customers,2
13282,United Kingdom,2011-05-03 12:03:00,2011-11-21 15:33:00,19,3,1132.14,377.38,307,202,0,Loyal Customers,2
13283,United Kingdom,2011-06-07 12:39:00,2011-10-11 09:50:00,60,2,93.66,46.83,90,126,3,At Risk,4
13284,United Kingdom,2011-01-13 09:23:00,2011-01-13 09:23:00,331,1,201.19,201.19,91,0,3,At Risk,4
13285,United Kingdom,2011-02-22 17:13:00,2011-11-16 13:19:00,24,4,2709.12,677.28,2051,267,0,Loyal Customers,2
13291,United Kingdom,2011-07-07 10:36:00,2011-07-07 10:36:00,156,1,361.11,361.11,233,0,3,At Risk,4
13292,United Kingdom,2011-02-28 15:00:00,2011-11-01 10:04:00,39,2,578.94,289.47,347,246,1,Potential Loyalists,3
13294,United Kingdom,2011-04-04 12:37:00,2011-06-03 08:54:00,190,2,873.74,436.87,453,60,3,At Risk,4
13295,United Kingdom,2010-12-15 11:21:00,2010-12-15 11:21:00,360,1,201.2,201.2,82,0,3,At Risk,4
13296,United Kingdom,2011-07-25 13:46:00,2011-07-25 13:46:00,138,1,87.4,87.4,78,0,3,At Risk,4
13297,United Kingdom,2011-10-03 15:08:00,2011-12-02 09:32:00,8,4,2089.85,522.46,963,60,2,Champions,1
13298,United Kingdom,2011-12-08 13:11:00,2011-12-08 13:11:00,2,1,360.0,360.0,96,0,1,Potential Loyalists,3
13299,United Kingdom,2011-03-16 12:55:00,2011-03-16 12:55:00,269,1,142.5,142.5,30,0,3,At Risk,4
13300,United Kingdom,2011-06-23 13:09:00,2011-06-23 13:09:00,170,1,371.89,371.89,203,0,3,At Risk,4
13301,United Kingdom,2011-02-20 13:13:00,2011-08-28 11:25:00,104,4,618.09,154.52,345,189,0,Loyal Customers,2
13302,United Kingdom,2011-07-07 17:56:00,2011-07-07 17:56:00,156,1,63.75,63.75,5,0,3,At Risk,4
13304,United Kingdom,2010-12-23 14:35:00,2010-12-23 14:35:00,352,1,300.42,300.42,238,0,3,At Risk,4
13305,United Kingdom,2010-12-02 12:10:00,2011-12-05 15:15:00,5,10,2000.86,200.09,1232,368,2,Champions,1
13307,United Kingdom,2011-08-11 17:14:00,2011-08-11 17:14:00,121,1,15.0,15.0,4,0,3,At Risk,4
13308,United Kingdom,2011-05-20 13:13:00,2011-11-17 09:31:00,23,3,1385.51,461.84,843,181,0,Loyal Customers,2
13309,United Kingdom,2011-02-04 12:29:00,2011-12-02 16:34:00,8,5,1456.79,291.36,1544,301,2,Champions,1
13310,United Kingdom,2011-01-19 14:50:00,2011-11-11 17:23:00,29,3,1132.03,377.34,587,296,0,Loyal Customers,2
13311,United Kingdom,2011-07-12 14:26:00,2011-12-05 12:55:00,5,2,598.57,299.28,305,146,1,Potential Loyalists,3
13313,United Kingdom,2011-01-04 10:00:00,2011-11-17 16:48:00,23,5,1555.32,311.06,851,317,0,Loyal Customers,2
13314,United Kingdom,2011-09-27 10:20:00,2011-12-08 12:29:00,2,3,775.94,258.65,560,72,1,Potential Loyalists,3
13316,United Kingdom,2011-03-30 13:01:00,2011-11-02 13:40:00,38,4,5732.93,1433.23,5508,217,0,Loyal Customers,2
13317,United Kingdom,2010-12-16 09:22:00,2011-10-04 13:35:00,67,6,2273.68,378.95,1035,292,0,Loyal Customers,2
13318,United Kingdom,2011-11-02 13:26:00,2011-12-08 18:51:00,2,3,640.76,213.59,304,36,1,Potential Loyalists,3
13319,United Kingdom,2010-12-09 10:04:00,2011-12-04 13:34:00,6,26,10845.55,417.14,4724,360,2,Champions,1
13320,United Kingdom,2011-05-10 10:29:00,2011-09-22 18:07:00,79,4,1532.2,383.05,1086,135,0,Loyal Customers,2
13321,United Kingdom,2011-09-14 15:18:00,2011-09-28 15:24:00,73,2,567.36,283.68,372,14,3,At Risk,4
13322,United Kingdom,2011-11-22 14:21:00,2011-11-22 14:21:00,18,1,199.48,199.48,117,0,1,Potential Loyalists,3
13323,United Kingdom,2011-09-16 13:23:00,2011-12-06 17:12:00,4,5,787.85,157.57,175,81,1,Potential Loyalists,3
13324,United Kingdom,2010-12-14 09:50:00,2011-11-03 16:28:00,37,10,7121.95,712.2,5205,324,2,Champions,1
13325,United Kingdom,2011-09-19 10:36:00,2011-09-19 10:36:00,82,1,675.3,675.3,240,0,3,At Risk,4
13327,United Kingdom,2010-12-09 15:32:00,2011-11-01 10:21:00,39,8,3627.77,453.47,1600,327,2,Champions,1
13328,United Kingdom,2011-01-27 15:22:00,2011-01-27 15:22:00,317,1,1308.48,1308.48,680,0,3,At Risk,4
13329,United Kingdom,2010-12-08 10:11:00,2011-11-08 10:29:00,32,2,789.0,394.5,463,335,1,Potential Loyalists,3
13330,United Kingdom,2011-01-28 10:08:00,2011-09-08 12:27:00,93,3,1140.93,380.31,751,223,0,Loyal Customers,2
13332,United Kingdom,2011-11-25 13:30:00,2011-11-25 13:30:00,15,1,350.9,350.9,179,0,1,Potential Loyalists,3
13334,United Kingdom,2011-02-07 11:42:00,2011-09-18 15:21:00,83,3,3502.32,1167.44,1764,223,0,Loyal Customers,2
13336,United Kingdom,2011-09-23 14:05:00,2011-09-23 14:05:00,78,1,795.12,795.12,559,0,3,At Risk,4
13338,United Kingdom,2011-07-05 09:06:00,2011-07-05 09:06:00,158,1,487.02,487.02,256,0,3,At Risk,4
13339,United Kingdom,2011-05-23 08:31:00,2011-05-23 08:31:00,201,1,860.12,860.12,326,0,3,At Risk,4
13340,United Kingdom,2011-03-08 11:39:00,2011-10-25 13:15:00,46,7,10736.48,1533.78,5770,231,2,Champions,1
13341,United Kingdom,2011-03-24 09:50:00,2011-03-24 09:50:00,261,1,775.85,775.85,301,0,3,At Risk,4
13343,United Kingdom,2011-06-15 12:24:00,2011-06-15 12:24:00,178,1,353.43,353.43,135,0,3,At Risk,4
13344,United Kingdom,2011-03-07 10:28:00,2011-10-03 09:45:00,68,3,2511.69,837.23,952,210,0,Loyal Customers,2
13345,United Kingdom,2011-02-25 09:01:00,2011-02-25 09:01:00,288,1,389.5,389.5,141,0,3,At Risk,4
13347,United Kingdom,2011-09-30 13:28:00,2011-09-30 13:28:00,71,1,341.36,341.36,205,0,3,At Risk,4
13348,United Kingdom,2011-10-06 17:28:00,2011-10-06 17:28:00,65,1,233.76,233.76,136,0,3,At Risk,4
13349,United Kingdom,2011-11-29 08:07:00,2011-11-29 08:07:00,11,1,247.32,247.32,225,0,1,Potential Loyalists,3
13350,United Kingdom,2011-09-21 13:33:00,2011-11-23 16:33:00,17,2,979.12,489.56,287,63,1,Potential Loyalists,3
13351,United Kingdom,2011-10-04 12:55:00,2011-10-04 12:55:00,67,1,373.94,373.94,117,0,3,At Risk,4
13352,United Kingdom,2011-10-10 13:55:00,2011-10-10 13:55:00,61,1,397.98,397.98,321,0,3,At Risk,4
13354,United Kingdom,2011-09-29 13:17:00,2011-09-29 13:17:00,72,1,743.53,743.53,604,0,3,At Risk,4
13355,United Kingdom,2011-08-09 14:48:00,2011-08-09 14:48:00,123,1,674.7,674.7,314,0,3,At Risk,4
13356,United Kingdom,2011-09-20 14:33:00,2011-09-20 14:33:00,81,1,768.24,768.24,325,0,3,At Risk,4
13357,United Kingdom,2011-03-27 13:56:00,2011-03-27 13:56:00,258,1,609.4,609.4,321,0,3,At Risk,4
13358,United Kingdom,2011-03-16 11:52:00,2011-03-16 11:52:00,269,1,439.03,439.03,285,0,3,At Risk,4
13359,United Kingdom,2011-10-07 09:30:00,2011-10-07 09:30:00,64,1,439.56,439.56,161,0,3,At Risk,4
13362,United Kingdom,2011-02-25 11:33:00,2011-11-30 14:41:00,10,4,3090.74,772.68,1382,278,2,Champions,1
13363,United Kingdom,2011-10-27 10:46:00,2011-11-22 12:40:00,18,2,992.5,496.25,710,26,1,Potential Loyalists,3
13364,United Kingdom,2011-09-29 18:13:00,2011-09-29 18:13:00,72,1,134.96,134.96,71,0,3,At Risk,4
13365,United Kingdom,2011-05-06 12:00:00,2011-11-06 12:36:00,34,2,2225.37,1112.68,1247,184,0,Loyal Customers,2
13366,United Kingdom,2011-10-20 13:37:00,2011-10-20 13:37:00,51,1,56.16,56.16,144,0,3,At Risk,4
13368,United Kingdom,2011-01-06 12:32:00,2011-03-28 09:59:00,257,2,623.4,311.7,327,81,3,At Risk,4
13369,United Kingdom,2010-12-09 11:30:00,2010-12-09 11:30:00,366,1,308.28,308.28,149,0,3,At Risk,4
13370,United Kingdom,2010-12-03 10:26:00,2010-12-03 10:26:00,372,1,754.87,754.87,343,0,3,At Risk,4
13372,United Kingdom,2011-09-11 12:46:00,2011-09-11 12:46:00,90,1,378.64,378.64,159,0,3,At Risk,4
13373,United Kingdom,2011-03-08 14:35:00,2011-10-10 10:51:00,61,3,3312.25,1104.08,1651,216,0,Loyal Customers,2
13375,United Kingdom,2011-09-12 10:19:00,2011-09-12 10:19:00,89,1,778.65,778.65,442,0,3,At Risk,4
13376,United Kingdom,2011-04-19 13:03:00,2011-09-01 16:16:00,100,3,1019.76,339.92,493,135,0,Loyal Customers,2
13379,United Kingdom,2011-07-26 12:26:00,2011-11-13 13:45:00,27,3,572.56,190.85,601,110,1,Potential Loyalists,3
13381,United Kingdom,2011-02-14 10:10:00,2011-11-08 11:58:00,32,6,3639.31,606.55,2029,267,0,Loyal Customers,2
13382,United Kingdom,2011-03-04 10:03:00,2011-03-04 10:03:00,281,1,222.99,222.99,131,0,3,At Risk,4
13384,United Kingdom,2011-06-14 12:47:00,2011-11-09 11:04:00,31,7,4151.93,593.13,2422,148,2,Champions,1
13385,United Kingdom,2011-01-14 09:52:00,2011-01-14 09:52:00,330,1,534.57,534.57,281,0,3,At Risk,4
13388,United Kingdom,2011-07-31 12:52:00,2011-07-31 12:52:00,132,2,677.1,338.55,282,0,3,At Risk,4
13389,United Kingdom,2011-04-21 12:12:00,2011-11-28 14:01:00,12,3,797.96,265.99,429,221,1,Potential Loyalists,3
13390,United Kingdom,2011-09-26 08:38:00,2011-09-26 08:38:00,75,1,544.08,544.08,224,0,3,At Risk,4
13391,United Kingdom,2011-05-20 10:50:00,2011-05-20 10:50:00,204,1,59.8,59.8,4,0,3,At Risk,4
13394,United Kingdom,2011-02-03 10:39:00,2011-12-08 11:36:00,2,8,2520.02,315.0,2392,308,2,Champions,1
13395,United Kingdom,2011-06-07 15:04:00,2011-06-07 15:04:00,186,1,307.72,307.72,336,0,3,At Risk,4
13396,United Kingdom,2011-01-24 13:37:00,2011-11-10 16:59:00,30,2,1360.99,680.5,600,290,0,Loyal Customers,2
13397,United Kingdom,2011-01-04 13:50:00,2011-09-28 10:56:00,73,5,1544.13,308.83,430,267,0,Loyal Customers,2
13398,United Kingdom,2011-05-31 13:17:00,2011-05-31 13:17:00,193,1,457.34,457.34,281,0,3,At Risk,4
13402,United Kingdom,2010-12-02 17:12:00,2011-08-04 15:51:00,128,2,621.23,310.62,479,245,3,At Risk,4
13403,United Kingdom,2011-11-22 08:28:00,2011-11-22 08:28:00,18,1,75.0,75.0,44,0,1,Potential Loyalists,3
13404,United Kingdom,2011-05-11 11:57:00,2011-12-08 15:37:00,2,2,252.49,126.24,111,211,1,Potential Loyalists,3
13405,United Kingdom,2011-01-26 09:27:00,2011-09-26 17:01:00,75,3,572.45,190.82,165,243,0,Loyal Customers,2
13408,United Kingdom,2010-12-01 10:39:00,2011-12-08 09:05:00,2,62,28117.04,453.5,16232,372,2,Champions,1
13410,United Kingdom,2011-02-21 14:38:00,2011-11-15 15:33:00,25,5,1003.06,200.61,518,267,0,Loyal Customers,2
13411,United Kingdom,2011-08-24 13:57:00,2011-08-24 13:57:00,108,1,213.55,213.55,72,0,3,At Risk,4
13414,United Kingdom,2011-02-16 12:13:00,2011-07-29 11:45:00,134,3,1390.5,463.5,1574,163,0,Loyal Customers,2
13416,United Kingdom,2011-09-19 14:43:00,2011-10-27 08:56:00,44,2,712.5,356.25,142,38,1,Potential Loyalists,3
13417,United Kingdom,2011-05-18 16:26:00,2011-12-05 08:49:00,5,2,640.83,320.42,162,201,1,Potential Loyalists,3
13418,United Kingdom,2010-12-02 10:45:00,2011-11-28 10:23:00,12,18,6127.43,340.41,3918,361,2,Champions,1
13419,United Kingdom,2011-10-07 12:49:00,2011-10-07 12:49:00,64,1,221.06,221.06,275,0,3,At Risk,4
13420,United Kingdom,2011-06-22 11:35:00,2011-07-13 08:48:00,150,2,159.85,79.92,101,21,3,At Risk,4
13421,United Kingdom,2011-02-22 15:46:00,2011-10-30 14:21:00,41,2,1833.71,916.86,1128,250,0,Loyal Customers,2
13422,United Kingdom,2011-10-06 13:42:00,2011-10-06 13:42:00,65,1,2626.3,2626.3,1326,0,0,Loyal Customers,2
13425,United Kingdom,2011-02-18 08:34:00,2011-08-23 17:13:00,109,3,1624.21,541.4,1123,186,0,Loyal Customers,2
13426,United Kingdom,2010-12-15 12:43:00,2011-12-09 08:59:00,1,10,3641.32,364.13,2245,359,2,Champions,1
13427,United Kingdom,2011-05-08 15:58:00,2011-11-20 13:02:00,20,3,582.6,194.2,545,196,1,Potential Loyalists,3
13428,United Kingdom,2011-11-29 14:20:00,2011-11-29 14:20:00,11,1,201.78,201.78,151,0,1,Potential Loyalists,3
13429,United Kingdom,2011-09-25 15:59:00,2011-11-29 09:10:00,11,4,1006.8,251.7,1390,65,1,Potential Loyalists,3
13430,United Kingdom,2011-09-14 14:26:00,2011-11-21 08:19:00,19,2,679.45,339.72,751,68,1,Potential Loyalists,3
13431,United Kingdom,2011-09-12 11:25:00,2011-10-03 13:49:00,68,2,1269.1,634.55,672,21,0,Loyal Customers,2
13434,United Kingdom,2011-09-04 10:35:00,2011-09-26 14:30:00,75,2,534.24,267.12,300,22,3,At Risk,4
13435,United Kingdom,2011-06-03 17:07:00,2011-12-04 14:45:00,6,7,3809.89,544.27,2129,184,2,Champions,1
13436,United Kingdom,2011-12-08 10:33:00,2011-12-08 10:33:00,2,1,196.89,196.89,76,0,1,Potential Loyalists,3
13437,United Kingdom,2011-06-02 14:30:00,2011-11-25 14:00:00,15,7,3408.06,486.87,1283,176,2,Champions,1
13439,United Kingdom,2011-03-29 14:20:00,2011-03-29 14:20:00,256,1,283.71,283.71,242,0,3,At Risk,4
13441,United Kingdom,2011-09-09 09:38:00,2011-09-09 09:38:00,92,1,296.64,296.64,204,0,3,At Risk,4
13447,United Kingdom,2011-11-04 10:10:00,2011-11-16 13:38:00,24,3,1129.14,376.38,584,12,0,Loyal Customers,2
13448,United Kingdom,2010-12-01 10:52:00,2011-11-23 12:33:00,17,6,3534.69,589.12,1648,357,2,Champions,1
13449,United Kingdom,2011-11-16 08:28:00,2011-11-16 08:28:00,24,1,291.88,291.88,222,0,1,Potential Loyalists,3
13450,United Kingdom,2011-05-05 19:48:00,2011-11-13 11:54:00,27,6,2043.72,340.62,1982,192,0,Loyal Customers,2
13451,United Kingdom,2011-01-09 15:35:00,2011-11-13 15:58:00,27,5,2898.26,579.65,2128,308,0,Loyal Customers,2
13452,United Kingdom,2011-03-14 11:38:00,2011-03-25 14:19:00,260,2,590.0,295.0,2,11,3,At Risk,4
13453,United Kingdom,2011-02-23 09:44:00,2011-06-27 09:34:00,166,2,356.98,178.49,134,124,3,At Risk,4
13455,United Kingdom,2010-12-08 13:11:00,2011-11-15 11:21:00,25,2,1058.34,529.17,354,342,1,Potential Loyalists,3
13456,United Kingdom,2011-05-16 15:34:00,2011-11-22 09:18:00,18,6,1766.72,294.45,765,190,0,Loyal Customers,2
13458,United Kingdom,2010-12-15 12:05:00,2011-12-02 15:29:00,8,14,9646.57,689.04,5508,352,2,Champions,1
13460,United Kingdom,2011-10-21 09:50:00,2011-11-10 17:17:00,30,2,183.44,91.72,286,20,1,Potential Loyalists,3
13461,United Kingdom,2011-06-29 10:23:00,2011-11-01 09:01:00,39,3,1445.0,481.67,1170,125,0,Loyal Customers,2
13462,United Kingdom,2011-04-01 11:20:00,2011-04-01 11:20:00,253,1,151.5,151.5,62,0,3,At Risk,4
13464,United Kingdom,2011-10-12 15:01:00,2011-10-12 15:01:00,59,1,674.68,674.68,403,0,3,At Risk,4
13466,United Kingdom,2011-06-08 16:39:00,2011-06-08 16:39:00,185,1,307.9,307.9,259,0,3,At Risk,4
13467,United Kingdom,2011-11-03 16:56:00,2011-11-29 10:01:00,11,2,1071.91,535.96,580,26,1,Potential Loyalists,3
13468,United Kingdom,2010-12-01 15:08:00,2011-12-08 10:39:00,2,37,5704.97,154.19,2589,372,2,Champions,1
13470,United Kingdom,2011-08-16 17:06:00,2011-09-01 14:57:00,100,2,165.0,82.5,100,16,3,At Risk,4
13471,United Kingdom,2011-10-23 13:10:00,2011-12-08 15:44:00,2,4,2501.84,625.46,1583,46,2,Champions,1
13473,United Kingdom,2011-01-11 08:45:00,2011-10-10 11:20:00,61,2,422.64,211.32,266,272,3,At Risk,4
13474,United Kingdom,2011-04-17 13:53:00,2011-04-17 13:53:00,237,1,226.84,226.84,129,0,3,At Risk,4
13475,United Kingdom,2011-02-14 12:36:00,2011-06-01 13:52:00,192,4,1431.78,357.94,1012,107,0,Loyal Customers,2
13476,United Kingdom,2011-03-03 14:43:00,2011-06-14 12:00:00,179,2,1238.47,619.24,417,103,0,Loyal Customers,2
13477,United Kingdom,2011-02-21 12:29:00,2011-11-02 12:04:00,38,6,1454.58,242.43,1021,254,0,Loyal Customers,2
13479,United Kingdom,2011-04-19 11:27:00,2011-05-23 10:45:00,201,2,300.95,150.48,134,34,3,At Risk,4
13481,United Kingdom,2011-03-28 09:07:00,2011-10-25 09:07:00,46,5,1804.56,360.91,1142,211,0,Loyal Customers,2
13482,United Kingdom,2011-04-21 17:03:00,2011-04-21 17:03:00,233,1,184.64,184.64,116,0,3,At Risk,4
13483,United Kingdom,2011-10-05 11:53:00,2011-10-05 11:53:00,66,1,140.34,140.34,160,0,3,At Risk,4
13484,United Kingdom,2011-04-12 16:30:00,2011-04-12 16:30:00,242,1,313.8,313.8,44,0,3,At Risk,4
13485,United Kingdom,2011-04-20 13:58:00,2011-04-20 13:58:00,234,1,454.24,454.24,277,0,3,At Risk,4
13486,United Kingdom,2011-07-07 17:19:00,2011-09-22 13:13:00,79,3,1122.41,374.14,669,77,0,Loyal Customers,2
13487,United Kingdom,2010-12-21 14:54:00,2011-10-13 12:07:00,58,3,575.4,191.8,265,296,0,Loyal Customers,2
13488,United Kingdom,2010-12-07 13:01:00,2011-11-22 14:41:00,18,13,8968.31,689.87,4518,350,2,Champions,1
13489,United Kingdom,2011-02-18 10:42:00,2011-08-26 13:16:00,106,4,449.52,112.38,560,189,0,Loyal Customers,2
13491,United Kingdom,2010-12-02 14:30:00,2011-10-19 08:32:00,52,10,1215.82,121.58,903,321,0,Loyal Customers,2
13492,Switzerland,2011-05-09 10:06:00,2011-07-26 14:25:00,137,3,1269.84,423.28,408,78,0,Loyal Customers,2
13493,Switzerland,2011-02-25 16:42:00,2011-03-09 15:35:00,276,2,618.63,309.32,380,12,3,At Risk,4
13494,United Kingdom,2011-02-01 11:58:00,2011-02-01 11:58:00,312,1,316.26,316.26,162,0,3,At Risk,4
13495,United Kingdom,2010-12-06 15:14:00,2011-12-02 11:21:00,8,5,2044.87,408.97,829,361,2,Champions,1
13496,United Kingdom,2010-12-15 10:17:00,2011-11-29 10:58:00,11,2,653.33,326.67,341,349,1,Potential Loyalists,3
13497,United Kingdom,2010-12-06 11:37:00,2011-03-02 09:04:00,283,2,348.05,174.02,163,86,3,At Risk,4
13499,United Kingdom,2011-03-15 08:52:00,2011-11-22 11:21:00,18,5,1159.11,231.82,1365,252,0,Loyal Customers,2
13500,United Kingdom,2011-08-09 12:20:00,2011-11-16 15:35:00,24,3,1166.77,388.92,609,99,0,Loyal Customers,2
13501,Switzerland,2011-02-24 18:59:00,2011-02-24 18:59:00,289,1,1340.32,1340.32,560,0,3,At Risk,4
13502,United Kingdom,2011-01-20 09:03:00,2011-11-23 10:39:00,17,3,292.0,97.33,264,307,1,Potential Loyalists,3
13503,United Kingdom,2011-09-29 13:23:00,2011-09-29 13:23:00,72,1,216.85,216.85,248,0,3,At Risk,4
13504,United Kingdom,2011-10-06 13:20:00,2011-10-06 13:20:00,65,1,295.93,295.93,178,0,3,At Risk,4
13505,Switzerland,2011-04-21 12:07:00,2011-09-28 11:56:00,73,4,4393.63,1098.41,2486,160,0,Loyal Customers,2
13506,United Kingdom,2010-12-05 12:15:00,2011-01-27 13:53:00,317,2,458.52,229.26,324,53,3,At Risk,4
13507,United Kingdom,2011-07-17 11:50:00,2011-12-06 13:13:00,4,4,2479.16,619.79,1597,142,2,Champions,1
13508,United Kingdom,2011-04-10 11:58:00,2011-04-10 11:58:00,244,1,110.97,110.97,24,0,3,At Risk,4
13509,United Kingdom,2011-02-28 13:27:00,2011-12-01 10:10:00,9,7,979.72,139.96,1106,276,2,Champions,1
13510,United Kingdom,2011-06-09 09:32:00,2011-12-08 13:46:00,2,4,1791.56,447.89,1386,182,2,Champions,1
13512,United Kingdom,2011-03-24 10:03:00,2011-03-24 10:03:00,261,1,251.21,251.21,143,0,3,At Risk,4
13513,United Kingdom,2011-08-05 11:50:00,2011-08-05 11:50:00,127,1,205.1,205.1,109,0,3,At Risk,4
13514,United Kingdom,2011-09-27 09:39:00,2011-09-27 09:39:00,74,1,152.2,152.2,40,0,3,At Risk,4
13515,United Kingdom,2011-04-06 10:33:00,2011-09-28 11:26:00,73,4,891.12,222.78,681,175,0,Loyal Customers,2
13516,United Kingdom,2011-04-15 11:06:00,2011-11-18 13:15:00,22,3,1389.41,463.14,985,217,0,Loyal Customers,2
13517,United Kingdom,2011-06-13 08:44:00,2011-10-11 11:43:00,60,3,2128.42,709.47,1369,120,0,Loyal Customers,2
13518,United Kingdom,2011-09-15 10:29:00,2011-09-15 10:29:00,86,1,627.16,627.16,382,0,3,At Risk,4
13519,United Kingdom,2011-09-22 18:24:00,2011-09-22 18:24:00,79,1,122.75,122.75,23,0,3,At Risk,4
13520,Switzerland,2010-12-03 10:36:00,2011-10-12 10:20:00,59,6,3624.35,604.06,1649,313,0,Loyal Customers,2
13521,United Kingdom,2011-11-29 15:09:00,2011-12-08 13:50:00,2,3,1071.73,357.24,718,9,1,Potential Loyalists,3
13522,United Kingdom,2011-11-09 15:11:00,2011-11-09 15:11:00,31,1,125.8,125.8,44,0,1,Potential Loyalists,3
13523,United Kingdom,2010-12-08 14:22:00,2011-11-06 15:11:00,34,5,3964.88,792.98,1752,333,0,Loyal Customers,2
13524,United Kingdom,2011-05-04 12:26:00,2011-10-30 12:34:00,41,5,680.18,136.04,324,179,0,Loyal Customers,2
13525,United Kingdom,2011-04-05 15:36:00,2011-11-25 12:01:00,15,2,628.78,314.39,394,234,1,Potential Loyalists,3
13527,United Kingdom,2011-01-17 11:17:00,2011-11-06 12:04:00,34,7,2242.36,320.34,1683,293,0,Loyal Customers,2
13529,United Kingdom,2011-05-19 11:50:00,2011-09-22 09:15:00,79,2,307.76,153.88,74,126,3,At Risk,4
13531,United Kingdom,2010-12-08 15:03:00,2011-05-18 16:56:00,206,2,483.8,241.9,174,161,3,At Risk,4
13532,United Kingdom,2011-11-06 12:25:00,2011-11-06 12:25:00,34,1,210.31,210.31,129,0,1,Potential Loyalists,3
13533,United Kingdom,2011-03-17 12:47:00,2011-06-10 11:54:00,183,3,269.09,89.7,202,85,3,At Risk,4
13534,United Kingdom,2010-12-16 15:23:00,2011-12-07 14:52:00,3,25,5870.08,234.8,2961,356,2,Champions,1
13536,United Kingdom,2011-09-25 13:30:00,2011-12-08 16:38:00,2,7,3444.39,492.06,2126,74,2,Champions,1
13538,United Kingdom,2011-01-28 10:40:00,2011-10-27 16:34:00,44,7,1280.85,182.98,175,272,0,Loyal Customers,2
13539,United Kingdom,2011-02-03 15:23:00,2011-09-15 10:18:00,86,3,631.34,210.45,320,224,0,Loyal Customers,2
13544,United Kingdom,2011-04-13 12:09:00,2011-10-31 11:57:00,40,2,276.06,138.03,112,201,1,Potential Loyalists,3
13546,United Kingdom,2011-05-23 12:14:00,2011-11-27 14:50:00,13,3,621.09,207.03,357,188,1,Potential Loyalists,3
13548,United Kingdom,2011-04-10 11:35:00,2011-09-04 14:50:00,97,2,678.16,339.08,436,147,3,At Risk,4
13549,United Kingdom,2011-04-11 13:42:00,2011-11-14 09:20:00,26,7,918.2,131.17,458,217,0,Loyal Customers,2
13551,United Kingdom,2011-01-24 14:46:00,2011-01-24 14:46:00,320,1,91.8,91.8,12,0,3,At Risk,4
13552,United Kingdom,2011-01-28 10:10:00,2011-10-04 15:19:00,67,12,3740.07,311.67,1417,249,2,Champions,1
13555,United Kingdom,2011-05-22 11:06:00,2011-09-27 12:36:00,74,4,4098.88,1024.72,2636,128,0,Loyal Customers,2
13557,United Kingdom,2011-03-04 12:14:00,2011-11-11 15:24:00,29,2,584.06,292.03,546,252,1,Potential Loyalists,3
13558,United Kingdom,2011-10-02 13:01:00,2011-12-04 11:24:00,6,4,594.52,148.63,338,63,1,Potential Loyalists,3
13560,United Kingdom,2011-12-02 13:11:00,2011-12-02 13:11:00,8,1,171.42,171.42,63,0,1,Potential Loyalists,3
13561,United Kingdom,2011-05-08 12:39:00,2011-05-08 12:39:00,216,1,141.86,141.86,83,0,3,At Risk,4
13562,United Kingdom,2011-04-08 12:42:00,2011-09-19 10:51:00,82,3,1799.33,599.78,757,164,0,Loyal Customers,2
13563,United Kingdom,2011-07-22 17:21:00,2011-09-16 14:45:00,85,2,777.53,388.76,209,56,0,Loyal Customers,2
13564,United Kingdom,2010-12-06 17:26:00,2011-07-18 14:33:00,145,3,1724.67,574.89,636,224,0,Loyal Customers,2
13565,United Kingdom,2011-01-09 14:28:00,2011-11-20 14:33:00,20,2,240.22,120.11,172,315,1,Potential Loyalists,3
13566,United Kingdom,2011-09-18 12:40:00,2011-10-30 11:59:00,41,2,856.84,428.42,567,42,0,Loyal Customers,2
13568,United Kingdom,2011-06-19 14:42:00,2011-06-19 14:42:00,174,1,187.05,187.05,66,0,3,At Risk,4
13569,United Kingdom,2010-12-07 12:29:00,2011-11-22 13:07:00,18,2,338.62,169.31,156,350,1,Potential Loyalists,3
13570,United Kingdom,2011-04-10 13:36:00,2011-04-10 13:36:00,244,1,239.49,239.49,161,0,3,At Risk,4
13571,United Kingdom,2011-03-31 12:43:00,2011-11-27 10:47:00,13,12,2088.94,174.08,1757,241,2,Champions,1
13572,United Kingdom,2011-05-18 11:59:00,2011-05-18 11:59:00,206,1,1384.25,1384.25,534,0,3,At Risk,4
13573,United Kingdom,2011-03-31 14:47:00,2011-10-20 14:33:00,51,2,290.25,145.12,302,203,1,Potential Loyalists,3
13575,United Kingdom,2011-06-16 14:24:00,2011-11-16 13:14:00,24,5,732.07,146.41,449,153,0,Loyal Customers,2
13576,United Kingdom,2010-12-01 17:24:00,2011-11-29 15:34:00,11,18,6717.34,373.19,2646,363,2,Champions,1
13577,United Kingdom,2011-04-12 10:33:00,2011-11-14 15:19:00,26,4,1687.6,421.9,791,216,0,Loyal Customers,2
13579,United Kingdom,2010-12-05 16:10:00,2011-11-25 08:41:00,15,2,467.04,233.52,176,355,1,Potential Loyalists,3
13581,United Kingdom,2011-02-03 14:41:00,2011-02-03 14:41:00,310,1,118.0,118.0,30,0,3,At Risk,4
13583,United Kingdom,2011-07-07 10:40:00,2011-07-07 10:40:00,156,1,781.03,781.03,725,0,3,At Risk,4
13584,United Kingdom,2011-02-06 12:49:00,2011-02-06 12:49:00,307,1,142.4,142.4,37,0,3,At Risk,4
13587,United Kingdom,2011-10-07 12:31:00,2011-10-07 12:31:00,64,1,712.4,712.4,180,0,3,At Risk,4
13588,United Kingdom,2011-03-29 15:53:00,2011-11-24 10:42:00,16,9,2478.95,275.44,2606,240,2,Champions,1
13589,United Kingdom,2011-06-13 12:44:00,2011-11-25 12:10:00,15,2,379.65,189.82,114,165,1,Potential Loyalists,3
13590,United Kingdom,2011-02-09 13:25:00,2011-11-28 12:54:00,12,6,1981.92,330.32,1848,292,2,Champions,1
13591,United Kingdom,2011-03-18 12:18:00,2011-10-06 12:26:00,65,3,1117.13,372.38,485,202,0,Loyal Customers,2
13592,United Kingdom,2011-03-20 14:01:00,2011-11-04 09:49:00,36,4,247.96,61.99,84,229,1,Potential Loyalists,3
13593,United Kingdom,2011-01-07 16:32:00,2011-08-23 13:35:00,109,5,2011.88,402.38,719,228,0,Loyal Customers,2
13594,United Kingdom,2011-10-18 10:19:00,2011-10-18 10:19:00,53,1,396.97,396.97,359,0,3,At Risk,4
13596,United Kingdom,2011-11-27 11:57:00,2011-12-04 12:01:00,6,2,664.11,332.06,384,7,1,Potential Loyalists,3
13598,United Kingdom,2011-10-23 14:28:00,2011-10-23 14:28:00,48,1,160.04,160.04,52,0,3,At Risk,4
13599,United Kingdom,2010-12-08 10:11:00,2011-12-08 16:10:00,2,21,5149.92,245.23,3293,365,2,Champions,1
13600,United Kingdom,2011-01-31 15:27:00,2011-01-31 15:27:00,313,1,219.52,219.52,324,0,3,At Risk,4
13601,United Kingdom,2011-05-12 16:52:00,2011-10-25 17:31:00,46,2,693.32,346.66,548,166,1,Potential Loyalists,3
13602,United Kingdom,2011-10-06 11:47:00,2011-10-06 11:47:00,65,1,428.89,428.89,267,0,3,At Risk,4
13603,United Kingdom,2011-11-13 15:57:00,2011-11-13 15:57:00,27,1,164.34,164.34,164,0,1,Potential Loyalists,3
13606,United Kingdom,2011-02-01 11:42:00,2011-11-10 17:46:00,30,3,276.75,92.25,276,282,1,Potential Loyalists,3
13607,United Kingdom,2011-10-30 16:17:00,2011-10-30 16:17:00,41,1,675.51,675.51,288,0,1,Potential Loyalists,3
13610,United Kingdom,2011-02-27 14:44:00,2011-11-27 15:38:00,13,7,1082.33,154.62,488,273,2,Champions,1
13611,United Kingdom,2010-12-15 10:31:00,2011-09-11 14:51:00,90,3,1154.4,384.8,754,270,0,Loyal Customers,2
13614,United Kingdom,2011-01-13 12:37:00,2011-11-15 14:47:00,25,4,1585.46,396.36,564,306,0,Loyal Customers,2
13615,United Kingdom,2011-01-25 08:21:00,2011-01-25 08:21:00,319,1,417.69,417.69,189,0,3,At Risk,4
13617,United Kingdom,2011-06-12 12:55:00,2011-10-30 13:50:00,41,3,544.18,181.39,300,140,0,Loyal Customers,2
13618,United Kingdom,2011-06-19 11:09:00,2011-06-19 11:09:00,174,1,177.34,177.34,246,0,3,At Risk,4
13621,United Kingdom,2011-08-15 08:26:00,2011-08-15 08:26:00,117,1,213.85,213.85,343,0,3,At Risk,4
13623,United Kingdom,2011-02-15 13:08:00,2011-11-09 12:00:00,31,5,727.74,145.55,286,267,0,Loyal Customers,2
13626,United Kingdom,2011-04-01 10:05:00,2011-04-01 10:05:00,253,1,257.23,257.23,209,0,3,At Risk,4
13627,United Kingdom,2010-12-17 09:52:00,2011-10-11 14:20:00,60,5,1638.47,327.69,1269,298,0,Loyal Customers,2
13629,United Kingdom,2011-01-05 12:09:00,2011-11-16 13:21:00,24,11,7792.36,708.4,4372,315,2,Champions,1
13630,United Kingdom,2011-02-27 12:49:00,2011-12-04 15:16:00,6,7,2031.78,290.25,1391,280,2,Champions,1
13631,United Kingdom,2011-03-17 17:13:00,2011-09-01 09:57:00,100,11,3070.42,279.13,467,168,0,Loyal Customers,2
13632,United Kingdom,2011-04-10 15:07:00,2011-11-15 10:51:00,25,5,2118.93,423.79,1031,219,0,Loyal Customers,2
13634,United Kingdom,2011-01-16 15:30:00,2011-11-06 13:40:00,34,5,1547.36,309.47,700,294,0,Loyal Customers,2
13635,United Kingdom,2011-10-03 10:55:00,2011-10-03 10:55:00,68,1,1071.03,1071.03,677,0,3,At Risk,4
13636,United Kingdom,2011-02-27 14:29:00,2011-11-03 10:30:00,37,5,949.12,189.82,592,249,0,Loyal Customers,2
13637,United Kingdom,2011-04-27 13:06:00,2011-10-18 13:32:00,53,3,804.3,268.1,405,174,0,Loyal Customers,2
13638,United Kingdom,2011-11-24 10:38:00,2011-11-24 10:38:00,16,1,122.64,122.64,93,0,1,Potential Loyalists,3
13639,United Kingdom,2011-09-26 13:36:00,2011-09-26 13:36:00,75,1,1033.34,1033.34,800,0,3,At Risk,4
13642,United Kingdom,2011-05-08 12:34:00,2011-05-08 12:34:00,216,1,312.28,312.28,151,0,3,At Risk,4
13643,United Kingdom,2011-06-07 11:40:00,2011-11-08 15:37:00,32,3,519.44,173.15,273,154,1,Potential Loyalists,3
13644,United Kingdom,2011-08-26 11:53:00,2011-11-23 14:07:00,17,4,2624.26,656.06,2067,89,0,Loyal Customers,2
13645,United Kingdom,2011-08-11 16:11:00,2011-08-11 16:11:00,121,1,252.1,252.1,158,0,3,At Risk,4
13647,United Kingdom,2011-04-19 09:49:00,2011-11-30 12:00:00,10,4,1648.12,412.03,887,225,0,Loyal Customers,2
13649,United Kingdom,2010-12-08 14:46:00,2011-03-28 11:51:00,257,2,346.6,173.3,139,110,3,At Risk,4
13650,United Kingdom,2011-03-17 12:37:00,2011-11-23 12:22:00,17,6,1836.34,306.06,922,251,0,Loyal Customers,2
13651,United Kingdom,2011-10-31 12:11:00,2011-11-04 14:59:00,36,2,94.2,47.1,33,4,1,Potential Loyalists,3
13652,United Kingdom,2010-12-06 09:21:00,2011-10-25 08:51:00,46,3,1095.08,365.03,578,323,0,Loyal Customers,2
13654,United Kingdom,2011-03-11 12:54:00,2011-10-27 16:24:00,44,6,2707.33,451.22,2182,230,0,Loyal Customers,2
13655,United Kingdom,2011-04-12 09:53:00,2011-08-17 14:25:00,115,2,932.97,466.48,605,127,0,Loyal Customers,2
13656,United Kingdom,2011-01-06 15:42:00,2011-06-28 10:31:00,165,2,379.65,189.82,490,173,3,At Risk,4
13657,United Kingdom,2011-05-22 12:35:00,2011-11-29 12:32:00,11,2,382.14,191.07,209,191,1,Potential Loyalists,3
13658,United Kingdom,2011-05-19 17:15:00,2011-11-30 10:13:00,10,5,2639.17,527.83,1019,195,2,Champions,1
13659,United Kingdom,2011-01-23 12:08:00,2011-05-18 12:37:00,206,2,1563.0,781.5,882,115,0,Loyal Customers,2
13662,United Kingdom,2011-03-25 13:23:00,2011-09-15 12:04:00,86,3,881.26,293.75,533,174,0,Loyal Customers,2
13663,United Kingdom,2011-06-13 15:44:00,2011-06-13 15:44:00,180,1,189.47,189.47,91,0,3,At Risk,4
13666,United Kingdom,2011-02-25 13:05:00,2011-10-10 15:39:00,61,3,84.65,28.22,41,227,3,At Risk,4
13667,United Kingdom,2011-07-13 15:42:00,2011-07-13 15:42:00,150,1,299.05,299.05,149,0,3,At Risk,4
13668,United Kingdom,2010-12-12 12:35:00,2011-12-07 12:11:00,3,21,6309.83,300.47,3722,360,2,Champions,1
13669,United Kingdom,2011-07-13 11:44:00,2011-10-20 09:32:00,51,2,218.55,109.28,237,99,1,Potential Loyalists,3
13670,United Kingdom,2011-09-25 15:25:00,2011-09-25 15:25:00,76,1,349.7,349.7,282,0,3,At Risk,4
13672,United Kingdom,2011-01-11 13:54:00,2011-02-11 13:53:00,302,2,186.39,93.2,57,31,3,At Risk,4
13673,United Kingdom,2011-11-07 15:40:00,2011-11-21 12:11:00,19,2,387.44,193.72,114,14,1,Potential Loyalists,3
13675,United Kingdom,2011-02-28 12:14:00,2011-07-11 12:57:00,152,2,486.82,243.41,330,133,3,At Risk,4
13678,United Kingdom,2011-07-11 10:14:00,2011-07-11 10:14:00,152,1,232.6,232.6,924,0,3,At Risk,4
13680,United Kingdom,2011-01-04 14:12:00,2011-12-08 13:47:00,2,4,3719.12,929.78,1934,338,2,Champions,1
13681,United Kingdom,2011-07-07 15:21:00,2011-11-22 11:13:00,18,4,827.83,206.96,360,138,0,Loyal Customers,2
13682,United Kingdom,2011-06-05 14:06:00,2011-06-05 14:06:00,188,1,59.5,59.5,10,0,3,At Risk,4
13684,United Kingdom,2011-02-27 10:13:00,2011-02-27 10:13:00,286,1,65.13,65.13,38,0,3,At Risk,4
13685,United Kingdom,2011-10-10 12:59:00,2011-12-07 11:41:00,3,7,3119.44,445.63,5056,58,2,Champions,1
13686,United Kingdom,2011-06-10 09:10:00,2011-06-10 09:10:00,183,1,72.0,72.0,70,0,3,At Risk,4
13689,United Kingdom,2011-10-07 13:21:00,2011-10-07 13:21:00,64,1,910.0,910.0,512,0,3,At Risk,4
13690,United Kingdom,2011-10-11 15:03:00,2011-10-11 15:03:00,60,1,172.25,172.25,67,0,3,At Risk,4
13692,United Kingdom,2011-04-17 12:57:00,2011-11-15 11:17:00,25,3,1488.32,496.11,1226,212,0,Loyal Customers,2
13694,United Kingdom,2010-12-01 12:12:00,2011-12-06 09:32:00,4,50,65039.62,1300.79,63312,370,2,Champions,1
13695,United Kingdom,2011-03-25 11:31:00,2011-11-08 14:26:00,32,15,2504.13,166.94,1603,228,2,Champions,1
13697,United Kingdom,2011-11-01 09:14:00,2011-11-01 09:14:00,39,1,151.3,151.3,177,0,1,Potential Loyalists,3
13699,United Kingdom,2011-07-07 16:51:00,2011-07-07 16:51:00,156,1,308.58,308.58,66,0,3,At Risk,4
13700,United Kingdom,2011-01-16 13:18:00,2011-11-13 13:00:00,27,10,2248.63,224.86,2281,301,2,Champions,1
13703,United Kingdom,2011-01-25 13:10:00,2011-01-25 13:10:00,319,1,99.5,99.5,10,0,3,At Risk,4
13704,United Kingdom,2011-09-12 14:40:00,2011-12-04 15:13:00,6,9,2308.06,256.45,1531,83,2,Champions,1
13705,United Kingdom,2010-12-01 10:29:00,2011-12-02 12:32:00,8,3,711.86,237.29,363,366,1,Potential Loyalists,3
13706,United Kingdom,2011-02-10 09:21:00,2011-02-10 09:21:00,303,1,330.79,330.79,189,0,3,At Risk,4
13707,United Kingdom,2011-01-28 13:27:00,2011-03-17 18:03:00,268,2,806.41,403.2,351,48,3,At Risk,4
13708,United Kingdom,2011-03-13 13:46:00,2011-03-13 13:46:00,272,1,285.33,285.33,301,0,3,At Risk,4
13709,United Kingdom,2011-01-28 14:57:00,2011-12-06 10:28:00,4,13,6307.65,485.2,3508,312,2,Champions,1
13710,United Kingdom,2011-11-08 08:16:00,2011-11-08 08:16:00,32,1,180.48,180.48,176,0,1,Potential Loyalists,3
13711,United Kingdom,2011-05-05 10:29:00,2011-05-05 10:31:00,219,2,252.06,126.03,140,0,3,At Risk,4
13712,United Kingdom,2011-04-07 12:33:00,2011-04-07 12:33:00,247,1,228.84,228.84,352,0,3,At Risk,4
13715,United Kingdom,2010-12-02 08:52:00,2011-03-03 19:21:00,282,5,1077.39,215.48,562,91,0,Loyal Customers,2
13716,United Kingdom,2011-03-15 13:49:00,2011-03-15 13:49:00,270,1,138.28,138.28,138,0,3,At Risk,4
13717,United Kingdom,2011-02-14 13:21:00,2011-11-07 14:13:00,33,6,1445.01,240.84,1959,266,0,Loyal Customers,2
13718,United Kingdom,2011-02-17 11:58:00,2011-04-07 13:24:00,247,2,306.55,153.28,173,49,3,At Risk,4
13719,United Kingdom,2011-04-19 13:56:00,2011-11-24 15:26:00,16,5,1041.68,208.34,609,219,0,Loyal Customers,2
13720,United Kingdom,2011-03-30 09:17:00,2011-08-15 12:46:00,117,4,799.9,199.98,501,138,0,Loyal Customers,2
13721,United Kingdom,2011-11-03 14:05:00,2011-11-03 14:05:00,37,1,524.14,524.14,316,0,1,Potential Loyalists,3
13722,United Kingdom,2011-03-02 11:43:00,2011-07-31 12:44:00,132,3,2375.41,791.8,1401,151,0,Loyal Customers,2
13723,United Kingdom,2011-05-06 17:04:00,2011-05-06 17:04:00,218,1,199.85,199.85,43,0,3,At Risk,4
13725,United Kingdom,2011-02-04 12:18:00,2011-10-21 10:03:00,50,8,1980.56,247.57,806,259,0,Loyal Customers,2
13726,United Kingdom,2011-08-31 11:06:00,2011-11-01 10:49:00,39,2,1079.66,539.83,1054,62,0,Loyal Customers,2
13727,United Kingdom,2011-11-06 12:16:00,2011-11-11 09:46:00,29,2,333.48,166.74,162,5,1,Potential Loyalists,3
13728,United Kingdom,2011-02-02 12:09:00,2011-11-03 10:49:00,37,6,1016.14,169.36,458,274,0,Loyal Customers,2
13730,United Kingdom,2011-07-01 12:47:00,2011-07-27 08:35:00,136,2,752.6,376.3,488,26,3,At Risk,4
13731,United Kingdom,2011-04-07 10:10:00,2011-05-04 14:33:00,220,2,610.59,305.3,278,27,3,At Risk,4
13732,United Kingdom,2011-11-11 15:49:00,2011-11-11 15:49:00,29,1,491.86,491.86,498,0,1,Potential Loyalists,3
13735,United Kingdom,2011-04-19 13:49:00,2011-11-15 11:14:00,25,4,2883.54,720.88,1128,210,0,Loyal Customers,2
13736,United Kingdom,2011-03-24 13:04:00,2011-12-04 15:19:00,6,2,729.8,364.9,496,255,1,Potential Loyalists,3
13737,United Kingdom,2011-05-23 16:32:00,2011-05-23 16:32:00,201,1,339.6,339.6,125,0,3,At Risk,4
13739,United Kingdom,2011-11-21 13:35:00,2011-11-21 13:35:00,19,1,216.9,216.9,54,0,1,Potential Loyalists,3
13740,United Kingdom,2011-04-13 10:32:00,2011-04-13 10:32:00,241,1,350.75,350.75,425,0,3,At Risk,4
13741,United Kingdom,2011-05-06 13:43:00,2011-09-29 09:19:00,72,3,668.43,222.81,218,146,0,Loyal Customers,2
13742,United Kingdom,2011-01-23 14:59:00,2011-11-23 11:07:00,17,12,3107.87,258.99,1115,304,2,Champions,1
13743,United Kingdom,2011-03-25 14:46:00,2011-12-07 10:09:00,3,7,1341.6,191.66,1776,257,2,Champions,1
13744,United Kingdom,2011-02-20 14:08:00,2011-09-05 15:19:00,96,2,1080.52,540.26,1153,197,0,Loyal Customers,2
13745,United Kingdom,2011-06-30 16:43:00,2011-06-30 16:43:00,163,1,300.04,300.04,496,0,3,At Risk,4
13747,United Kingdom,2010-12-01 10:37:00,2010-12-01 10:37:00,374,1,79.6,79.6,8,0,3,At Risk,4
13748,United Kingdom,2010-12-01 09:00:00,2011-09-05 09:45:00,96,5,948.25,189.65,439,278,0,Loyal Customers,2
13750,United Kingdom,2011-01-07 11:49:00,2011-10-17 12:16:00,54,5,1647.26,329.45,516,283,0,Loyal Customers,2
13751,United Kingdom,2011-02-24 15:56:00,2011-02-24 15:56:00,289,1,296.25,296.25,152,0,3,At Risk,4
13752,United Kingdom,2011-04-07 12:04:00,2011-08-07 14:16:00,125,6,1175.38,195.9,874,122,0,Loyal Customers,2
13753,United Kingdom,2011-02-25 12:48:00,2011-02-25 12:48:00,288,1,741.26,741.26,512,0,3,At Risk,4
13754,United Kingdom,2011-01-26 14:58:00,2011-07-11 11:51:00,152,2,282.6,141.3,214,166,3,At Risk,4
13755,United Kingdom,2011-10-07 15:45:00,2011-12-06 12:26:00,4,9,2108.06,234.23,1242,60,2,Champions,1
13756,United Kingdom,2010-12-07 11:41:00,2011-12-07 16:44:00,3,14,5189.52,370.68,3188,365,2,Champions,1
13758,United Kingdom,2010-12-01 12:08:00,2011-11-28 11:11:00,12,7,3190.55,455.79,1844,362,2,Champions,1
13759,United Kingdom,2011-09-29 15:40:00,2011-11-06 14:47:00,34,2,659.41,329.7,287,38,1,Potential Loyalists,3
13760,United Kingdom,2011-03-28 12:52:00,2011-10-16 16:13:00,55,2,286.79,143.4,197,202,1,Potential Loyalists,3
13761,United Kingdom,2011-06-13 08:43:00,2011-10-20 14:01:00,51,2,1070.65,535.33,642,129,0,Loyal Customers,2
13762,United Kingdom,2011-05-05 09:15:00,2011-05-05 09:15:00,219,1,306.72,306.72,272,0,3,At Risk,4
13763,United Kingdom,2011-10-07 15:13:00,2011-10-07 15:13:00,64,1,1714.96,1714.96,728,0,0,Loyal Customers,2
13764,United Kingdom,2011-01-06 14:53:00,2011-09-30 12:03:00,71,3,1519.42,506.47,926,267,0,Loyal Customers,2
13767,United Kingdom,2010-12-01 10:47:00,2011-12-07 15:00:00,3,37,17220.36,465.42,7322,371,2,Champions,1
13769,United Kingdom,2010-12-07 13:28:00,2011-12-07 15:08:00,3,10,2796.51,279.65,1163,365,2,Champions,1
13771,United Kingdom,2011-04-06 15:47:00,2011-10-06 14:18:00,65,4,2634.45,658.61,1477,183,0,Loyal Customers,2
13772,United Kingdom,2011-04-14 12:31:00,2011-11-06 11:43:00,34,3,1122.63,374.21,540,206,0,Loyal Customers,2
13774,United Kingdom,2011-09-19 12:06:00,2011-09-19 12:06:00,82,1,345.0,345.0,192,0,3,At Risk,4
13777,United Kingdom,2010-12-01 16:01:00,2011-12-09 12:25:00,1,33,25977.16,787.19,12897,373,2,Champions,1
13778,United Kingdom,2011-08-28 15:25:00,2011-08-28 15:25:00,104,1,178.7,178.7,70,0,3,At Risk,4
13780,United Kingdom,2011-06-22 11:43:00,2011-12-02 13:49:00,8,2,360.01,180.0,318,163,1,Potential Loyalists,3
13781,United Kingdom,2011-04-03 12:08:00,2011-04-03 12:08:00,251,1,127.84,127.84,30,0,3,At Risk,4
13782,United Kingdom,2011-01-16 11:08:00,2011-11-27 11:54:00,13,6,908.86,151.48,369,315,0,Loyal Customers,2
13784,United Kingdom,2011-01-11 14:38:00,2011-11-30 09:33:00,10,11,2462.79,223.89,2493,323,2,Champions,1
13786,United Kingdom,2010-12-07 13:53:00,2010-12-07 13:53:00,368,1,230.4,230.4,136,0,3,At Risk,4
13787,United Kingdom,2010-12-10 14:45:00,2011-09-25 12:06:00,76,2,309.04,154.52,337,289,3,At Risk,4
13790,United Kingdom,2011-12-05 15:48:00,2011-12-05 15:48:00,5,1,348.8,348.8,748,0,1,Potential Loyalists,3
13791,United Kingdom,2011-06-24 16:38:00,2011-08-04 11:44:00,128,2,1516.0,758.0,1200,41,0,Loyal Customers,2
13792,United Kingdom,2011-02-25 14:03:00,2011-10-04 14:31:00,67,2,195.55,97.78,92,221,3,At Risk,4
13798,United Kingdom,2010-12-02 17:24:00,2011-12-08 15:51:00,2,57,37153.85,651.82,23948,371,2,Champions,1
13799,United Kingdom,2011-02-18 14:18:00,2011-08-15 12:07:00,117,2,688.86,344.43,402,178,3,At Risk,4
13800,United Kingdom,2011-02-03 12:27:00,2011-02-03 12:27:00,310,1,558.32,558.32,331,0,3,At Risk,4
13801,United Kingdom,2011-10-04 10:15:00,2011-10-04 10:15:00,67,1,324.8,324.8,168,0,3,At Risk,4
13802,United Kingdom,2011-02-01 12:03:00,2011-07-24 10:54:00,139,3,4599.42,1533.14,2572,173,0,Loyal Customers,2
13803,United Kingdom,2011-03-29 12:57:00,2011-03-29 12:57:00,256,1,277.07,277.07,121,0,3,At Risk,4
13804,United Kingdom,2011-02-23 09:09:00,2011-11-09 12:32:00,31,7,2588.39,369.77,1462,259,0,Loyal Customers,2
13805,United Kingdom,2011-08-02 15:29:00,2011-10-18 14:50:00,53,2,924.6,462.3,1900,77,0,Loyal Customers,2
13806,United Kingdom,2011-10-07 11:43:00,2011-10-07 11:43:00,64,1,256.38,256.38,56,0,3,At Risk,4
13807,United Kingdom,2010-12-07 15:48:00,2010-12-07 15:48:00,368,1,112.6,112.6,36,0,3,At Risk,4
13808,United Kingdom,2011-09-04 12:07:00,2011-12-04 12:18:00,6,5,1747.66,349.53,782,91,2,Champions,1
13809,Cyprus,2011-02-07 13:15:00,2011-02-07 13:15:00,306,1,155.05,155.05,29,0,3,At Risk,4
13810,Germany,2011-10-14 12:57:00,2011-11-11 08:33:00,29,3,1499.01,499.67,312,28,0,Loyal Customers,2
13811,Germany,2011-04-14 18:40:00,2011-06-09 09:54:00,184,3,814.5,271.5,68,56,0,Loyal Customers,2
13812,Germany,2011-08-26 12:54:00,2011-10-28 14:27:00,43,3,539.0,179.67,333,63,0,Loyal Customers,2
13813,Germany,2011-07-28 10:33:00,2011-10-31 10:38:00,40,4,1366.86,341.72,552,95,0,Loyal Customers,2
13814,Germany,2011-07-25 13:54:00,2011-09-08 13:48:00,93,2,1579.12,789.56,864,45,0,Loyal Customers,2
13815,Germany,2011-01-25 12:16:00,2011-11-17 14:19:00,23,4,4027.36,1006.84,2560,296,0,Loyal Customers,2
13816,Germany,2011-10-06 14:37:00,2011-11-16 08:38:00,24,2,571.67,285.83,269,41,1,Potential Loyalists,3
13817,Germany,2010-12-23 11:46:00,2011-11-10 17:49:00,30,2,382.98,191.49,211,322,1,Potential Loyalists,3
13819,United Kingdom,2011-01-24 10:38:00,2011-02-11 10:38:00,302,3,1140.35,380.12,1109,18,0,Loyal Customers,2
13821,United Kingdom,2011-03-23 11:30:00,2011-07-18 09:49:00,145,2,385.64,192.82,153,117,3,At Risk,4
13822,United Kingdom,2011-10-30 15:55:00,2011-12-04 12:13:00,6,2,632.0,316.0,611,35,1,Potential Loyalists,3
13823,United Kingdom,2011-09-09 10:42:00,2011-11-21 10:22:00,19,2,957.66,478.83,439,73,1,Potential Loyalists,3
13824,United Kingdom,2011-02-02 13:07:00,2011-11-07 12:41:00,33,5,1698.94,339.79,768,278,0,Loyal Customers,2
13826,United Kingdom,2011-06-16 13:48:00,2011-06-16 13:48:00,177,1,189.5,189.5,82,0,3,At Risk,4
13827,United Kingdom,2011-07-19 15:38:00,2011-10-13 12:38:00,58,3,409.8,136.6,138,86,0,Loyal Customers,2
13828,United Kingdom,2011-11-17 16:02:00,2011-11-17 16:02:00,23,1,209.49,209.49,311,0,1,Potential Loyalists,3
13831,United Kingdom,2010-12-05 12:13:00,2011-11-23 15:41:00,17,6,2198.45,366.41,743,353,2,Champions,1
13832,United Kingdom,2011-11-20 15:36:00,2011-11-20 15:36:00,20,1,52.2,52.2,28,0,1,Potential Loyalists,3
13833,United Kingdom,2011-07-03 13:27:00,2011-07-03 13:27:00,160,1,383.85,383.85,117,0,3,At Risk,4
13835,United Kingdom,2011-05-08 15:22:00,2011-11-14 15:37:00,26,4,834.57,208.64,442,190,0,Loyal Customers,2
13837,United Kingdom,2011-01-26 12:15:00,2011-05-12 12:10:00,212,2,266.59,133.29,182,106,3,At Risk,4
13838,United Kingdom,2010-12-05 10:45:00,2011-12-04 11:00:00,6,4,674.82,168.7,254,364,1,Potential Loyalists,3
13841,United Kingdom,2011-04-01 12:10:00,2011-04-01 12:10:00,253,1,85.0,85.0,100,0,3,At Risk,4
13842,United Kingdom,2010-12-08 10:39:00,2011-10-12 10:51:00,59,9,3385.62,376.18,1768,308,0,Loyal Customers,2
13844,United Kingdom,2011-11-28 13:21:00,2011-11-28 13:21:00,12,1,361.62,361.62,196,0,1,Potential Loyalists,3
13845,United Kingdom,2011-10-06 08:25:00,2011-10-06 08:25:00,65,1,312.98,312.98,182,0,3,At Risk,4
13846,United Kingdom,2010-12-14 16:07:00,2011-11-15 12:07:00,25,3,865.06,288.35,388,336,0,Loyal Customers,2
13848,United Kingdom,2010-12-08 15:10:00,2011-09-08 12:58:00,93,3,1255.0,418.33,3700,274,0,Loyal Customers,2
13849,United Kingdom,2011-06-22 10:11:00,2011-10-19 10:59:00,52,2,1537.95,768.98,1016,119,0,Loyal Customers,2
13850,United Kingdom,2011-08-02 14:04:00,2011-08-02 14:04:00,130,1,1595.48,1595.48,944,0,3,At Risk,4
13851,United Kingdom,2011-02-24 17:18:00,2011-09-05 12:36:00,96,3,2651.46,883.82,1705,193,0,Loyal Customers,2
13853,United Kingdom,2011-10-13 14:18:00,2011-10-13 14:18:00,58,1,1090.14,1090.14,312,0,0,Loyal Customers,2
13854,United Kingdom,2010-12-09 10:48:00,2011-12-01 09:06:00,9,25,8109.52,324.38,2296,357,2,Champions,1
13856,United Kingdom,2011-05-20 13:13:00,2011-06-24 10:03:00,169,3,388.5,129.5,494,35,3,At Risk,4
13858,United Kingdom,2011-10-13 16:17:00,2011-10-13 16:17:00,58,1,216.17,216.17,75,0,3,At Risk,4
13859,United Kingdom,2011-01-17 16:14:00,2011-01-17 16:14:00,327,1,201.16,201.16,129,0,3,At Risk,4
13860,United Kingdom,2011-09-14 09:27:00,2011-12-08 12:57:00,2,5,1245.9,249.18,591,85,2,Champions,1
13862,United Kingdom,2011-01-11 15:13:00,2011-11-21 16:24:00,19,8,2209.36,276.17,1688,314,2,Champions,1
13863,United Kingdom,2011-04-06 10:20:00,2011-04-06 10:20:00,248,1,305.78,305.78,224,0,3,At Risk,4
13865,United Kingdom,2011-02-23 12:04:00,2011-10-12 13:31:00,59,4,501.56,125.39,204,231,0,Loyal Customers,2
13866,United Kingdom,2011-09-26 14:54:00,2011-09-26 14:54:00,75,1,145.67,145.67,57,0,3,At Risk,4
13867,United Kingdom,2011-05-05 17:28:00,2011-11-08 15:48:00,32,3,1005.09,335.03,501,187,0,Loyal Customers,2
13868,United Kingdom,2011-11-01 12:45:00,2011-12-02 16:32:00,8,2,3192.54,1596.27,1964,31,0,Loyal Customers,2
13869,United Kingdom,2010-12-17 15:14:00,2011-08-08 13:53:00,124,4,3083.65,770.91,1709,234,0,Loyal Customers,2
13870,United Kingdom,2011-02-25 09:09:00,2011-12-07 13:23:00,3,8,2770.94,346.37,1325,285,2,Champions,1
13871,United Kingdom,2011-02-04 09:30:00,2011-11-17 10:49:00,23,13,6403.25,492.56,2806,286,2,Champions,1
13873,United Kingdom,2011-02-03 09:37:00,2011-08-12 10:08:00,120,3,389.6,129.87,140,190,3,At Risk,4
13874,United Kingdom,2010-12-16 18:20:00,2010-12-16 18:20:00,359,1,540.45,540.45,180,0,3,At Risk,4
13875,United Kingdom,2011-02-11 15:39:00,2011-10-17 09:36:00,54,5,1786.79,357.36,1316,248,0,Loyal Customers,2
13876,United Kingdom,2011-10-07 10:22:00,2011-10-07 10:22:00,64,1,122.7,122.7,36,0,3,At Risk,4
13877,United Kingdom,2011-09-14 15:49:00,2011-09-14 15:49:00,87,1,117.24,117.24,108,0,3,At Risk,4
13878,United Kingdom,2011-10-16 12:19:00,2011-10-16 12:19:00,55,1,1271.57,1271.57,463,0,0,Loyal Customers,2
13880,United Kingdom,2010-12-07 14:00:00,2011-11-18 13:44:00,22,13,3219.77,247.67,1842,346,2,Champions,1
13881,United Kingdom,2011-02-01 10:14:00,2011-12-06 12:50:00,4,20,17159.52,857.98,10118,308,2,Champions,1
13882,United Kingdom,2011-10-06 15:28:00,2011-12-07 11:16:00,3,5,1191.13,238.23,953,62,2,Champions,1
13883,United Kingdom,2011-03-31 17:17:00,2011-11-29 10:45:00,11,5,2674.48,534.9,1436,243,2,Champions,1
13884,United Kingdom,2011-03-01 13:40:00,2011-12-02 16:30:00,8,5,787.6,157.52,300,276,1,Potential Loyalists,3
13885,United Kingdom,2011-05-23 08:52:00,2011-06-03 15:07:00,190,2,506.8,253.4,182,11,3,At Risk,4
13886,United Kingdom,2011-09-29 13:17:00,2011-09-29 13:17:00,72,1,243.56,243.56,126,0,3,At Risk,4
13887,United Kingdom,2011-05-19 17:22:00,2011-05-19 17:22:00,205,1,349.55,349.55,147,0,3,At Risk,4
13888,United Kingdom,2011-05-05 14:41:00,2011-08-12 10:13:00,120,2,595.67,297.83,254,99,3,At Risk,4
13889,United Kingdom,2011-09-08 09:13:00,2011-09-08 09:13:00,93,1,416.9,416.9,146,0,3,At Risk,4
13890,United Kingdom,2010-12-16 09:31:00,2011-12-08 15:36:00,2,10,1883.81,188.38,831,357,2,Champions,1
13892,United Kingdom,2011-04-07 12:04:00,2011-11-13 11:50:00,27,4,632.97,158.24,983,220,0,Loyal Customers,2
13893,United Kingdom,2011-02-15 11:30:00,2011-02-15 11:30:00,298,1,821.1,821.1,190,0,3,At Risk,4
13894,United Kingdom,2011-02-02 12:54:00,2011-11-16 09:44:00,24,3,564.62,188.21,354,287,1,Potential Loyalists,3
13895,United Kingdom,2011-06-28 10:17:00,2011-11-11 16:57:00,29,4,2593.07,648.27,1365,136,0,Loyal Customers,2
13897,United Kingdom,2011-10-20 14:30:00,2011-10-20 14:30:00,51,1,311.16,311.16,200,0,3,At Risk,4
13898,United Kingdom,2011-01-18 10:28:00,2011-01-18 10:28:00,326,1,155.93,155.93,133,0,3,At Risk,4
13899,United Kingdom,2011-03-10 09:30:00,2011-11-23 13:40:00,17,2,388.52,194.26,156,258,1,Potential Loyalists,3
13900,United Kingdom,2011-03-22 10:13:00,2011-06-09 19:26:00,184,3,740.95,246.98,430,79,0,Loyal Customers,2
13901,United Kingdom,2011-01-25 09:01:00,2011-09-28 14:48:00,73,5,2867.2,573.44,1739,246,0,Loyal Customers,2
13904,United Kingdom,2011-02-18 11:18:00,2011-11-02 13:41:00,38,2,332.64,166.32,332,257,1,Potential Loyalists,3
13908,United Kingdom,2011-03-08 12:04:00,2011-09-21 11:49:00,80,4,2369.55,592.39,1478,197,0,Loyal Customers,2
13911,United Kingdom,2011-02-04 14:46:00,2011-10-13 15:43:00,58,9,2580.91,286.77,2731,251,0,Loyal Customers,2
13914,United Kingdom,2011-11-03 16:28:00,2011-11-28 10:35:00,12,2,626.45,313.23,380,25,1,Potential Loyalists,3
13917,United Kingdom,2011-06-01 12:46:00,2011-10-21 09:56:00,50,2,272.04,136.02,228,142,1,Potential Loyalists,3
13918,United Kingdom,2011-03-31 18:05:00,2011-10-21 12:25:00,50,2,1212.84,606.42,1140,204,0,Loyal Customers,2
13919,Denmark,2011-08-10 10:15:00,2011-10-11 14:24:00,60,2,384.81,192.4,474,62,3,At Risk,4
13922,United Kingdom,2010-12-23 10:38:00,2010-12-23 10:38:00,352,1,172.25,172.25,93,0,3,At Risk,4
13923,United Kingdom,2011-10-17 12:33:00,2011-10-17 12:33:00,54,1,351.13,351.13,185,0,3,At Risk,4
13924,United Kingdom,2011-09-28 15:07:00,2011-12-08 09:39:00,2,6,1838.85,306.47,1575,71,2,Champions,1
13925,United Kingdom,2011-07-28 12:09:00,2011-09-08 12:47:00,93,4,678.25,169.56,331,42,0,Loyal Customers,2
13926,United Kingdom,2011-11-16 13:16:00,2011-11-16 13:16:00,24,1,223.85,223.85,104,0,1,Potential Loyalists,3
13927,United Kingdom,2011-09-26 12:00:00,2011-09-26 12:00:00,75,1,348.99,348.99,214,0,3,At Risk,4
13928,United Kingdom,2011-07-29 15:59:00,2011-11-29 10:33:00,11,4,464.57,116.14,129,123,1,Potential Loyalists,3
13929,United Kingdom,2011-01-17 15:11:00,2011-06-23 15:26:00,170,2,842.65,421.32,143,157,3,At Risk,4
13930,United Kingdom,2011-07-26 11:00:00,2011-10-13 09:45:00,58,2,337.34,168.67,274,79,3,At Risk,4
13931,United Kingdom,2011-03-04 08:43:00,2011-09-05 10:12:00,96,2,1237.53,618.76,725,185,0,Loyal Customers,2
13932,United Kingdom,2011-02-18 12:02:00,2011-02-18 12:02:00,295,1,307.4,307.4,72,0,3,At Risk,4
13933,United Kingdom,2011-07-14 13:35:00,2011-08-22 14:03:00,110,2,608.79,304.4,205,39,3,At Risk,4
13934,United Kingdom,2011-03-21 08:39:00,2011-03-21 08:39:00,264,1,922.1,922.1,390,0,3,At Risk,4
13936,United Kingdom,2011-06-13 08:47:00,2011-06-13 08:47:00,180,1,376.58,376.58,330,0,3,At Risk,4
13937,United Kingdom,2011-06-23 16:35:00,2011-06-23 16:35:00,170,1,158.85,158.85,123,0,3,At Risk,4
13938,United Kingdom,2011-11-04 14:37:00,2011-11-04 14:37:00,36,1,71.66,71.66,70,0,1,Potential Loyalists,3
13939,United Kingdom,2011-02-01 11:30:00,2011-11-16 13:33:00,24,3,568.55,189.52,847,288,1,Potential Loyalists,3
13940,United Kingdom,2011-07-18 16:05:00,2011-11-22 15:15:00,18,4,839.14,209.78,516,127,0,Loyal Customers,2
13941,United Kingdom,2010-12-02 10:17:00,2011-11-18 09:43:00,22,5,5112.96,1022.59,2364,351,2,Champions,1
13946,United Kingdom,2011-03-17 10:02:00,2011-09-21 13:33:00,80,3,561.57,187.19,443,188,0,Loyal Customers,2
13947,United Kingdom,2011-10-05 14:42:00,2011-10-05 14:42:00,66,1,90.6,90.6,44,0,3,At Risk,4
13948,United Kingdom,2010-12-14 10:18:00,2010-12-14 10:18:00,361,1,102.0,102.0,40,0,3,At Risk,4
13949,United Kingdom,2011-09-06 11:55:00,2011-12-07 09:35:00,3,6,2427.32,404.55,2474,92,2,Champions,1
13950,United Kingdom,2011-04-07 11:29:00,2011-11-28 14:44:00,12,4,745.06,186.26,323,235,1,Potential Loyalists,3
13951,United Kingdom,2011-02-18 15:21:00,2011-06-16 16:43:00,177,3,674.45,224.82,459,118,3,At Risk,4
13952,United Kingdom,2011-04-15 09:27:00,2011-05-06 09:00:00,218,2,3251.07,1625.54,1431,21,0,Loyal Customers,2
13953,United Kingdom,2010-12-22 10:29:00,2011-12-02 16:04:00,8,7,3515.68,502.24,2724,345,2,Champions,1
13954,United Kingdom,2011-09-30 10:52:00,2011-12-08 12:50:00,2,2,439.92,219.96,150,69,1,Potential Loyalists,3
13955,United Kingdom,2011-02-07 12:24:00,2011-07-08 17:19:00,155,2,322.96,161.48,154,151,3,At Risk,4
13956,United Kingdom,2011-03-13 12:51:00,2011-12-04 13:20:00,6,5,1019.27,203.85,486,266,2,Champions,1
13959,United Kingdom,2010-12-12 13:56:00,2011-09-21 15:06:00,80,3,594.04,198.01,355,283,0,Loyal Customers,2
13960,United Kingdom,2011-09-29 12:39:00,2011-11-18 15:27:00,22,2,230.22,115.11,142,50,1,Potential Loyalists,3
13962,United Kingdom,2011-04-08 11:21:00,2011-11-18 08:47:00,22,2,169.55,84.78,87,224,1,Potential Loyalists,3
13963,United Kingdom,2010-12-07 09:21:00,2011-02-04 14:43:00,309,4,664.54,166.14,460,59,3,At Risk,4
13967,United Kingdom,2011-07-17 12:02:00,2011-07-17 12:02:00,146,1,80.7,80.7,42,0,3,At Risk,4
13969,United Kingdom,2010-12-09 19:32:00,2011-12-02 15:11:00,8,18,9024.17,501.34,4528,358,2,Champions,1
13971,United Kingdom,2011-02-27 12:27:00,2011-11-21 12:06:00,19,8,2758.26,344.78,1844,267,2,Champions,1
13972,United Kingdom,2011-05-22 11:34:00,2011-09-30 11:54:00,71,2,190.25,95.12,187,131,3,At Risk,4
13973,United Kingdom,2011-02-25 15:21:00,2011-02-25 15:21:00,288,1,264.7,264.7,109,0,3,At Risk,4
13974,United Kingdom,2011-10-21 14:41:00,2011-10-21 14:41:00,50,1,413.59,413.59,249,0,1,Potential Loyalists,3
13975,United Kingdom,2011-03-08 12:19:00,2011-11-08 13:19:00,32,6,2461.24,410.21,1697,245,0,Loyal Customers,2
13976,United Kingdom,2011-05-17 09:13:00,2011-05-17 09:13:00,207,1,357.98,357.98,154,0,3,At Risk,4
13978,United Kingdom,2011-10-25 15:04:00,2011-11-25 11:36:00,15,2,196.79,98.4,315,31,1,Potential Loyalists,3
13979,United Kingdom,2011-09-27 13:32:00,2011-09-27 13:32:00,74,1,869.87,869.87,639,0,3,At Risk,4
13980,United Kingdom,2011-10-10 13:34:00,2011-10-10 13:34:00,61,1,200.14,200.14,172,0,3,At Risk,4
13982,United Kingdom,2010-12-09 13:57:00,2011-10-31 16:24:00,40,4,1871.81,467.95,1136,326,0,Loyal Customers,2
13983,United Kingdom,2010-12-08 10:38:00,2011-11-10 11:06:00,30,12,2603.43,216.95,1183,337,2,Champions,1
13984,United Kingdom,2010-12-08 15:58:00,2011-11-13 12:38:00,27,5,920.51,184.1,679,340,0,Loyal Customers,2
13985,United Kingdom,2011-03-20 13:48:00,2011-12-05 17:06:00,5,15,7060.13,470.68,3445,260,2,Champions,1
13986,United Kingdom,2011-11-22 15:00:00,2011-11-22 15:00:00,18,1,320.46,320.46,430,0,1,Potential Loyalists,3
13988,United Kingdom,2011-03-30 11:48:00,2011-11-20 10:15:00,20,6,4147.96,691.33,3044,235,2,Champions,1
13989,United Kingdom,2011-04-14 15:39:00,2011-10-05 09:47:00,66,2,1266.08,633.04,1313,174,0,Loyal Customers,2
13990,United Kingdom,2011-05-10 15:19:00,2011-05-10 15:19:00,214,1,311.3,311.3,190,0,3,At Risk,4
13991,United Kingdom,2011-07-19 12:58:00,2011-11-27 16:18:00,13,6,852.88,142.15,995,131,0,Loyal Customers,2
13992,United Kingdom,2011-11-09 15:23:00,2011-11-09 15:23:00,31,1,76.8,76.8,64,0,1,Potential Loyalists,3
13993,United Kingdom,2011-01-13 10:43:00,2011-10-28 09:06:00,43,9,3466.36,385.15,900,288,2,Champions,1
13994,United Kingdom,2011-07-14 18:28:00,2011-12-06 11:05:00,4,6,2274.14,379.02,932,145,2,Champions,1
13995,United Kingdom,2011-04-08 08:20:00,2011-11-24 14:22:00,16,5,1393.69,278.74,879,230,0,Loyal Customers,2
13999,United Kingdom,2010-12-13 11:23:00,2011-11-29 13:40:00,11,12,3901.81,325.15,2243,351,2,Champions,1
14000,United Kingdom,2011-05-12 16:50:00,2011-05-12 16:50:00,212,1,635.66,635.66,710,0,3,At Risk,4
14001,United Kingdom,2010-12-01 12:58:00,2011-10-25 10:31:00,46,3,2043.08,681.03,962,328,0,Loyal Customers,2
14002,United Kingdom,2011-07-06 14:59:00,2011-07-28 15:55:00,135,2,529.73,264.86,877,22,3,At Risk,4
14004,United Kingdom,2011-02-24 09:28:00,2011-10-27 14:40:00,44,7,4582.64,654.66,2668,245,0,Loyal Customers,2
14005,United Kingdom,2011-05-08 10:33:00,2011-11-30 12:41:00,10,5,2874.72,574.94,2478,206,2,Champions,1
14006,United Kingdom,2011-01-31 15:11:00,2011-08-16 09:39:00,116,3,962.19,320.73,641,197,0,Loyal Customers,2
14009,United Kingdom,2011-05-18 13:00:00,2011-05-25 15:47:00,199,2,695.61,347.8,365,7,3,At Risk,4
14012,United Kingdom,2011-03-07 12:26:00,2011-03-07 12:26:00,278,1,328.8,328.8,160,0,3,At Risk,4
14013,United Kingdom,2011-03-09 08:59:00,2011-08-21 15:01:00,111,3,473.02,157.67,462,165,3,At Risk,4
14014,United Kingdom,2011-09-23 13:18:00,2011-09-23 13:18:00,78,1,505.18,505.18,1076,0,3,At Risk,4
14015,United Kingdom,2011-10-18 10:02:00,2011-10-18 10:02:00,53,1,917.34,917.34,378,0,1,Potential Loyalists,3
14016,EIRE,2010-12-17 14:21:00,2011-07-01 11:29:00,162,4,4341.21,1085.3,2125,196,0,Loyal Customers,2
14019,United Kingdom,2011-07-24 15:39:00,2011-10-24 10:13:00,47,3,1421.61,473.87,1037,92,0,Loyal Customers,2
14020,United Kingdom,2011-09-12 15:32:00,2011-11-23 09:22:00,17,2,642.8,321.4,441,72,1,Potential Loyalists,3
14021,United Kingdom,2011-03-28 15:10:00,2011-07-07 15:46:00,156,3,631.9,210.63,192,101,3,At Risk,4
14022,United Kingdom,2011-04-28 14:39:00,2011-04-28 14:39:00,226,1,440.0,440.0,487,0,3,At Risk,4
14023,United Kingdom,2011-04-03 15:50:00,2011-12-02 13:58:00,8,2,584.07,292.03,345,243,1,Potential Loyalists,3
14024,United Kingdom,2011-08-07 13:31:00,2011-08-10 11:30:00,122,2,327.7,163.85,150,3,3,At Risk,4
14027,United Kingdom,2011-10-10 09:01:00,2011-10-10 09:01:00,61,1,104.82,104.82,62,0,3,At Risk,4
14029,United Kingdom,2011-07-18 16:57:00,2011-10-07 14:46:00,64,2,467.66,233.83,198,81,3,At Risk,4
14030,United Kingdom,2010-12-08 16:11:00,2011-11-21 16:48:00,19,8,2358.84,294.86,1478,348,2,Champions,1
14031,United Kingdom,2010-12-02 16:34:00,2011-12-02 17:13:00,8,19,17286.86,909.83,5788,365,2,Champions,1
14032,United Kingdom,2010-12-08 10:53:00,2011-12-07 15:23:00,3,11,2975.59,270.51,2032,364,2,Champions,1
14034,United Kingdom,2011-07-05 13:06:00,2011-11-17 14:02:00,23,3,648.89,216.3,420,135,1,Potential Loyalists,3
14035,United Kingdom,2011-02-15 12:48:00,2011-11-11 10:03:00,29,5,1428.02,285.6,739,269,0,Loyal Customers,2
14036,United Kingdom,2011-02-28 09:26:00,2011-02-28 09:26:00,285,1,626.65,626.65,268,0,3,At Risk,4
14037,United Kingdom,2010-12-10 11:39:00,2011-06-16 13:57:00,177,2,147.2,73.6,46,188,3,At Risk,4
14038,United Kingdom,2011-05-16 14:05:00,2011-09-22 13:37:00,79,3,1560.38,520.13,965,129,0,Loyal Customers,2
14039,United Kingdom,2011-11-06 13:48:00,2011-11-06 13:48:00,34,1,152.2,152.2,92,0,1,Potential Loyalists,3
14040,United Kingdom,2011-01-12 14:57:00,2011-10-30 12:42:00,41,12,3560.32,296.69,1544,291,2,Champions,1
14041,United Kingdom,2011-03-18 13:25:00,2011-03-18 13:25:00,267,1,141.41,141.41,94,0,3,At Risk,4
14044,United Kingdom,2011-02-03 11:39:00,2011-11-13 12:05:00,27,4,646.42,161.6,304,283,0,Loyal Customers,2
14045,United Kingdom,2010-12-01 11:32:00,2011-08-22 15:27:00,110,4,1659.75,414.94,535,264,0,Loyal Customers,2
14046,United Kingdom,2011-02-28 14:48:00,2011-02-28 14:48:00,285,1,154.99,154.99,460,0,3,At Risk,4
14047,United Kingdom,2010-12-02 10:09:00,2011-12-01 11:43:00,9,5,1308.61,261.72,381,364,0,Loyal Customers,2
14048,United Kingdom,2011-02-07 14:53:00,2011-02-07 14:53:00,306,1,409.93,409.93,288,0,3,At Risk,4
14049,United Kingdom,2011-01-26 11:27:00,2011-11-23 12:20:00,17,4,5578.72,1394.68,3808,301,2,Champions,1
14050,United Kingdom,2011-08-25 13:46:00,2011-11-08 10:00:00,32,2,746.36,373.18,689,75,1,Potential Loyalists,3
14051,United Kingdom,2010-12-08 12:49:00,2011-12-09 10:20:00,1,23,15610.39,678.71,3756,366,2,Champions,1
14052,United Kingdom,2011-11-20 12:30:00,2011-11-20 12:30:00,20,1,225.36,225.36,89,0,1,Potential Loyalists,3
14053,United Kingdom,2011-07-03 12:21:00,2011-08-07 14:27:00,125,2,260.25,130.12,215,35,3,At Risk,4
14054,United Kingdom,2011-10-05 15:49:00,2011-10-05 15:49:00,66,1,92.46,92.46,62,0,3,At Risk,4
14055,United Kingdom,2011-08-25 15:04:00,2011-08-25 15:04:00,107,1,725.64,725.64,216,0,3,At Risk,4
14056,United Kingdom,2011-02-28 15:19:00,2011-12-08 13:36:00,2,23,8152.71,354.47,4252,283,2,Champions,1
14057,United Kingdom,2010-12-14 12:11:00,2011-11-16 10:32:00,24,17,6211.66,365.39,4873,337,2,Champions,1
14059,United Kingdom,2011-03-18 10:06:00,2011-03-18 10:06:00,267,1,183.6,183.6,128,0,3,At Risk,4
14060,United Kingdom,2010-12-02 12:11:00,2011-12-05 12:29:00,5,19,6140.42,323.18,5386,368,2,Champions,1
14062,United Kingdom,2010-12-10 15:56:00,2011-11-30 10:04:00,10,12,10464.85,872.07,5593,355,2,Champions,1
14064,United Kingdom,2011-03-10 12:59:00,2011-11-10 13:14:00,30,5,1334.34,266.87,1772,245,0,Loyal Customers,2
14066,United Kingdom,2011-03-18 12:21:00,2011-03-18 12:21:00,267,1,152.55,152.55,45,0,3,At Risk,4
14067,United Kingdom,2011-09-04 12:00:00,2011-10-07 10:21:00,64,2,374.7,187.35,361,33,3,At Risk,4
14068,United Kingdom,2011-01-23 16:02:00,2011-01-23 16:02:00,321,1,265.85,265.85,73,0,3,At Risk,4
14071,United Kingdom,2011-03-20 11:33:00,2011-12-06 12:27:00,4,8,1437.57,179.7,994,261,2,Champions,1
14073,United Kingdom,2011-11-07 15:49:00,2011-11-07 15:49:00,33,1,151.04,151.04,130,0,1,Potential Loyalists,3
14075,United Kingdom,2011-03-23 16:35:00,2011-12-05 08:38:00,5,3,942.26,314.09,754,257,1,Potential Loyalists,3
14076,United Kingdom,2011-08-02 15:19:00,2011-08-02 15:19:00,130,1,118.67,118.67,79,0,3,At Risk,4
14077,United Kingdom,2011-03-10 15:52:00,2011-10-30 12:35:00,41,5,499.42,99.88,268,234,0,Loyal Customers,2
14078,United Kingdom,2010-12-01 12:54:00,2011-08-30 12:16:00,102,6,1049.37,174.9,310,272,0,Loyal Customers,2
14079,United Kingdom,2011-08-07 12:10:00,2011-08-07 12:10:00,125,1,375.1,375.1,301,0,3,At Risk,4
14080,United Kingdom,2011-11-07 11:09:00,2011-11-07 11:09:00,33,1,45.6,45.6,48,0,1,Potential Loyalists,3
14081,United Kingdom,2010-12-05 15:47:00,2011-02-10 16:17:00,303,2,921.62,460.81,592,67,3,At Risk,4
14082,United Kingdom,2010-12-10 11:02:00,2010-12-10 11:02:00,365,1,182.25,182.25,110,0,3,At Risk,4
14083,United Kingdom,2010-12-03 12:24:00,2011-12-05 13:14:00,5,9,1002.9,111.43,705,367,2,Champions,1
14085,United Kingdom,2010-12-06 12:39:00,2011-12-07 13:46:00,3,18,4421.29,245.63,3177,366,2,Champions,1
14087,United Kingdom,2011-12-07 12:41:00,2011-12-07 12:41:00,3,1,191.47,191.47,250,0,1,Potential Loyalists,3
14088,United Kingdom,2011-01-21 13:07:00,2011-11-29 16:16:00,11,13,50491.81,3883.99,12665,312,2,Champions,1
14089,United Kingdom,2011-10-14 10:38:00,2011-10-14 10:38:00,57,1,158.75,158.75,133,0,3,At Risk,4
14090,United Kingdom,2011-01-19 10:51:00,2011-01-19 10:51:00,325,1,76.32,76.32,72,0,3,At Risk,4
14092,United Kingdom,2010-12-16 15:47:00,2011-12-02 12:13:00,8,14,4076.91,291.21,2066,351,2,Champions,1
14093,United Kingdom,2011-11-27 16:27:00,2011-11-27 16:27:00,13,1,433.86,433.86,391,0,1,Potential Loyalists,3
14096,United Kingdom,2011-08-30 10:49:00,2011-12-05 17:17:00,5,17,65164.79,3833.22,16352,97,2,Champions,1
14098,United Kingdom,2011-11-03 10:13:00,2011-11-03 10:13:00,37,1,147.35,147.35,104,0,1,Potential Loyalists,3
14099,United Kingdom,2010-12-20 11:14:00,2011-11-23 13:53:00,17,11,3104.17,282.2,2179,338,2,Champions,1
14100,United Kingdom,2011-07-25 11:01:00,2011-07-25 11:01:00,138,1,191.95,191.95,63,0,3,At Risk,4
14101,United Kingdom,2011-01-17 13:09:00,2011-09-27 12:28:00,74,6,5976.79,996.13,6942,253,0,Loyal Customers,2
14102,United Kingdom,2011-10-26 12:46:00,2011-12-04 15:38:00,6,5,1105.88,221.18,769,39,2,Champions,1
14104,United Kingdom,2011-06-27 12:49:00,2011-07-08 12:50:00,155,2,216.21,108.1,72,11,3,At Risk,4
14105,United Kingdom,2011-04-14 17:58:00,2011-04-14 17:58:00,240,1,1266.23,1266.23,800,0,3,At Risk,4
14107,United Kingdom,2010-12-10 13:29:00,2011-10-19 12:12:00,52,7,2703.23,386.18,1793,313,0,Loyal Customers,2
14108,United Kingdom,2011-08-30 11:32:00,2011-11-09 10:41:00,31,2,597.91,298.96,381,71,1,Potential Loyalists,3
14109,United Kingdom,2011-09-28 10:18:00,2011-09-28 10:18:00,73,1,144.2,144.2,88,0,3,At Risk,4
14110,United Kingdom,2011-03-18 09:59:00,2011-12-06 12:26:00,4,12,5683.15,473.6,2445,263,2,Champions,1
14111,United Kingdom,2011-04-12 11:36:00,2011-11-25 13:44:00,15,4,692.85,173.21,458,227,1,Potential Loyalists,3
14112,United Kingdom,2011-03-09 11:28:00,2011-11-17 12:30:00,23,7,2915.15,416.45,1651,253,2,Champions,1
14113,United Kingdom,2010-12-20 12:14:00,2011-12-06 12:18:00,4,4,1840.42,460.1,745,351,2,Champions,1
14114,United Kingdom,2011-01-13 11:05:00,2011-03-11 09:42:00,274,2,386.53,193.26,101,57,3,At Risk,4
14116,United Kingdom,2011-08-10 12:44:00,2011-11-20 10:29:00,20,5,1382.74,276.55,707,102,0,Loyal Customers,2
14117,United Kingdom,2011-07-19 09:49:00,2011-07-19 09:49:00,144,1,90.0,90.0,72,0,3,At Risk,4
14121,United Kingdom,2011-10-11 10:39:00,2011-12-06 12:19:00,4,4,2780.15,695.04,2082,56,2,Champions,1
14124,United Kingdom,2011-09-16 13:32:00,2011-09-16 13:32:00,85,1,419.58,419.58,1618,0,3,At Risk,4
14125,United Kingdom,2011-09-22 15:40:00,2011-11-29 12:47:00,11,3,2720.63,906.88,1628,68,0,Loyal Customers,2
14126,United Kingdom,2011-11-29 12:21:00,2011-12-02 11:45:00,8,3,706.13,235.38,508,3,1,Potential Loyalists,3
14127,United Kingdom,2011-02-02 12:26:00,2011-08-09 10:49:00,123,3,709.71,236.57,321,188,0,Loyal Customers,2
14128,United Kingdom,2011-03-29 10:49:00,2011-10-10 12:00:00,61,2,637.5,318.75,564,195,0,Loyal Customers,2
14129,United Kingdom,2011-03-24 08:44:00,2011-12-08 11:02:00,2,5,1123.86,224.77,592,259,2,Champions,1
14130,United Kingdom,2011-01-24 16:05:00,2011-01-24 16:05:00,320,1,480.91,480.91,257,0,3,At Risk,4
14132,United Kingdom,2011-06-09 12:04:00,2011-12-07 13:35:00,3,11,3586.03,326.0,3368,181,2,Champions,1
14133,United Kingdom,2011-01-28 11:27:00,2011-08-02 11:34:00,130,3,605.64,201.88,348,186,0,Loyal Customers,2
14135,United Kingdom,2010-12-02 10:27:00,2011-12-08 11:38:00,2,15,4690.31,312.69,3850,371,2,Champions,1
14138,United Kingdom,2011-10-07 09:38:00,2011-12-08 12:44:00,2,2,965.88,482.94,600,62,1,Potential Loyalists,3
14139,United Kingdom,2011-10-24 13:34:00,2011-10-24 13:34:00,47,1,415.82,415.82,510,0,1,Potential Loyalists,3
14140,United Kingdom,2011-11-08 11:20:00,2011-12-06 09:05:00,4,2,935.05,467.52,811,28,1,Potential Loyalists,3
14141,United Kingdom,2011-08-26 14:40:00,2011-12-07 09:53:00,3,4,915.13,228.78,355,103,1,Potential Loyalists,3
14142,United Kingdom,2010-12-01 16:33:00,2010-12-01 16:33:00,374,1,311.81,311.81,313,0,3,At Risk,4
14143,United Kingdom,2011-07-29 09:48:00,2011-07-29 09:48:00,134,1,115.8,115.8,30,0,3,At Risk,4
14145,United Kingdom,2011-05-06 13:01:00,2011-10-24 12:10:00,47,4,3742.2,935.55,756,171,0,Loyal Customers,2
14146,United Kingdom,2010-12-17 15:52:00,2011-12-01 10:18:00,9,5,4191.0,838.2,2437,349,2,Champions,1
14147,United Kingdom,2011-02-27 11:42:00,2011-09-22 18:10:00,79,2,483.4,241.7,108,207,3,At Risk,4
14148,United Kingdom,2011-04-20 12:02:00,2011-04-20 12:02:00,234,1,157.2,157.2,16,0,3,At Risk,4
14149,United Kingdom,2011-05-03 09:44:00,2011-05-03 09:44:00,221,1,446.62,446.62,218,0,3,At Risk,4
14150,United Kingdom,2010-12-15 10:04:00,2011-11-04 10:05:00,36,2,658.64,329.32,496,324,1,Potential Loyalists,3
14152,United Kingdom,2011-04-19 15:46:00,2011-09-25 12:54:00,76,2,621.29,310.64,711,159,3,At Risk,4
14154,United Kingdom,2011-04-14 15:58:00,2011-04-14 16:26:00,240,2,1345.62,672.81,465,0,0,Loyal Customers,2
14155,United Kingdom,2011-03-18 14:13:00,2011-03-18 14:13:00,267,1,118.75,118.75,25,0,3,At Risk,4
14156,EIRE,2010-12-03 11:48:00,2011-11-30 10:54:00,10,55,117210.08,2131.09,57768,362,2,Champions,1
14157,United Kingdom,2011-02-27 13:04:00,2011-11-20 11:32:00,20,2,424.89,212.44,271,266,1,Potential Loyalists,3
14158,United Kingdom,2011-10-30 15:08:00,2011-10-30 15:08:00,41,1,507.66,507.66,781,0,1,Potential Loyalists,3
14159,United Kingdom,2010-12-12 11:17:00,2011-11-20 12:36:00,20,11,4630.35,420.94,4348,343,2,Champions,1
14161,United Kingdom,2010-12-05 13:18:00,2011-05-08 11:41:00,216,3,1097.62,365.87,450,154,0,Loyal Customers,2
14162,United Kingdom,2011-02-20 12:32:00,2011-06-19 11:36:00,174,2,289.36,144.68,142,119,3,At Risk,4
14163,United Kingdom,2011-04-14 17:33:00,2011-09-13 15:18:00,88,4,2445.91,611.48,893,152,0,Loyal Customers,2
14164,United Kingdom,2011-09-20 12:18:00,2011-09-30 12:24:00,71,2,1631.77,815.88,1033,10,0,Loyal Customers,2
14165,United Kingdom,2011-03-09 12:39:00,2011-03-09 12:39:00,276,1,120.44,120.44,53,0,3,At Risk,4
14167,United Kingdom,2011-01-12 15:44:00,2011-10-31 14:29:00,40,4,562.59,140.65,147,292,0,Loyal Customers,2
14171,United Kingdom,2011-09-02 16:43:00,2011-09-02 16:43:00,99,1,363.79,363.79,167,0,3,At Risk,4
14173,United Kingdom,2011-05-04 14:03:00,2011-11-29 11:54:00,11,4,450.84,112.71,150,209,1,Potential Loyalists,3
14174,United Kingdom,2011-11-06 13:17:00,2011-11-06 13:17:00,34,1,134.46,134.46,94,0,1,Potential Loyalists,3
14175,United Kingdom,2011-01-14 12:22:00,2011-10-11 11:55:00,60,3,3222.3,1074.1,1515,270,0,Loyal Customers,2
14176,United Kingdom,2010-12-07 11:45:00,2011-02-15 13:12:00,298,4,576.9,144.22,209,70,3,At Risk,4
14177,United Kingdom,2011-06-13 11:10:00,2011-09-14 15:11:00,87,4,549.46,137.36,204,93,0,Loyal Customers,2
14178,United Kingdom,2011-06-10 12:51:00,2011-12-01 12:01:00,9,7,1600.26,228.61,1494,174,2,Champions,1
14179,United Kingdom,2011-10-18 14:00:00,2011-10-30 12:07:00,41,2,701.57,350.78,319,12,1,Potential Loyalists,3
14180,United Kingdom,2010-12-02 13:08:00,2011-11-29 10:56:00,11,25,4748.52,189.94,719,362,2,Champions,1
14184,United Kingdom,2011-10-04 12:43:00,2011-10-04 12:43:00,67,1,452.89,452.89,127,0,3,At Risk,4
14185,United Kingdom,2011-01-12 13:52:00,2011-01-12 13:52:00,332,1,197.65,197.65,6,0,3,At Risk,4
14188,United Kingdom,2011-02-02 13:46:00,2011-11-09 12:45:00,31,6,2054.36,342.39,1162,280,0,Loyal Customers,2
14189,United Kingdom,2010-12-06 11:42:00,2011-12-07 15:55:00,3,15,4654.08,310.27,3937,366,2,Champions,1
14191,United Kingdom,2011-05-03 10:30:00,2011-12-08 09:23:00,2,13,4684.76,360.37,3662,219,2,Champions,1
14193,United Kingdom,2011-03-15 11:38:00,2011-10-03 09:34:00,68,2,853.39,426.7,445,202,0,Loyal Customers,2
14194,United Kingdom,2011-02-04 14:51:00,2011-12-05 10:38:00,5,21,11349.52,540.45,5840,304,2,Champions,1
14195,United Kingdom,2011-04-01 16:50:00,2011-05-22 10:29:00,202,2,1012.0,506.0,760,51,3,At Risk,4
14196,United Kingdom,2011-08-25 10:25:00,2011-08-25 10:25:00,107,1,335.52,335.52,142,0,3,At Risk,4
14198,United Kingdom,2011-04-14 14:54:00,2011-11-21 16:35:00,19,4,701.4,175.35,290,221,0,Loyal Customers,2
14199,United Kingdom,2011-05-05 13:44:00,2011-05-05 13:44:00,219,1,185.4,185.4,28,0,3,At Risk,4
14201,United Kingdom,2010-12-15 13:25:00,2011-10-10 13:27:00,61,7,747.44,106.78,590,299,0,Loyal Customers,2
14204,United Kingdom,2011-12-07 13:38:00,2011-12-07 13:38:00,3,1,150.61,150.61,72,0,1,Potential Loyalists,3
14205,United Kingdom,2011-03-20 15:07:00,2011-11-23 10:55:00,17,2,466.7,233.35,204,248,1,Potential Loyalists,3
14206,United Kingdom,2011-04-14 16:38:00,2011-04-14 16:38:00,240,1,328.16,328.16,276,0,3,At Risk,4
14208,United Kingdom,2011-09-06 12:48:00,2011-09-06 12:48:00,95,1,151.74,151.74,114,0,3,At Risk,4
14209,United Kingdom,2011-01-11 12:56:00,2011-11-29 10:18:00,11,6,2073.43,345.57,691,322,2,Champions,1
14210,United Kingdom,2010-12-03 12:43:00,2011-08-26 12:36:00,106,6,1905.84,317.64,760,266,0,Loyal Customers,2
14211,United Kingdom,2011-02-17 15:50:00,2011-10-17 13:23:00,54,9,2241.1,249.01,1242,242,0,Loyal Customers,2
14212,United Kingdom,2011-09-11 12:45:00,2011-09-11 12:45:00,90,1,1070.48,1070.48,1152,0,3,At Risk,4
14214,United Kingdom,2011-03-07 12:26:00,2011-11-09 10:31:00,31,5,1004.38,200.88,751,247,0,Loyal Customers,2
14215,United Kingdom,2010-12-06 15:34:00,2011-11-28 12:19:00,12,6,1789.72,298.29,1358,357,2,Champions,1
14216,United Kingdom,2011-11-02 10:51:00,2011-12-06 14:56:00,4,4,1839.3,459.82,594,34,2,Champions,1
14217,United Kingdom,2010-12-08 13:28:00,2011-12-08 11:53:00,2,17,2004.98,117.94,689,365,2,Champions,1
14218,United Kingdom,2011-10-28 10:00:00,2011-10-28 10:00:00,43,1,169.48,169.48,160,0,1,Potential Loyalists,3
14219,United Kingdom,2011-12-05 16:23:00,2011-12-05 16:23:00,5,1,89.94,89.94,78,0,1,Potential Loyalists,3
14220,United Kingdom,2010-12-16 18:18:00,2011-04-06 13:23:00,248,2,632.4,316.2,272,111,3,At Risk,4
14221,United Kingdom,2011-01-04 15:33:00,2011-10-28 13:42:00,43,9,3432.8,381.42,2191,297,2,Champions,1
14222,United Kingdom,2011-06-15 16:42:00,2011-06-15 16:42:00,178,1,683.17,683.17,607,0,3,At Risk,4
14223,United Kingdom,2011-03-20 16:02:00,2011-09-08 13:38:00,93,3,991.13,330.38,585,172,0,Loyal Customers,2
14224,United Kingdom,2011-01-23 13:58:00,2011-08-21 13:24:00,111,4,1009.73,252.43,483,210,0,Loyal Customers,2
14226,United Kingdom,2011-03-15 15:36:00,2011-11-11 11:34:00,29,5,2214.79,442.96,1296,241,0,Loyal Customers,2
14227,United Kingdom,2011-02-28 12:27:00,2011-11-13 15:48:00,27,10,3350.96,335.1,1820,258,2,Champions,1
14229,United Kingdom,2011-01-10 12:03:00,2011-10-19 10:04:00,52,3,1547.2,515.73,610,282,0,Loyal Customers,2
14231,United Kingdom,2011-02-24 11:55:00,2011-06-09 11:05:00,184,3,925.71,308.57,409,105,0,Loyal Customers,2
14232,United Kingdom,2011-03-20 12:44:00,2011-10-28 11:09:00,43,5,2048.07,409.61,1941,222,0,Loyal Customers,2
14233,United Kingdom,2011-01-26 12:43:00,2011-10-21 15:54:00,50,4,1462.72,365.68,680,268,0,Loyal Customers,2
14234,United Kingdom,2011-10-13 13:58:00,2011-11-17 17:53:00,23,4,754.12,188.53,951,35,0,Loyal Customers,2
14235,United Kingdom,2011-03-24 13:23:00,2011-09-25 14:37:00,76,5,3144.86,628.97,1959,185,0,Loyal Customers,2
14236,United Kingdom,2010-12-02 18:49:00,2011-09-20 09:13:00,81,2,490.86,245.43,310,292,3,At Risk,4
14237,United Kingdom,2010-12-01 13:20:00,2010-12-01 13:20:00,374,1,161.0,161.0,38,0,3,At Risk,4
14238,United Kingdom,2011-01-17 14:40:00,2011-01-17 14:40:00,327,1,146.85,146.85,111,0,3,At Risk,4
14239,United Kingdom,2011-01-27 14:45:00,2011-10-27 14:40:00,44,11,2380.85,216.44,993,273,2,Champions,1
14240,United Kingdom,2011-04-28 11:40:00,2011-11-09 13:45:00,31,2,890.34,445.17,418,195,1,Potential Loyalists,3
14241,United Kingdom,2011-06-09 11:46:00,2011-06-09 11:46:00,184,1,213.7,213.7,146,0,3,At Risk,4
14242,United Kingdom,2011-01-18 08:53:00,2011-04-19 11:46:00,235,2,280.55,140.28,123,91,3,At Risk,4
14243,United Kingdom,2010-12-09 08:34:00,2011-12-01 11:12:00,9,10,2588.77,258.88,1221,357,2,Champions,1
14245,United Kingdom,2011-03-21 10:41:00,2011-05-04 08:40:00,220,2,1693.45,846.72,976,44,0,Loyal Customers,2
14246,United Kingdom,2011-04-08 08:25:00,2011-08-21 11:50:00,111,3,1474.06,491.35,804,135,0,Loyal Customers,2
14247,United Kingdom,2011-03-06 15:21:00,2011-03-06 15:21:00,279,1,136.77,136.77,47,0,3,At Risk,4
14248,United Kingdom,2011-01-25 14:45:00,2011-01-25 14:45:00,319,1,302.58,302.58,102,0,3,At Risk,4
14250,United Kingdom,2011-09-11 13:44:00,2011-12-02 14:30:00,8,3,1904.05,634.68,1200,82,0,Loyal Customers,2
14251,United Kingdom,2011-10-13 12:46:00,2011-12-08 08:32:00,2,5,2879.7,575.94,1674,56,2,Champions,1
14256,United Kingdom,2010-12-10 11:44:00,2011-03-24 13:17:00,261,2,969.06,484.53,414,104,3,At Risk,4
14257,United Kingdom,2011-01-25 10:49:00,2011-10-06 16:54:00,65,5,3099.72,619.94,1682,254,0,Loyal Customers,2
14258,United Kingdom,2011-01-06 12:18:00,2011-11-30 15:27:00,10,9,12669.98,1407.78,7100,328,2,Champions,1
14259,United Kingdom,2011-07-21 10:44:00,2011-07-21 10:44:00,142,1,120.0,120.0,68,0,3,At Risk,4
14261,United Kingdom,2011-09-22 10:47:00,2011-10-20 10:04:00,51,2,1163.45,581.72,406,28,0,Loyal Customers,2
14262,United Kingdom,2011-04-13 12:23:00,2011-12-01 14:17:00,9,8,2618.23,327.28,1645,232,2,Champions,1
14264,United Kingdom,2011-04-08 12:20:00,2011-07-08 10:20:00,155,2,333.97,166.98,70,91,3,At Risk,4
14265,Unspecified,2011-07-14 09:10:00,2011-08-22 13:32:00,110,2,530.18,265.09,330,39,3,At Risk,4
14267,United Kingdom,2011-03-24 11:38:00,2011-06-30 10:09:00,163,3,1516.24,505.41,530,98,0,Loyal Customers,2
14270,United Kingdom,2011-01-12 09:33:00,2011-01-12 09:33:00,332,1,492.65,492.65,197,0,3,At Risk,4
14271,United Kingdom,2011-04-28 12:47:00,2011-04-28 12:47:00,226,1,112.32,112.32,88,0,3,At Risk,4
14272,United Kingdom,2011-03-30 13:57:00,2011-09-27 10:08:00,74,2,437.96,218.98,599,181,3,At Risk,4
14273,United Kingdom,2011-04-11 13:24:00,2011-10-19 13:20:00,52,4,559.97,139.99,264,191,0,Loyal Customers,2
14276,United Kingdom,2011-02-23 09:38:00,2011-09-02 09:45:00,99,3,1119.74,373.25,744,191,0,Loyal Customers,2
14277,France,2011-05-11 13:20:00,2011-11-24 15:01:00,16,3,4188.0,1396.0,1976,197,0,Loyal Customers,2
14280,United Kingdom,2011-05-27 10:37:00,2011-05-27 10:37:00,197,1,134.04,134.04,52,0,3,At Risk,4
14282,United Kingdom,2010-12-07 12:21:00,2011-12-06 17:04:00,4,15,3701.44,246.76,2656,364,2,Champions,1
14284,United Kingdom,2011-09-14 13:04:00,2011-11-09 08:11:00,31,2,595.25,297.62,161,56,1,Potential Loyalists,3
14285,United Kingdom,2011-06-16 12:36:00,2011-11-18 14:50:00,22,4,1910.01,477.5,541,155,0,Loyal Customers,2
14286,United Kingdom,2011-04-11 08:16:00,2011-11-16 10:34:00,24,3,4628.75,1542.92,4338,219,0,Loyal Customers,2
14287,United Kingdom,2011-05-25 11:41:00,2011-12-01 13:25:00,9,3,176.63,58.88,261,190,1,Potential Loyalists,3
14288,United Kingdom,2011-05-10 13:22:00,2011-05-10 13:22:00,214,1,426.6,426.6,188,0,3,At Risk,4
14289,United Kingdom,2011-02-23 12:33:00,2011-12-01 11:44:00,9,6,911.26,151.88,292,281,2,Champions,1
14290,United Kingdom,2010-12-13 10:24:00,2011-11-28 14:02:00,12,5,2314.65,462.93,915,350,2,Champions,1
14291,United Kingdom,2011-03-09 15:20:00,2011-12-08 10:26:00,2,11,3883.25,353.02,2749,274,2,Champions,1
14292,United Kingdom,2011-03-02 08:26:00,2011-12-02 11:50:00,8,9,4871.93,541.33,1663,275,2,Champions,1
14293,United Kingdom,2010-12-06 10:18:00,2011-12-06 15:17:00,4,4,1046.56,261.64,709,365,1,Potential Loyalists,3
14295,United Kingdom,2011-10-30 15:50:00,2011-10-30 15:50:00,41,1,166.2,166.2,84,0,1,Potential Loyalists,3
14297,United Kingdom,2011-03-10 08:31:00,2011-11-22 09:06:00,18,4,1305.33,326.33,865,257,0,Loyal Customers,2
14298,United Kingdom,2010-12-14 12:59:00,2011-12-01 13:12:00,9,44,51527.3,1171.08,58343,352,2,Champions,1
14299,United Kingdom,2010-12-09 10:30:00,2011-12-01 16:05:00,9,9,3965.62,440.62,2149,357,2,Champions,1
14300,United Kingdom,2011-11-21 08:57:00,2011-11-21 08:57:00,19,1,43.2,43.2,32,0,1,Potential Loyalists,3
14301,United Kingdom,2011-08-14 15:33:00,2011-08-14 15:33:00,118,1,640.14,640.14,606,0,3,At Risk,4
14304,United Kingdom,2011-05-01 11:50:00,2011-05-01 11:50:00,223,1,383.45,383.45,139,0,3,At Risk,4
14305,United Kingdom,2011-07-27 14:14:00,2011-09-29 15:29:00,72,3,1858.96,619.65,1089,64,0,Loyal Customers,2
14306,United Kingdom,2011-09-15 10:31:00,2011-10-19 13:23:00,52,2,2093.32,1046.66,1075,34,0,Loyal Customers,2
14307,United Kingdom,2010-12-01 11:41:00,2011-09-12 09:38:00,89,6,2995.72,499.29,2058,285,0,Loyal Customers,2
14309,United Kingdom,2010-12-16 13:05:00,2011-12-01 13:33:00,9,9,2352.53,261.39,1633,350,2,Champions,1
14311,United Kingdom,2011-04-11 10:14:00,2011-04-11 10:14:00,243,1,310.26,310.26,146,0,3,At Risk,4
14312,United Kingdom,2011-01-06 16:35:00,2011-10-24 09:46:00,47,6,1611.59,268.6,1012,291,0,Loyal Customers,2
14314,United Kingdom,2011-08-25 10:39:00,2011-08-25 10:39:00,107,1,120.0,120.0,296,0,3,At Risk,4
14315,United Kingdom,2011-03-18 12:59:00,2011-10-26 12:06:00,45,6,2481.13,413.52,1021,222,0,Loyal Customers,2
14317,United Kingdom,2011-10-06 10:44:00,2011-10-06 10:44:00,65,1,508.58,508.58,255,0,3,At Risk,4
14320,United Kingdom,2011-01-11 09:12:00,2011-05-17 09:24:00,207,2,477.79,238.9,325,126,3,At Risk,4
14321,United Kingdom,2011-01-10 11:35:00,2011-11-29 09:47:00,11,5,1530.75,306.15,2406,323,0,Loyal Customers,2
14323,United Kingdom,2011-04-15 11:44:00,2011-08-17 11:37:00,115,2,605.06,302.53,350,124,3,At Risk,4
14326,United Kingdom,2011-04-11 15:04:00,2011-04-11 15:04:00,243,1,183.85,183.85,103,0,3,At Risk,4
14327,United Kingdom,2011-06-29 13:58:00,2011-06-29 13:58:00,164,1,311.65,311.65,139,0,3,At Risk,4
14329,United Kingdom,2011-01-14 13:42:00,2011-11-22 15:50:00,18,7,4975.24,710.75,3087,312,2,Champions,1
14331,United Kingdom,2011-07-27 15:14:00,2011-08-07 13:17:00,125,2,462.66,231.33,252,11,3,At Risk,4
14332,United Kingdom,2011-07-15 10:33:00,2011-11-17 11:54:00,23,3,840.21,280.07,463,125,0,Loyal Customers,2
14333,United Kingdom,2011-10-03 10:38:00,2011-10-03 10:38:00,68,1,415.2,415.2,58,0,3,At Risk,4
14334,United Kingdom,2010-12-16 17:37:00,2011-11-23 10:01:00,17,8,2552.21,319.03,1731,342,2,Champions,1
14335,Germany,2011-09-04 13:07:00,2011-11-23 13:41:00,17,2,454.86,227.43,375,80,1,Potential Loyalists,3
14336,United Kingdom,2011-03-08 16:48:00,2011-11-23 11:40:00,17,4,1614.91,403.73,1759,260,0,Loyal Customers,2
14338,United Kingdom,2011-05-27 13:30:00,2011-07-01 14:08:00,162,2,588.22,294.11,335,35,3,At Risk,4
14339,United Kingdom,2011-04-11 11:06:00,2011-04-11 11:06:00,243,1,309.52,309.52,168,0,3,At Risk,4
14340,United Kingdom,2011-05-05 09:44:00,2011-05-05 09:44:00,219,1,134.7,134.7,58,0,3,At Risk,4
14341,United Kingdom,2011-01-25 13:55:00,2011-10-25 15:48:00,46,8,2166.98,270.87,1397,273,0,Loyal Customers,2
14342,United Kingdom,2011-05-13 13:50:00,2011-11-18 13:21:00,22,4,668.56,167.14,347,189,0,Loyal Customers,2
14344,United Kingdom,2010-12-06 11:58:00,2011-08-04 13:51:00,128,8,889.93,111.24,477,241,0,Loyal Customers,2
14345,United Kingdom,2011-11-01 09:51:00,2011-11-01 09:51:00,39,1,108.98,108.98,50,0,1,Potential Loyalists,3
14346,United Kingdom,2011-02-15 13:52:00,2011-08-11 09:47:00,121,2,1021.58,510.79,605,177,0,Loyal Customers,2
14348,United Kingdom,2011-03-24 16:23:00,2011-03-24 16:23:00,261,1,409.57,409.57,183,0,3,At Risk,4
14349,United Kingdom,2011-11-29 15:39:00,2011-11-29 15:39:00,11,1,133.5,133.5,86,0,1,Potential Loyalists,3
14350,United Kingdom,2011-03-10 14:14:00,2011-03-10 14:14:00,275,1,282.93,282.93,183,0,3,At Risk,4
14351,United Kingdom,2011-06-28 11:56:00,2011-06-28 11:56:00,165,1,51.0,51.0,12,0,3,At Risk,4
14352,United Kingdom,2011-03-11 14:58:00,2011-07-05 15:41:00,158,4,1078.96,269.74,538,116,0,Loyal Customers,2
14353,United Kingdom,2011-05-08 16:06:00,2011-05-08 16:06:00,216,1,90.6,90.6,64,0,3,At Risk,4
14354,United Kingdom,2011-11-09 15:36:00,2011-12-04 11:32:00,6,2,163.62,81.81,210,25,1,Potential Loyalists,3
14355,United Kingdom,2010-12-09 12:16:00,2010-12-09 12:16:00,366,1,174.4,174.4,92,0,3,At Risk,4
14356,United Kingdom,2011-09-19 14:43:00,2011-09-21 09:18:00,80,2,701.23,350.62,277,2,0,Loyal Customers,2
14357,United Kingdom,2011-10-27 16:23:00,2011-10-27 16:23:00,44,1,225.12,225.12,147,0,1,Potential Loyalists,3
14359,United Kingdom,2011-09-13 09:03:00,2011-11-20 13:17:00,20,3,912.18,304.06,371,68,0,Loyal Customers,2
14360,United Kingdom,2011-09-06 11:58:00,2011-11-08 09:12:00,32,4,2118.03,529.51,1139,63,0,Loyal Customers,2
14362,United Kingdom,2011-11-17 15:08:00,2011-11-17 15:08:00,23,1,151.5,151.5,96,0,1,Potential Loyalists,3
14364,United Kingdom,2011-05-12 12:56:00,2011-08-23 11:01:00,109,8,3717.35,464.67,1967,103,0,Loyal Customers,2
14367,United Kingdom,2011-03-08 14:12:00,2011-12-01 13:19:00,9,16,9227.82,576.74,4426,268,2,Champions,1
14368,United Kingdom,2011-01-24 09:52:00,2011-01-24 09:52:00,320,1,155.0,155.0,36,0,3,At Risk,4
14371,United Kingdom,2011-02-17 16:35:00,2011-02-17 16:35:00,296,1,100.5,100.5,34,0,3,At Risk,4
14373,United Kingdom,2010-12-16 15:40:00,2010-12-16 15:40:00,359,1,76.55,76.55,17,0,3,At Risk,4
14375,United Kingdom,2011-06-07 13:44:00,2011-06-07 13:44:00,186,1,235.56,235.56,184,0,3,At Risk,4
14377,United Kingdom,2011-03-22 13:38:00,2011-06-01 13:32:00,192,2,617.05,308.52,219,71,3,At Risk,4
14379,United Kingdom,2011-02-17 15:03:00,2011-10-26 16:43:00,45,2,348.1,174.05,292,251,1,Potential Loyalists,3
14381,United Kingdom,2011-10-18 17:10:00,2011-10-18 17:10:00,53,1,202.68,202.68,146,0,3,At Risk,4
14382,United Kingdom,2011-11-13 16:18:00,2011-11-13 16:18:00,27,1,615.49,615.49,1231,0,1,Potential Loyalists,3
14383,United Kingdom,2011-06-29 10:18:00,2011-11-01 15:53:00,39,3,1247.69,415.9,817,125,0,Loyal Customers,2
14385,United Kingdom,2011-11-16 11:55:00,2011-11-30 15:36:00,10,3,202.11,67.37,159,14,1,Potential Loyalists,3
14386,United Kingdom,2011-02-16 09:45:00,2011-02-16 09:45:00,297,1,142.4,142.4,54,0,3,At Risk,4
14387,United Kingdom,2011-08-22 14:13:00,2011-11-07 12:29:00,33,3,1727.6,575.87,795,77,0,Loyal Customers,2
14388,United Kingdom,2010-12-02 11:02:00,2011-11-29 13:32:00,11,8,3212.84,401.6,1941,362,2,Champions,1
14389,United Kingdom,2011-06-02 12:04:00,2011-10-05 15:17:00,66,2,1043.46,521.73,729,125,0,Loyal Customers,2
14390,United Kingdom,2010-12-02 11:57:00,2011-11-29 13:49:00,11,9,4642.57,515.84,2133,362,2,Champions,1
14393,United Kingdom,2011-05-05 18:16:00,2011-05-05 18:16:00,219,1,67.95,67.95,13,0,3,At Risk,4
14395,United Kingdom,2010-12-02 18:15:00,2011-12-07 14:34:00,3,9,3479.91,386.66,1689,370,2,Champions,1
14396,United Kingdom,2010-12-03 15:19:00,2011-10-05 16:09:00,66,2,487.99,244.0,225,306,3,At Risk,4
14397,United Kingdom,2011-05-10 12:25:00,2011-12-07 09:22:00,3,19,2612.96,137.52,1890,211,2,Champions,1
14400,United Kingdom,2011-07-13 15:50:00,2011-07-13 15:50:00,150,1,574.7,574.7,454,0,3,At Risk,4
14401,United Kingdom,2010-12-15 09:07:00,2011-12-05 13:30:00,5,13,4051.48,311.65,4507,355,2,Champions,1
14403,United Kingdom,2011-04-06 14:23:00,2011-08-01 12:57:00,131,4,1475.81,368.95,519,117,0,Loyal Customers,2
14404,United Kingdom,2010-12-05 16:00:00,2011-11-06 12:30:00,34,6,1449.32,241.55,827,336,0,Loyal Customers,2
14406,United Kingdom,2011-08-12 16:54:00,2011-08-12 16:54:00,120,1,156.75,156.75,77,0,3,At Risk,4
14407,United Kingdom,2011-03-08 11:59:00,2011-08-24 14:02:00,108,6,2157.73,359.62,1415,169,0,Loyal Customers,2
14408,United Kingdom,2011-03-20 14:41:00,2011-11-29 11:41:00,11,7,2599.03,371.29,1610,254,2,Champions,1
14409,United Kingdom,2010-12-06 15:03:00,2011-09-29 18:18:00,72,6,2059.45,343.24,1230,297,0,Loyal Customers,2
14410,United Kingdom,2011-02-07 09:36:00,2011-09-08 15:08:00,93,9,1100.27,122.25,567,213,0,Loyal Customers,2
14411,United Kingdom,2011-02-02 10:56:00,2011-02-02 10:56:00,311,1,1063.0,1063.0,196,0,3,At Risk,4
14412,United Kingdom,2011-09-28 08:48:00,2011-10-28 10:45:00,43,2,770.03,385.02,786,30,0,Loyal Customers,2
14413,United Kingdom,2010-12-12 13:37:00,2010-12-12 13:37:00,363,1,121.05,121.05,67,0,3,At Risk,4
14414,United Kingdom,2010-12-16 11:11:00,2011-09-09 12:09:00,92,7,1496.98,213.85,2512,267,0,Loyal Customers,2
14415,United Kingdom,2010-12-14 13:31:00,2011-12-08 14:38:00,2,13,5855.57,450.43,2996,359,2,Champions,1
14416,United Kingdom,2011-10-28 15:10:00,2011-11-17 15:22:00,23,2,490.22,245.11,326,20,1,Potential Loyalists,3
14418,United Kingdom,2011-08-23 17:18:00,2011-12-06 11:39:00,4,3,1937.25,645.75,1711,105,1,Potential Loyalists,3
14419,United Kingdom,2010-12-10 10:56:00,2011-11-29 11:22:00,11,6,1051.79,175.3,483,354,0,Loyal Customers,2
14420,United Kingdom,2011-09-01 18:07:00,2011-09-01 18:07:00,100,1,387.52,387.52,334,0,3,At Risk,4
14421,United Kingdom,2011-05-12 10:49:00,2011-10-13 13:24:00,58,2,813.11,406.56,365,154,0,Loyal Customers,2
14422,United Kingdom,2011-03-17 17:26:00,2011-12-09 11:26:00,1,6,4263.64,710.61,2906,267,2,Champions,1
14423,United Kingdom,2011-05-05 15:12:00,2011-05-05 15:12:00,219,1,265.2,265.2,120,0,3,At Risk,4
14424,United Kingdom,2011-11-22 11:48:00,2011-11-22 11:48:00,18,1,322.08,322.08,48,0,1,Potential Loyalists,3
14426,United Kingdom,2011-01-31 09:51:00,2011-11-16 12:25:00,24,10,4481.67,448.17,2699,289,2,Champions,1
14427,United Kingdom,2011-10-07 09:10:00,2011-10-20 14:23:00,51,2,363.34,181.67,228,13,1,Potential Loyalists,3
14428,United Kingdom,2011-01-18 16:39:00,2011-12-02 13:17:00,8,5,1224.06,244.81,428,318,2,Champions,1
14431,United Kingdom,2011-02-10 10:40:00,2011-02-10 10:40:00,303,1,470.36,470.36,130,0,3,At Risk,4
14432,United Kingdom,2011-09-11 14:09:00,2011-11-30 08:04:00,10,6,2248.5,374.75,2013,80,2,Champions,1
14434,United Kingdom,2011-09-28 15:31:00,2011-11-18 08:56:00,22,6,1372.8,228.8,368,51,0,Loyal Customers,2
14436,United Kingdom,2011-09-02 10:13:00,2011-09-02 10:13:00,99,1,89.06,89.06,129,0,3,At Risk,4
14437,United Kingdom,2010-12-09 09:27:00,2010-12-09 09:27:00,366,1,63.0,63.0,60,0,3,At Risk,4
14438,United Kingdom,2011-02-06 14:56:00,2011-02-06 14:56:00,307,1,131.9,131.9,82,0,3,At Risk,4
14439,Greece,2011-01-24 11:39:00,2011-01-24 11:39:00,320,1,2661.24,2661.24,526,0,3,At Risk,4
14440,United Kingdom,2010-12-09 12:49:00,2011-12-01 15:42:00,9,5,2357.68,471.54,588,357,2,Champions,1
14441,United Kingdom,2011-03-29 12:01:00,2011-12-09 09:07:00,1,4,1712.89,428.22,446,255,2,Champions,1
14442,Channel Islands,2011-01-27 09:33:00,2011-05-19 11:36:00,205,2,1589.82,794.91,482,112,0,Loyal Customers,2
14443,United Kingdom,2010-12-06 11:03:00,2011-10-17 10:10:00,54,4,1420.2,355.05,938,315,0,Loyal Customers,2
14446,United Kingdom,2011-04-07 12:10:00,2011-12-09 11:34:00,1,4,1010.35,252.59,916,246,1,Potential Loyalists,3
14447,United Kingdom,2011-03-04 10:49:00,2011-11-21 08:28:00,19,5,1163.23,232.65,571,262,0,Loyal Customers,2
14448,United Kingdom,2010-12-10 17:26:00,2011-11-30 13:50:00,10,2,375.35,187.68,104,355,1,Potential Loyalists,3
14449,United Kingdom,2010-12-02 14:09:00,2011-11-21 12:06:00,19,4,885.8,221.45,741,354,0,Loyal Customers,2
14450,United Kingdom,2011-01-23 11:53:00,2011-06-12 10:46:00,181,3,483.25,161.08,241,140,3,At Risk,4
14451,United Kingdom,2011-05-29 12:35:00,2011-10-10 13:38:00,61,2,643.9,321.95,378,134,0,Loyal Customers,2
14452,United Kingdom,2011-09-07 11:32:00,2011-11-29 12:06:00,11,2,259.05,129.52,116,83,1,Potential Loyalists,3
14453,United Kingdom,2011-06-02 14:15:00,2011-06-02 14:15:00,191,1,119.93,119.93,49,0,3,At Risk,4
14456,United Kingdom,2011-07-20 13:06:00,2011-12-04 13:59:00,6,9,3017.28,335.25,2885,137,2,Champions,1
14457,United Kingdom,2011-02-02 09:39:00,2011-02-02 09:39:00,311,1,113.64,113.64,88,0,3,At Risk,4
14459,United Kingdom,2011-07-07 13:35:00,2011-07-07 13:35:00,156,1,1837.92,1837.92,760,0,3,At Risk,4
14460,United Kingdom,2011-02-02 11:55:00,2011-08-21 14:19:00,111,3,434.34,144.78,881,200,3,At Risk,4
14461,United Kingdom,2011-03-23 12:15:00,2011-07-14 17:11:00,149,3,2103.06,701.02,766,113,0,Loyal Customers,2
14462,United Kingdom,2011-01-04 12:45:00,2011-10-04 15:55:00,67,11,1980.57,180.05,956,273,0,Loyal Customers,2
14463,United Kingdom,2011-05-18 14:42:00,2011-09-02 15:20:00,99,3,529.62,176.54,179,107,0,Loyal Customers,2
14465,United Kingdom,2011-02-10 12:13:00,2011-04-07 12:38:00,247,3,1038.44,346.15,398,56,0,Loyal Customers,2
14466,United Kingdom,2010-12-02 13:36:00,2011-11-10 14:07:00,30,7,2272.4,324.63,1006,343,0,Loyal Customers,2
14467,United Kingdom,2011-01-31 12:35:00,2011-11-22 12:48:00,18,4,596.26,149.06,276,295,1,Potential Loyalists,3
14470,United Kingdom,2011-02-25 11:56:00,2011-11-28 10:31:00,12,2,461.19,230.6,193,276,1,Potential Loyalists,3
14472,United Kingdom,2010-12-19 14:03:00,2011-08-28 11:01:00,104,8,1852.67,231.58,1135,252,0,Loyal Customers,2
14473,United Kingdom,2011-03-02 13:56:00,2011-09-26 15:10:00,75,2,234.34,117.17,88,208,3,At Risk,4
14474,United Kingdom,2011-10-24 13:26:00,2011-10-24 13:26:00,47,1,547.66,547.66,140,0,1,Potential Loyalists,3
14475,United Kingdom,2011-02-08 10:12:00,2011-09-29 10:46:00,72,3,925.85,308.62,447,233,0,Loyal Customers,2
14476,United Kingdom,2011-03-27 15:39:00,2011-03-27 15:39:00,258,1,193.0,193.0,110,0,3,At Risk,4
14477,United Kingdom,2011-02-15 15:44:00,2011-11-20 11:11:00,20,4,1309.6,327.4,720,278,0,Loyal Customers,2
14479,United Kingdom,2010-12-09 12:59:00,2011-03-31 09:07:00,254,2,316.25,158.12,117,112,3,At Risk,4
14480,United Kingdom,2011-11-28 16:35:00,2011-11-28 16:35:00,12,1,279.05,279.05,143,0,1,Potential Loyalists,3
14481,United Kingdom,2011-02-25 13:53:00,2011-06-28 10:38:00,165,2,636.51,318.26,489,123,3,At Risk,4
14482,United Kingdom,2011-04-14 16:41:00,2011-11-21 13:14:00,19,6,2022.81,337.14,1627,221,0,Loyal Customers,2
14483,United Kingdom,2011-03-03 10:26:00,2011-03-03 10:26:00,282,1,137.1,137.1,97,0,3,At Risk,4
14484,United Kingdom,2011-10-20 14:11:00,2011-10-20 14:11:00,51,1,321.92,321.92,210,0,3,At Risk,4
14485,United Kingdom,2011-11-01 12:25:00,2011-11-01 12:25:00,39,1,162.8,162.8,70,0,1,Potential Loyalists,3
14487,United Kingdom,2010-12-06 13:22:00,2011-11-13 12:17:00,27,6,1165.48,194.25,712,342,0,Loyal Customers,2
14488,United Kingdom,2011-10-03 09:30:00,2011-10-03 09:30:00,68,1,1064.28,1064.28,799,0,3,At Risk,4
14489,United Kingdom,2011-05-16 14:51:00,2011-05-16 14:51:00,208,1,463.38,463.38,299,0,3,At Risk,4
14491,United Kingdom,2010-12-02 12:10:00,2011-06-17 15:22:00,176,2,340.93,170.46,139,197,3,At Risk,4
14493,United Kingdom,2011-07-07 16:59:00,2011-12-02 16:14:00,8,5,2383.24,476.65,1285,148,2,Champions,1
14494,United Kingdom,2011-11-14 09:21:00,2011-11-14 09:21:00,26,1,139.56,139.56,92,0,1,Potential Loyalists,3
14495,United Kingdom,2011-08-10 14:13:00,2011-10-20 12:28:00,51,2,123.8,61.9,62,71,3,At Risk,4
14496,United Kingdom,2010-12-01 15:35:00,2011-02-01 09:01:00,312,2,538.81,269.41,159,62,3,At Risk,4
14497,United Kingdom,2011-02-03 17:01:00,2011-02-03 17:01:00,310,1,475.37,475.37,235,0,3,At Risk,4
14498,United Kingdom,2010-12-13 11:29:00,2011-10-28 12:09:00,43,5,1957.32,391.46,1098,319,0,Loyal Customers,2
14499,United Kingdom,2011-03-06 11:55:00,2011-11-13 13:01:00,27,3,808.44,269.48,496,252,0,Loyal Customers,2
14500,United Kingdom,2011-06-03 10:08:00,2011-09-12 16:45:00,89,3,356.85,118.95,117,101,3,At Risk,4
14501,United Kingdom,2011-01-24 10:43:00,2011-06-09 12:02:00,184,2,251.21,125.6,161,136,3,At Risk,4
14502,United Kingdom,2011-01-30 15:52:00,2011-11-20 11:50:00,20,11,2429.83,220.89,1480,294,2,Champions,1
14503,United Kingdom,2011-06-14 10:00:00,2011-12-06 13:30:00,4,6,3543.26,590.54,2004,175,2,Champions,1
14504,United Kingdom,2011-03-06 14:38:00,2011-10-23 16:00:00,48,4,673.26,168.32,308,231,0,Loyal Customers,2
14505,United Kingdom,2010-12-12 16:14:00,2011-11-22 15:45:00,18,8,5859.43,732.43,2739,345,2,Champions,1
14506,United Kingdom,2010-12-05 14:25:00,2011-11-22 13:02:00,18,5,1960.65,392.13,704,352,0,Loyal Customers,2
14507,United Kingdom,2011-03-08 17:23:00,2011-11-16 12:21:00,24,6,1367.88,227.98,594,253,0,Loyal Customers,2
14508,United Kingdom,2011-09-11 11:29:00,2011-11-17 19:48:00,23,2,268.05,134.02,129,67,1,Potential Loyalists,3
14511,United Kingdom,2011-07-29 12:13:00,2011-11-28 17:05:00,12,5,1314.81,262.96,784,122,0,Loyal Customers,2
14512,United Kingdom,2011-04-21 19:05:00,2011-06-05 12:39:00,188,2,275.28,137.64,122,45,3,At Risk,4
14513,United Kingdom,2011-02-24 09:36:00,2011-08-31 11:25:00,101,3,455.59,151.86,361,188,3,At Risk,4
14514,United Kingdom,2011-01-12 15:22:00,2011-10-09 16:05:00,62,3,990.2,330.07,564,270,0,Loyal Customers,2
14515,United Kingdom,2011-05-05 12:13:00,2011-11-22 11:37:00,18,6,2076.89,346.15,1110,201,0,Loyal Customers,2
14517,United Kingdom,2011-07-21 11:42:00,2011-11-06 14:20:00,34,2,330.45,165.22,91,108,1,Potential Loyalists,3
14518,United Kingdom,2011-10-06 14:43:00,2011-10-06 14:43:00,65,1,174.37,174.37,278,0,3,At Risk,4
14520,United Kingdom,2011-02-22 09:15:00,2011-12-08 09:46:00,2,2,270.6,135.3,146,289,1,Potential Loyalists,3
14522,United Kingdom,2011-05-25 16:01:00,2011-11-15 13:24:00,25,4,974.54,243.64,525,174,0,Loyal Customers,2
14523,United Kingdom,2011-08-23 13:13:00,2011-08-23 13:13:00,109,1,241.09,241.09,251,0,3,At Risk,4
14524,United Kingdom,2010-12-14 11:01:00,2011-11-08 12:29:00,32,9,1843.83,204.87,669,329,0,Loyal Customers,2
14525,United Kingdom,2010-12-13 17:40:00,2011-11-20 11:37:00,20,9,4215.9,468.43,2637,342,2,Champions,1
14527,United Kingdom,2010-12-05 13:17:00,2011-12-07 12:19:00,3,55,8507.13,154.68,2088,367,2,Champions,1
14528,United Kingdom,2011-11-02 17:09:00,2011-11-02 17:09:00,38,1,364.22,364.22,278,0,1,Potential Loyalists,3
14529,United Kingdom,2011-08-21 14:10:00,2011-10-10 15:27:00,61,3,578.61,192.87,325,50,0,Loyal Customers,2
14530,United Kingdom,2011-02-16 10:47:00,2011-11-14 10:38:00,26,6,2862.11,477.02,1395,271,0,Loyal Customers,2
14532,United Kingdom,2010-12-22 13:48:00,2011-04-17 13:05:00,237,4,932.85,233.21,284,116,0,Loyal Customers,2
14533,United Kingdom,2010-12-22 11:07:00,2011-11-15 12:05:00,25,7,1949.72,278.53,4019,328,0,Loyal Customers,2
14534,United Kingdom,2011-01-25 12:33:00,2011-12-07 12:19:00,3,18,4397.3,244.29,2027,316,2,Champions,1
14535,United Kingdom,2011-04-05 12:50:00,2011-10-10 15:39:00,61,3,2854.84,951.61,1824,188,0,Loyal Customers,2
14536,United Kingdom,2011-03-25 12:21:00,2011-03-25 12:21:00,260,1,170.95,170.95,39,0,3,At Risk,4
14537,United Kingdom,2011-10-13 10:54:00,2011-10-13 10:54:00,58,1,355.56,355.56,120,0,3,At Risk,4
14538,United Kingdom,2011-03-28 14:57:00,2011-10-06 10:31:00,65,2,388.25,194.12,155,192,3,At Risk,4
14539,United Kingdom,2011-10-26 12:03:00,2011-11-24 09:50:00,16,2,537.48,268.74,428,29,1,Potential Loyalists,3
14540,United Kingdom,2011-02-03 15:02:00,2011-11-30 10:15:00,10,3,952.66,317.55,411,300,1,Potential Loyalists,3
14541,United Kingdom,2011-01-24 14:16:00,2011-10-12 10:08:00,59,8,1453.35,181.67,641,261,0,Loyal Customers,2
14542,United Kingdom,2011-06-07 08:19:00,2011-06-07 08:19:00,186,1,103.25,103.25,19,0,3,At Risk,4
14543,United Kingdom,2010-12-10 11:51:00,2011-11-11 12:45:00,29,16,3599.73,224.98,675,336,2,Champions,1
14544,United Kingdom,2010-12-13 12:50:00,2011-11-15 15:06:00,25,2,2004.3,1002.15,1536,337,0,Loyal Customers,2
14546,United Kingdom,2011-04-05 12:37:00,2011-12-04 13:00:00,6,5,2573.93,514.79,1313,243,2,Champions,1
14547,United Kingdom,2011-10-16 14:35:00,2011-12-06 11:06:00,4,8,3974.75,496.84,2639,51,2,Champions,1
14548,United Kingdom,2011-01-26 08:38:00,2011-07-12 12:19:00,151,2,652.8,326.4,256,167,3,At Risk,4
14549,United Kingdom,2011-02-01 13:47:00,2011-02-01 13:47:00,312,1,289.24,289.24,136,0,3,At Risk,4
14550,United Kingdom,2011-10-26 12:14:00,2011-11-29 12:12:00,11,2,757.37,378.68,389,34,1,Potential Loyalists,3
14551,United Kingdom,2011-05-19 18:21:00,2011-11-21 13:36:00,19,2,186.23,93.12,106,186,1,Potential Loyalists,3
14552,United Kingdom,2011-07-11 12:49:00,2011-07-11 12:49:00,152,1,164.22,164.22,90,0,3,At Risk,4
14553,United Kingdom,2011-01-04 15:40:00,2011-11-20 13:20:00,20,5,859.27,171.85,493,320,0,Loyal Customers,2
14554,United Kingdom,2011-10-18 13:04:00,2011-11-29 16:44:00,11,4,2279.49,569.87,1443,42,0,Loyal Customers,2
14555,United Kingdom,2011-02-10 17:19:00,2011-10-13 16:24:00,58,2,312.54,156.27,122,245,3,At Risk,4
14557,United Kingdom,2011-09-15 15:48:00,2011-09-15 15:48:00,86,1,788.38,788.38,510,0,3,At Risk,4
14560,United Kingdom,2010-12-17 09:22:00,2011-12-02 15:22:00,8,22,2237.77,101.72,1260,350,2,Champions,1
14561,United Kingdom,2011-06-08 13:26:00,2011-09-25 12:39:00,76,3,1080.76,360.25,1014,109,0,Loyal Customers,2
14562,United Kingdom,2011-02-08 14:45:00,2011-12-06 11:05:00,4,18,5006.77,278.15,1815,301,2,Champions,1
14565,United Kingdom,2010-12-13 13:25:00,2011-09-05 09:07:00,96,4,3099.12,774.78,1540,266,0,Loyal Customers,2
14566,Channel Islands,2011-08-21 11:05:00,2011-08-21 11:05:00,111,1,1432.0,1432.0,800,0,3,At Risk,4
14567,United Kingdom,2011-08-01 13:48:00,2011-10-14 10:21:00,57,2,1530.36,765.18,412,74,0,Loyal Customers,2
14569,United Kingdom,2011-12-08 14:58:00,2011-12-08 14:58:00,2,1,227.39,227.39,79,0,1,Potential Loyalists,3
14570,United Kingdom,2011-03-04 10:39:00,2011-03-04 10:58:00,281,2,218.06,109.03,95,0,3,At Risk,4
14572,United Kingdom,2011-01-19 17:23:00,2011-12-06 14:40:00,4,7,2804.54,400.65,1420,321,2,Champions,1
14573,United Kingdom,2010-12-02 19:59:00,2011-06-13 11:15:00,180,9,1639.82,182.2,534,193,0,Loyal Customers,2
14576,United Kingdom,2010-12-02 17:51:00,2010-12-02 17:51:00,373,1,35.4,35.4,12,0,3,At Risk,4
14577,United Kingdom,2010-12-12 11:26:00,2011-11-27 12:47:00,13,4,859.71,214.93,353,350,1,Potential Loyalists,3
14578,United Kingdom,2011-12-06 17:18:00,2011-12-06 17:18:00,4,1,168.63,168.63,240,0,1,Potential Loyalists,3
14581,United Kingdom,2011-11-23 12:39:00,2011-11-23 12:39:00,17,1,138.6,138.6,217,0,1,Potential Loyalists,3
14582,United Kingdom,2011-10-30 11:56:00,2011-10-30 11:56:00,41,1,114.11,114.11,73,0,3,At Risk,4
14583,United Kingdom,2011-05-18 11:28:00,2011-12-04 12:32:00,6,5,986.96,197.39,751,200,1,Potential Loyalists,3
14584,United Kingdom,2011-05-25 17:31:00,2011-06-23 18:33:00,170,4,1033.06,258.26,381,29,0,Loyal Customers,2
14585,United Kingdom,2011-10-20 14:33:00,2011-10-20 14:33:00,51,1,157.05,157.05,91,0,3,At Risk,4
14586,United Kingdom,2011-03-08 10:04:00,2011-03-08 10:04:00,277,1,237.36,237.36,444,0,3,At Risk,4
14587,United Kingdom,2011-01-12 13:16:00,2011-11-21 11:34:00,19,9,1580.29,175.59,749,313,2,Champions,1
14589,United Kingdom,2010-12-03 11:42:00,2010-12-03 11:42:00,372,1,39.75,39.75,5,0,3,At Risk,4
14591,United Kingdom,2011-05-10 14:09:00,2011-11-24 13:57:00,16,4,1320.21,330.05,1228,198,0,Loyal Customers,2
14592,United Kingdom,2011-10-06 18:08:00,2011-11-04 16:35:00,36,3,557.94,185.98,407,29,1,Potential Loyalists,3
14593,United Kingdom,2011-05-25 11:14:00,2011-11-18 12:48:00,22,3,617.15,205.72,330,177,1,Potential Loyalists,3
14594,United Kingdom,2010-12-01 13:54:00,2011-12-02 13:28:00,8,2,363.33,181.66,183,366,1,Potential Loyalists,3
14595,United Kingdom,2011-01-30 13:36:00,2011-11-20 12:12:00,20,6,1740.6,290.1,978,294,0,Loyal Customers,2
14597,United Kingdom,2011-06-01 12:33:00,2011-11-28 13:13:00,12,2,866.24,433.12,566,180,1,Potential Loyalists,3
14598,United Kingdom,2011-10-26 13:19:00,2011-10-26 13:19:00,45,1,221.97,221.97,189,0,1,Potential Loyalists,3
14600,United Kingdom,2011-02-07 09:48:00,2011-02-07 09:48:00,306,1,393.33,393.33,125,0,3,At Risk,4
14601,United Kingdom,2011-11-29 09:48:00,2011-11-29 09:48:00,11,1,213.96,213.96,168,0,1,Potential Loyalists,3
14603,United Kingdom,2011-03-10 10:27:00,2011-03-10 10:27:00,275,1,660.0,660.0,400,0,3,At Risk,4
14606,United Kingdom,2010-12-01 16:57:00,2011-12-08 19:28:00,2,93,12076.15,129.85,6187,372,2,Champions,1
14607,United Kingdom,2011-03-23 15:22:00,2011-11-24 10:35:00,16,14,16209.5,1157.82,11526,246,2,Champions,1
14608,United Kingdom,2010-12-12 14:49:00,2011-12-05 16:52:00,5,4,1785.15,446.29,437,358,2,Champions,1
14609,United Kingdom,2011-02-16 12:10:00,2011-09-28 12:54:00,73,4,601.56,150.39,7026,224,0,Loyal Customers,2
14616,United Kingdom,2011-01-26 12:42:00,2011-04-11 09:54:00,243,3,406.08,135.36,104,75,3,At Risk,4
14618,United Kingdom,2011-01-06 11:59:00,2011-11-30 13:45:00,10,3,553.44,184.48,264,328,1,Potential Loyalists,3
14619,United Kingdom,2011-04-08 07:37:00,2011-04-08 07:37:00,246,1,394.44,394.44,152,0,3,At Risk,4
14620,United Kingdom,2011-03-01 08:30:00,2011-05-18 11:58:00,206,2,412.78,206.39,214,78,3,At Risk,4
14621,United Kingdom,2010-12-16 13:00:00,2011-12-08 16:22:00,2,5,1788.36,357.67,993,357,2,Champions,1
14622,United Kingdom,2011-06-08 12:42:00,2011-06-08 12:42:00,185,1,320.58,320.58,146,0,3,At Risk,4
14623,United Kingdom,2011-04-18 13:54:00,2011-11-07 13:56:00,33,5,886.7,177.34,418,203,0,Loyal Customers,2
14624,United Kingdom,2011-10-11 14:39:00,2011-10-13 13:44:00,58,2,225.85,112.92,162,2,3,At Risk,4
14625,United Kingdom,2010-12-13 15:36:00,2011-05-27 15:32:00,197,2,899.63,449.82,335,165,3,At Risk,4
14626,United Kingdom,2011-04-20 13:18:00,2011-11-16 10:37:00,24,4,2791.27,697.82,1403,210,0,Loyal Customers,2
14628,United Kingdom,2011-04-11 14:43:00,2011-09-09 14:58:00,92,2,671.96,335.98,272,151,3,At Risk,4
14629,United Kingdom,2011-10-23 16:13:00,2011-12-05 16:55:00,5,2,955.26,477.63,378,43,1,Potential Loyalists,3
14631,United Kingdom,2011-02-14 09:31:00,2011-10-20 11:17:00,51,3,1006.98,335.66,622,248,0,Loyal Customers,2
14632,United Kingdom,2011-03-22 08:49:00,2011-03-22 08:49:00,263,1,114.56,114.56,96,0,3,At Risk,4
14633,United Kingdom,2011-03-18 17:07:00,2011-03-18 17:07:00,267,1,344.9,344.9,96,0,3,At Risk,4
14636,United Kingdom,2011-03-16 09:52:00,2011-11-03 16:12:00,37,2,609.85,304.92,241,232,1,Potential Loyalists,3
14638,United Kingdom,2011-10-20 10:10:00,2011-10-20 10:10:00,51,1,443.6,443.6,166,0,1,Potential Loyalists,3
14639,United Kingdom,2010-12-13 13:50:00,2011-10-18 15:06:00,53,6,2984.49,497.42,1431,309,0,Loyal Customers,2
14640,United Kingdom,2011-04-26 12:31:00,2011-11-15 13:07:00,25,6,2107.38,351.23,880,203,0,Loyal Customers,2
14641,United Kingdom,2011-11-18 10:42:00,2011-11-18 10:42:00,22,1,110.46,110.46,90,0,1,Potential Loyalists,3
14642,United Kingdom,2011-10-12 11:08:00,2011-10-12 11:08:00,59,1,96.12,96.12,76,0,3,At Risk,4
14643,United Kingdom,2010-12-16 17:53:00,2011-06-22 14:41:00,171,2,693.81,346.9,815,188,3,At Risk,4
14644,United Kingdom,2011-02-14 14:14:00,2011-10-03 08:30:00,68,2,830.76,415.38,258,231,0,Loyal Customers,2
14645,United Kingdom,2011-03-09 09:52:00,2011-07-06 09:15:00,157,2,597.09,298.54,381,119,3,At Risk,4
14646,Netherlands,2010-12-20 10:09:00,2011-12-08 12:12:00,2,73,280206.02,3838.44,196915,353,2,Champions,1
14647,United Kingdom,2011-05-22 13:40:00,2011-05-22 13:40:00,202,1,236.04,236.04,91,0,3,At Risk,4
14649,United Kingdom,2011-05-11 14:37:00,2011-12-05 12:30:00,5,4,1402.59,350.65,1004,208,2,Champions,1
14651,United Kingdom,2011-05-12 16:29:00,2011-10-03 15:52:00,68,2,653.75,326.88,343,144,0,Loyal Customers,2
14652,United Kingdom,2011-09-23 14:21:00,2011-09-23 14:21:00,78,1,114.18,114.18,53,0,3,At Risk,4
14653,United Kingdom,2011-01-05 13:40:00,2011-12-08 13:45:00,2,7,1926.65,275.24,945,337,2,Champions,1
14655,United Kingdom,2011-05-01 14:59:00,2011-12-01 16:28:00,9,4,1932.23,483.06,1089,214,0,Loyal Customers,2
14656,United Kingdom,2011-03-01 13:19:00,2011-06-23 13:51:00,170,2,291.05,145.52,120,114,3,At Risk,4
14657,United Kingdom,2011-01-17 15:19:00,2011-11-22 12:47:00,18,4,848.22,212.06,466,309,0,Loyal Customers,2
14658,United Kingdom,2011-08-14 15:42:00,2011-12-04 15:35:00,6,2,247.15,123.58,47,112,1,Potential Loyalists,3
14659,United Kingdom,2011-01-28 12:43:00,2011-12-01 12:17:00,9,9,2529.93,281.1,1195,307,2,Champions,1
14660,United Kingdom,2011-08-31 10:40:00,2011-09-14 11:34:00,87,2,285.74,142.87,228,14,3,At Risk,4
14661,United Kingdom,2011-11-13 11:51:00,2011-11-13 11:51:00,27,1,107.95,107.95,35,0,1,Potential Loyalists,3
14662,United Kingdom,2011-01-27 17:41:00,2011-11-11 12:13:00,29,4,741.37,185.34,578,288,0,Loyal Customers,2
14664,United Kingdom,2011-11-06 14:56:00,2011-11-20 10:59:00,20,2,636.24,318.12,465,14,1,Potential Loyalists,3
14665,United Kingdom,2011-02-02 09:08:00,2011-10-10 09:14:00,61,5,1835.7,367.14,740,250,0,Loyal Customers,2
14666,United Kingdom,2011-11-15 12:57:00,2011-11-15 12:57:00,25,1,195.25,195.25,161,0,1,Potential Loyalists,3
14667,United Kingdom,2010-12-06 13:13:00,2011-11-29 11:30:00,11,25,9175.04,367.0,5319,358,2,Champions,1
14669,United Kingdom,2011-01-11 12:30:00,2011-04-12 11:43:00,242,3,1259.24,419.75,770,91,0,Loyal Customers,2
14670,United Kingdom,2011-03-04 13:58:00,2011-03-04 14:13:00,281,2,392.86,196.43,326,0,3,At Risk,4
14672,United Kingdom,2011-01-07 15:48:00,2011-04-19 10:19:00,235,2,765.55,382.78,454,102,3,At Risk,4
14673,United Kingdom,2010-12-07 12:49:00,2011-12-06 14:31:00,4,5,1736.4,347.28,1004,364,2,Champions,1
14675,United Kingdom,2011-11-23 12:58:00,2011-11-23 12:58:00,17,1,596.36,596.36,336,0,1,Potential Loyalists,3
14676,United Kingdom,2011-03-01 14:26:00,2011-11-08 13:29:00,32,6,2548.24,424.71,2500,252,0,Loyal Customers,2
14680,United Kingdom,2010-12-03 12:05:00,2011-11-14 16:59:00,26,16,28754.11,1797.13,13476,346,2,Champions,1
14681,United Kingdom,2011-05-12 10:45:00,2011-09-29 15:52:00,72,3,498.95,166.32,76,140,0,Loyal Customers,2
14682,United Kingdom,2011-05-22 12:51:00,2011-06-05 12:12:00,188,2,52.0,26.0,80,14,3,At Risk,4
14684,United Kingdom,2010-12-12 12:44:00,2011-11-14 11:33:00,26,5,1201.51,240.3,821,337,0,Loyal Customers,2
14687,United Kingdom,2011-08-25 11:59:00,2011-08-25 11:59:00,107,1,628.38,628.38,470,0,3,At Risk,4
14688,United Kingdom,2010-12-01 09:37:00,2011-12-02 12:26:00,8,21,5579.1,265.67,3584,366,2,Champions,1
14689,United Kingdom,2011-05-15 11:22:00,2011-05-15 11:22:00,209,1,112.8,112.8,76,0,3,At Risk,4
14690,United Kingdom,2011-07-11 11:58:00,2011-10-26 15:39:00,45,2,355.05,177.52,167,107,1,Potential Loyalists,3
14691,United Kingdom,2011-05-11 09:55:00,2011-11-09 12:30:00,31,5,2114.33,422.87,707,182,0,Loyal Customers,2
14692,United Kingdom,2011-01-21 13:47:00,2011-07-25 15:08:00,138,4,591.55,147.89,265,185,0,Loyal Customers,2
14693,United Kingdom,2011-03-20 12:50:00,2011-03-20 12:50:00,265,1,172.9,172.9,34,0,3,At Risk,4
14696,United Kingdom,2010-12-01 15:37:00,2011-12-05 13:43:00,5,7,2078.95,296.99,1630,369,2,Champions,1
14697,United Kingdom,2011-05-05 15:29:00,2011-05-05 15:39:00,219,2,188.61,94.3,181,0,3,At Risk,4
14698,United Kingdom,2011-10-19 12:54:00,2011-12-08 12:26:00,2,5,1217.27,243.45,602,50,2,Champions,1
14699,United Kingdom,2011-05-09 14:54:00,2011-05-09 14:54:00,215,1,109.13,109.13,77,0,3,At Risk,4
14700,United Kingdom,2011-04-15 13:16:00,2011-11-07 14:40:00,33,3,2195.1,731.7,1314,206,0,Loyal Customers,2
14701,United Kingdom,2011-01-27 12:40:00,2011-11-29 12:38:00,11,9,2526.09,280.68,921,306,2,Champions,1
14702,United Kingdom,2010-12-09 19:23:00,2011-12-08 19:29:00,2,17,3251.79,191.28,1439,364,2,Champions,1
14703,United Kingdom,2011-11-25 09:23:00,2011-11-25 09:23:00,15,1,318.17,318.17,183,0,1,Potential Loyalists,3
14704,United Kingdom,2011-06-12 13:59:00,2011-11-28 12:51:00,12,9,1493.96,166.0,1043,169,2,Champions,1
14705,United Kingdom,2011-05-25 12:39:00,2011-05-25 12:39:00,199,1,179.0,179.0,100,0,3,At Risk,4
14708,United Kingdom,2010-12-06 12:23:00,2011-12-07 08:21:00,3,3,1126.37,375.46,621,366,1,Potential Loyalists,3
14709,United Kingdom,2010-12-16 13:43:00,2011-11-24 15:41:00,16,13,4921.04,378.54,2484,343,2,Champions,1
14710,United Kingdom,2011-10-11 13:49:00,2011-11-25 14:53:00,15,4,599.48,149.87,375,45,1,Potential Loyalists,3
14711,United Kingdom,2011-03-22 13:32:00,2011-11-29 14:58:00,11,11,2839.62,258.15,966,252,2,Champions,1
14712,United Kingdom,2011-08-19 13:33:00,2011-11-10 12:59:00,30,3,917.07,305.69,315,83,0,Loyal Customers,2
14713,United Kingdom,2010-12-09 18:58:00,2011-11-30 16:26:00,10,11,2662.2,242.02,1613,356,2,Champions,1
14714,United Kingdom,2011-11-15 13:07:00,2011-11-15 13:07:00,25,1,160.19,160.19,229,0,1,Potential Loyalists,3
14715,United Kingdom,2011-01-12 13:27:00,2011-11-15 12:10:00,25,4,867.38,216.84,521,307,0,Loyal Customers,2
14716,United Kingdom,2011-07-14 12:42:00,2011-10-27 17:29:00,44,2,307.51,153.76,495,105,1,Potential Loyalists,3
14719,United Kingdom,2011-04-04 14:17:00,2011-12-08 12:43:00,2,5,1581.84,316.37,1025,248,2,Champions,1
14720,United Kingdom,2011-08-05 12:06:00,2011-12-04 12:02:00,6,3,663.81,221.27,219,121,1,Potential Loyalists,3
14722,United Kingdom,2011-07-15 14:58:00,2011-07-15 14:58:00,148,1,180.42,180.42,118,0,3,At Risk,4
14723,United Kingdom,2010-12-03 14:18:00,2011-11-29 15:23:00,11,6,1122.36,187.06,673,361,0,Loyal Customers,2
14725,United Kingdom,2011-11-15 12:42:00,2011-11-15 12:42:00,25,1,655.58,655.58,588,0,1,Potential Loyalists,3
14727,United Kingdom,2011-03-10 14:45:00,2011-03-10 14:45:00,275,1,268.58,268.58,62,0,3,At Risk,4
14729,United Kingdom,2010-12-01 12:43:00,2010-12-01 12:43:00,374,1,313.49,313.49,197,0,3,At Risk,4
14730,United Kingdom,2011-03-08 12:49:00,2011-12-08 14:39:00,2,8,1897.57,237.2,1078,275,2,Champions,1
14731,United Kingdom,2011-05-11 13:06:00,2011-10-23 15:54:00,48,3,380.02,126.67,256,165,1,Potential Loyalists,3
14732,United Kingdom,2011-01-04 14:40:00,2011-12-01 14:34:00,9,8,2702.49,337.81,1405,331,2,Champions,1
14733,United Kingdom,2010-12-07 11:30:00,2011-11-23 15:39:00,17,12,9585.91,798.83,3764,351,2,Champions,1
14735,United Kingdom,2010-12-16 16:05:00,2011-12-06 12:09:00,4,32,6065.69,189.55,2264,355,2,Champions,1
14737,United Kingdom,2010-12-21 13:49:00,2011-12-06 10:16:00,4,3,1164.55,388.18,345,350,1,Potential Loyalists,3
14738,United Kingdom,2011-01-27 14:10:00,2011-10-28 08:56:00,43,7,1314.45,187.78,601,274,0,Loyal Customers,2
14739,United Kingdom,2010-12-07 14:58:00,2011-12-05 16:54:00,5,7,3902.28,557.47,3820,363,2,Champions,1
14740,United Kingdom,2011-03-01 08:35:00,2011-05-26 18:17:00,198,3,1448.21,482.74,735,86,0,Loyal Customers,2
14741,United Kingdom,2010-12-02 08:43:00,2011-11-28 08:48:00,12,6,1400.34,233.39,841,361,2,Champions,1
14744,United Kingdom,2010-12-08 10:21:00,2011-11-23 12:51:00,17,7,1099.98,157.14,627,350,0,Loyal Customers,2
14745,United Kingdom,2011-02-27 15:25:00,2011-08-19 10:05:00,113,5,1220.26,244.05,1038,173,0,Loyal Customers,2
14747,United Kingdom,2011-04-04 14:09:00,2011-04-04 14:09:00,250,1,328.2,328.2,84,0,3,At Risk,4
14748,United Kingdom,2010-12-06 10:19:00,2011-11-10 18:33:00,30,5,1415.75,283.15,1223,339,0,Loyal Customers,2
14752,United Kingdom,2011-10-27 11:55:00,2011-10-27 11:55:00,44,1,389.64,389.64,260,0,1,Potential Loyalists,3
14753,United Kingdom,2011-09-13 14:50:00,2011-09-13 14:50:00,88,1,563.15,563.15,211,0,3,At Risk,4
14754,United Kingdom,2011-02-17 12:21:00,2011-10-26 12:01:00,45,2,638.05,319.02,486,251,1,Potential Loyalists,3
14755,United Kingdom,2011-01-09 14:02:00,2011-11-30 11:24:00,10,11,5010.28,455.48,2219,325,2,Champions,1
14756,United Kingdom,2011-11-24 18:13:00,2011-11-24 18:13:00,16,1,738.96,738.96,416,0,1,Potential Loyalists,3
14757,United Kingdom,2011-09-25 14:36:00,2011-09-25 14:36:00,76,1,420.5,420.5,160,0,3,At Risk,4
14758,United Kingdom,2011-03-25 12:10:00,2011-07-18 08:21:00,145,4,1484.06,371.02,419,115,0,Loyal Customers,2
14759,United Kingdom,2011-04-21 10:55:00,2011-12-05 12:03:00,5,3,1625.97,541.99,569,228,1,Potential Loyalists,3
14760,United Kingdom,2011-02-15 16:27:00,2011-02-15 16:27:00,298,1,89.2,89.2,40,0,3,At Risk,4
14761,United Kingdom,2011-01-09 12:03:00,2011-10-12 12:10:00,59,2,255.9,127.95,118,276,3,At Risk,4
14762,United Kingdom,2011-03-21 08:20:00,2011-03-21 08:20:00,264,1,300.52,300.52,341,0,3,At Risk,4
14764,United Kingdom,2011-10-24 11:54:00,2011-10-24 11:54:00,47,1,278.3,278.3,190,0,1,Potential Loyalists,3
14765,United Kingdom,2011-06-16 19:49:00,2011-11-10 19:53:00,30,3,254.11,84.7,135,147,1,Potential Loyalists,3
14766,United Kingdom,2010-12-08 15:33:00,2011-12-01 16:05:00,9,6,2473.37,412.23,1349,358,2,Champions,1
14768,United Kingdom,2011-08-04 13:25:00,2011-11-22 12:54:00,18,2,192.6,96.3,52,110,1,Potential Loyalists,3
14769,United Kingdom,2010-12-17 11:40:00,2011-12-07 10:24:00,3,8,10416.98,1302.12,7239,355,2,Champions,1
14770,United Kingdom,2011-01-20 15:00:00,2011-04-21 14:21:00,233,2,876.42,438.21,490,91,3,At Risk,4
14772,United Kingdom,2011-08-19 15:04:00,2011-08-19 15:04:00,113,1,139.26,139.26,82,0,3,At Risk,4
14775,United Kingdom,2010-12-02 16:38:00,2011-10-12 15:27:00,59,3,1011.9,337.3,1174,314,0,Loyal Customers,2
14776,United Kingdom,2011-01-31 13:17:00,2011-10-19 15:34:00,52,11,2538.3,230.75,3134,261,2,Champions,1
14778,United Kingdom,2011-02-04 11:43:00,2011-08-04 15:23:00,128,2,730.86,365.43,306,181,3,At Risk,4
14779,United Kingdom,2011-01-20 12:04:00,2011-03-04 12:42:00,281,3,386.15,128.72,84,43,3,At Risk,4
14780,United Kingdom,2011-09-21 15:15:00,2011-10-16 12:46:00,55,2,447.68,223.84,310,25,1,Potential Loyalists,3
14782,United Kingdom,2011-01-24 11:12:00,2011-01-24 11:12:00,320,1,200.1,200.1,114,0,3,At Risk,4
14784,United Kingdom,2011-01-20 09:25:00,2011-11-13 13:30:00,27,2,289.99,145.0,237,297,1,Potential Loyalists,3
14785,United Kingdom,2011-11-24 13:40:00,2011-11-29 13:21:00,11,2,77.4,38.7,84,5,1,Potential Loyalists,3
14788,United Kingdom,2011-11-13 15:52:00,2011-12-02 17:06:00,8,2,679.44,339.72,421,19,1,Potential Loyalists,3
14789,United Kingdom,2011-11-11 08:59:00,2011-11-11 08:59:00,29,1,197.64,197.64,116,0,1,Potential Loyalists,3
14790,United Kingdom,2011-03-31 11:49:00,2011-11-23 09:28:00,17,4,745.06,186.26,699,237,0,Loyal Customers,2
14792,United Kingdom,2011-10-07 09:19:00,2011-10-07 09:19:00,64,1,6.2,6.2,2,0,3,At Risk,4
14793,United Kingdom,2011-11-18 14:50:00,2011-11-18 14:50:00,22,1,228.99,228.99,91,0,1,Potential Loyalists,3
14794,United Kingdom,2011-01-09 16:11:00,2011-12-07 10:11:00,3,7,1319.91,188.56,673,332,2,Champions,1
14795,United Kingdom,2011-06-26 13:04:00,2011-06-26 13:04:00,167,1,131.45,131.45,17,0,3,At Risk,4
14796,United Kingdom,2010-12-08 10:40:00,2011-12-08 15:31:00,2,17,7975.49,469.15,5995,365,2,Champions,1
14798,United Kingdom,2011-02-02 15:26:00,2011-10-18 10:58:00,53,3,173.74,57.91,150,258,1,Potential Loyalists,3
14799,United Kingdom,2011-10-19 16:16:00,2011-10-19 16:16:00,52,1,157.7,157.7,146,0,3,At Risk,4
14800,United Kingdom,2010-12-05 11:10:00,2011-10-23 12:46:00,48,12,4331.79,360.98,3644,322,2,Champions,1
14801,United Kingdom,2011-10-09 15:24:00,2011-10-09 15:24:00,62,1,189.34,189.34,173,0,3,At Risk,4
14803,United Kingdom,2011-02-20 13:21:00,2011-06-30 13:58:00,163,3,845.55,281.85,370,130,0,Loyal Customers,2
14804,United Kingdom,2011-12-01 11:20:00,2011-12-01 11:20:00,9,1,353.27,353.27,121,0,1,Potential Loyalists,3
14805,United Kingdom,2011-01-30 10:43:00,2011-11-24 16:20:00,16,4,546.4,136.6,114,298,1,Potential Loyalists,3
14806,United Kingdom,2011-09-25 15:32:00,2011-09-25 15:32:00,76,1,193.39,193.39,330,0,3,At Risk,4
14808,United Kingdom,2011-06-20 12:53:00,2011-10-31 12:21:00,40,8,2718.6,339.82,2120,133,0,Loyal Customers,2
14810,United Kingdom,2010-12-05 12:08:00,2011-10-30 11:19:00,41,11,2085.33,189.58,1015,329,2,Champions,1
14813,United Kingdom,2010-12-05 11:54:00,2010-12-05 11:57:00,370,2,152.88,76.44,66,0,3,At Risk,4
14815,United Kingdom,2011-10-03 11:36:00,2011-11-03 11:36:00,37,2,778.5,389.25,744,31,1,Potential Loyalists,3
14816,United Kingdom,2011-05-26 13:16:00,2011-05-26 13:16:00,198,1,271.85,271.85,5,0,3,At Risk,4
14817,United Kingdom,2011-03-07 13:51:00,2011-05-23 13:35:00,201,2,1110.34,555.17,655,77,3,At Risk,4
14818,United Kingdom,2011-03-31 12:28:00,2011-09-27 11:01:00,74,3,657.8,219.27,324,180,0,Loyal Customers,2
14819,United Kingdom,2011-05-31 13:50:00,2011-10-06 13:41:00,65,2,272.07,136.04,109,128,3,At Risk,4
14820,United Kingdom,2011-06-19 14:56:00,2011-11-18 15:41:00,22,4,507.29,126.82,253,152,1,Potential Loyalists,3
14821,United Kingdom,2010-12-08 08:43:00,2010-12-08 08:43:00,367,1,48.8,48.8,20,0,3,At Risk,4
14823,United Kingdom,2011-05-29 12:48:00,2011-06-12 13:12:00,181,3,321.43,107.14,88,14,3,At Risk,4
14824,United Kingdom,2011-09-09 14:12:00,2011-11-29 14:20:00,11,4,1127.71,281.93,525,81,0,Loyal Customers,2
14825,United Kingdom,2010-12-06 12:30:00,2011-12-06 11:38:00,4,12,2221.01,185.08,989,365,2,Champions,1
14828,United Kingdom,2011-01-07 09:50:00,2011-05-27 10:16:00,197,3,2139.76,713.25,2172,140,0,Loyal Customers,2
14829,United Kingdom,2010-12-02 16:12:00,2011-11-10 16:16:00,30,4,697.55,174.39,452,343,0,Loyal Customers,2
14830,United Kingdom,2011-10-17 14:29:00,2011-10-17 14:29:00,54,1,188.88,188.88,164,0,3,At Risk,4
14834,United Kingdom,2011-04-13 15:00:00,2011-11-22 10:30:00,18,6,1720.3,286.72,734,223,0,Loyal Customers,2
14836,United Kingdom,2011-11-09 13:26:00,2011-11-29 16:45:00,11,3,102.45,34.15,45,20,1,Potential Loyalists,3
14837,United Kingdom,2011-05-22 12:49:00,2011-09-11 10:58:00,90,4,1649.5,412.38,1436,112,0,Loyal Customers,2
14840,United Kingdom,2011-03-17 12:00:00,2011-03-17 12:00:00,268,1,62.85,62.85,31,0,3,At Risk,4
14841,United Kingdom,2010-12-16 10:28:00,2011-10-17 15:03:00,54,6,3295.76,549.29,1778,305,0,Loyal Customers,2
14842,United Kingdom,2011-02-04 15:32:00,2011-10-27 12:37:00,44,4,2824.69,706.17,1166,265,0,Loyal Customers,2
14844,United Kingdom,2011-04-12 13:10:00,2011-10-07 10:41:00,64,4,3189.81,797.45,1833,178,0,Loyal Customers,2
14847,United Kingdom,2011-07-14 10:52:00,2011-07-14 10:52:00,149,1,309.4,309.4,120,0,3,At Risk,4
14849,United Kingdom,2010-12-01 12:22:00,2011-11-18 10:58:00,22,25,7930.54,317.22,5694,352,2,Champions,1
14850,United Kingdom,2011-02-01 11:21:00,2011-02-01 11:21:00,312,1,325.75,325.75,293,0,3,At Risk,4
14851,United Kingdom,2011-03-28 14:59:00,2011-11-16 14:20:00,24,2,511.35,255.68,325,233,1,Potential Loyalists,3
14852,United Kingdom,2011-04-01 13:22:00,2011-10-12 13:20:00,59,6,2836.69,472.78,1747,194,0,Loyal Customers,2
14853,United Kingdom,2011-05-12 15:17:00,2011-11-15 16:56:00,25,2,475.8,237.9,82,187,1,Potential Loyalists,3
14854,United Kingdom,2011-03-10 12:22:00,2011-09-22 17:00:00,79,7,2740.03,391.43,1820,196,0,Loyal Customers,2
14855,United Kingdom,2011-07-28 12:06:00,2011-08-12 14:02:00,120,2,645.65,322.82,267,15,3,At Risk,4
14856,United Kingdom,2011-10-14 09:35:00,2011-11-03 14:53:00,37,3,1290.53,430.18,711,20,0,Loyal Customers,2
14857,United Kingdom,2011-07-14 15:03:00,2011-10-11 09:23:00,60,2,1173.12,586.56,464,89,0,Loyal Customers,2
14859,United Kingdom,2011-05-19 14:42:00,2011-11-27 11:18:00,13,4,1353.74,338.44,671,192,0,Loyal Customers,2
14860,United Kingdom,2011-11-20 14:17:00,2011-11-20 14:17:00,20,1,170.32,170.32,232,0,1,Potential Loyalists,3
14861,United Kingdom,2011-10-18 12:54:00,2011-10-18 12:54:00,53,1,125.79,125.79,117,0,3,At Risk,4
14862,United Kingdom,2011-07-14 11:20:00,2011-11-14 10:01:00,26,2,841.2,420.6,772,123,1,Potential Loyalists,3
14863,United Kingdom,2011-11-10 15:04:00,2011-11-10 15:04:00,30,1,266.76,266.76,132,0,1,Potential Loyalists,3
14865,United Kingdom,2010-12-02 18:23:00,2011-12-02 16:25:00,8,2,52.2,26.1,108,365,1,Potential Loyalists,3
14866,United Kingdom,2010-12-08 14:58:00,2011-11-29 11:45:00,11,12,14389.9,1199.16,6752,356,2,Champions,1
14867,United Kingdom,2011-01-07 16:34:00,2011-06-07 11:39:00,186,3,710.28,236.76,328,151,3,At Risk,4
14868,United Kingdom,2011-04-20 13:36:00,2011-12-06 14:49:00,4,8,2953.59,369.2,1405,230,2,Champions,1
14869,United Kingdom,2011-08-28 16:09:00,2011-12-01 12:36:00,9,2,721.45,360.72,549,95,1,Potential Loyalists,3
14870,United Kingdom,2011-03-23 10:51:00,2011-03-23 10:51:00,262,1,327.25,327.25,119,0,3,At Risk,4
14871,United Kingdom,2010-12-14 12:18:00,2011-12-06 13:42:00,4,4,501.28,125.32,179,357,1,Potential Loyalists,3
14873,United Kingdom,2011-05-13 13:52:00,2011-05-13 13:52:00,211,1,519.68,519.68,168,0,3,At Risk,4
14875,United Kingdom,2011-03-22 11:53:00,2011-08-24 12:20:00,108,2,1465.32,732.66,558,155,0,Loyal Customers,2
14878,United Kingdom,2010-12-16 12:11:00,2011-11-27 11:15:00,13,9,1476.09,164.01,799,346,2,Champions,1
14880,United Kingdom,2011-02-24 12:27:00,2011-09-23 13:42:00,78,3,690.59,230.2,365,211,0,Loyal Customers,2
14881,United Kingdom,2011-11-20 11:06:00,2011-11-20 11:06:00,20,1,255.4,255.4,316,0,1,Potential Loyalists,3
14882,United Kingdom,2011-11-06 10:15:00,2011-11-13 12:47:00,27,2,589.7,294.85,158,7,1,Potential Loyalists,3
14883,United Kingdom,2011-05-12 09:49:00,2011-11-21 10:23:00,19,6,761.59,126.93,790,193,0,Loyal Customers,2
14885,United Kingdom,2011-07-31 12:05:00,2011-07-31 12:05:00,132,1,765.32,765.32,724,0,3,At Risk,4
14886,United Kingdom,2011-04-01 08:56:00,2011-04-01 08:56:00,253,1,364.8,364.8,160,0,3,At Risk,4
14887,United Kingdom,2011-09-21 15:32:00,2011-09-21 15:32:00,80,1,1862.0,1862.0,1100,0,0,Loyal Customers,2
14888,United Kingdom,2011-05-16 14:58:00,2011-05-16 14:58:00,208,1,369.2,369.2,184,0,3,At Risk,4
14889,United Kingdom,2011-01-07 15:19:00,2011-01-07 15:19:00,337,1,135.9,135.9,90,0,3,At Risk,4
14890,United Kingdom,2011-03-31 11:57:00,2011-03-31 11:57:00,254,1,125.65,125.65,51,0,3,At Risk,4
14891,United Kingdom,2011-06-05 10:58:00,2011-07-14 18:08:00,149,2,554.38,277.19,505,39,3,At Risk,4
14893,United Kingdom,2011-11-28 10:49:00,2011-11-30 12:31:00,10,2,1237.85,618.92,799,2,1,Potential Loyalists,3
14894,United Kingdom,2011-09-15 13:51:00,2011-09-15 13:51:00,86,1,655.75,655.75,265,0,3,At Risk,4
14895,United Kingdom,2011-02-22 13:08:00,2011-12-02 09:23:00,8,20,11138.71,556.94,4851,283,2,Champions,1
14896,United Kingdom,2010-12-09 12:24:00,2011-05-19 10:20:00,205,2,468.77,234.38,279,161,3,At Risk,4
14897,United Kingdom,2011-02-16 08:37:00,2011-12-02 10:32:00,8,4,1366.38,341.6,468,289,0,Loyal Customers,2
14898,United Kingdom,2010-12-03 15:25:00,2011-11-16 14:54:00,24,6,1269.31,211.55,1001,348,0,Loyal Customers,2
14901,United Kingdom,2010-12-02 11:20:00,2011-11-28 17:09:00,12,9,1421.29,157.92,661,361,2,Champions,1
14902,United Kingdom,2011-11-14 10:34:00,2011-11-14 10:34:00,26,1,332.66,332.66,218,0,1,Potential Loyalists,3
14903,United Kingdom,2011-03-06 11:50:00,2011-11-18 16:07:00,22,5,2795.33,559.07,1531,257,0,Loyal Customers,2
14904,United Kingdom,2011-11-14 09:13:00,2011-12-07 12:55:00,3,2,1025.44,512.72,1985,23,1,Potential Loyalists,3
14905,United Kingdom,2011-04-20 10:48:00,2011-07-05 12:41:00,158,2,616.15,308.08,287,76,3,At Risk,4
14907,United Kingdom,2010-12-07 10:14:00,2011-12-06 14:14:00,4,7,3501.1,500.16,1691,364,2,Champions,1
14908,United Kingdom,2011-09-26 12:56:00,2011-09-26 12:56:00,75,1,277.8,277.8,132,0,3,At Risk,4
14910,United Kingdom,2011-10-16 11:06:00,2011-12-07 10:06:00,3,4,434.35,108.59,238,52,1,Potential Loyalists,3
14911,EIRE,2010-12-01 14:05:00,2011-12-08 15:54:00,2,201,143711.17,714.98,80240,372,2,Champions,1
14912,Italy,2011-04-07 11:06:00,2011-11-23 09:20:00,17,2,867.85,433.92,971,230,1,Potential Loyalists,3
14913,United Kingdom,2010-12-15 14:35:00,2011-11-04 08:29:00,36,4,1227.43,306.86,1743,324,0,Loyal Customers,2
14915,United Kingdom,2011-03-07 09:39:00,2011-09-09 13:34:00,92,2,307.48,153.74,112,186,3,At Risk,4
14916,United Kingdom,2011-01-19 15:30:00,2011-09-30 09:20:00,71,4,1268.98,317.24,1136,254,0,Loyal Customers,2
14918,United Kingdom,2011-07-08 12:50:00,2011-08-16 11:50:00,116,2,1610.15,805.08,675,39,0,Loyal Customers,2
14920,United Kingdom,2011-05-11 10:31:00,2011-05-11 10:32:00,213,2,977.77,488.88,509,0,3,At Risk,4
14921,United Kingdom,2011-05-22 12:51:00,2011-11-09 13:17:00,31,2,1316.07,658.04,953,171,0,Loyal Customers,2
14923,United Kingdom,2011-10-20 11:51:00,2011-10-20 11:51:00,51,1,749.1,749.1,418,0,1,Potential Loyalists,3
14924,United Kingdom,2011-04-08 09:25:00,2011-04-08 09:25:00,246,1,310.05,310.05,64,0,3,At Risk,4
14929,United Kingdom,2011-11-07 17:21:00,2011-11-07 17:21:00,33,1,223.88,223.88,136,0,1,Potential Loyalists,3
14930,Channel Islands,2011-03-10 14:42:00,2011-08-23 10:31:00,109,3,2362.96,787.65,1160,166,0,Loyal Customers,2
14931,Channel Islands,2011-04-13 09:32:00,2011-12-05 10:19:00,5,5,1257.68,251.54,417,236,2,Champions,1
14932,Channel Islands,2010-12-09 11:48:00,2010-12-09 11:48:00,366,1,363.53,363.53,80,0,3,At Risk,4
14934,Channel Islands,2011-03-02 11:48:00,2011-09-19 10:10:00,82,2,1890.94,945.47,1042,201,0,Loyal Customers,2
14935,Channel Islands,2011-02-15 14:44:00,2011-02-15 14:44:00,298,1,1784.71,1784.71,935,0,3,At Risk,4
14936,Channel Islands,2011-03-09 11:53:00,2011-11-06 10:30:00,34,8,8137.02,1017.13,4085,242,2,Champions,1
14937,Channel Islands,2011-08-01 14:16:00,2011-10-14 12:29:00,57,3,1621.88,540.63,484,74,0,Loyal Customers,2
14944,United Kingdom,2011-02-16 12:47:00,2011-11-10 09:10:00,30,12,5900.25,491.69,2815,267,2,Champions,1
14946,United Kingdom,2011-11-25 13:33:00,2011-11-25 13:33:00,15,1,100.9,100.9,22,0,1,Potential Loyalists,3
14947,United Kingdom,2011-08-01 09:31:00,2011-09-28 15:48:00,73,2,290.82,145.41,179,58,3,At Risk,4
14948,United Kingdom,2011-05-04 14:52:00,2011-11-16 17:16:00,24,6,1101.97,183.66,673,196,0,Loyal Customers,2
14950,United Kingdom,2011-11-20 13:48:00,2011-11-20 13:48:00,20,1,371.2,371.2,136,0,1,Potential Loyalists,3
14951,United Kingdom,2011-09-21 15:15:00,2011-09-21 15:15:00,80,1,311.69,311.69,311,0,3,At Risk,4
14952,United Kingdom,2010-12-10 12:48:00,2011-10-11 10:33:00,60,11,8099.49,736.32,3355,305,2,Champions,1
14953,United Kingdom,2011-11-14 14:59:00,2011-11-14 14:59:00,26,1,285.67,285.67,224,0,1,Potential Loyalists,3
14954,United Kingdom,2011-11-27 14:30:00,2011-11-27 14:30:00,13,1,294.85,294.85,117,0,1,Potential Loyalists,3
14957,United Kingdom,2011-03-31 17:59:00,2011-03-31 17:59:00,254,1,58.49,58.49,34,0,3,At Risk,4
14958,United Kingdom,2011-04-08 11:28:00,2011-07-15 14:20:00,148,3,483.73,161.24,128,98,3,At Risk,4
14959,United Kingdom,2011-02-16 13:00:00,2011-10-06 18:23:00,65,4,695.42,173.86,494,232,0,Loyal Customers,2
14960,United Kingdom,2011-06-21 13:38:00,2011-12-01 12:54:00,9,2,221.27,110.64,221,163,1,Potential Loyalists,3
14961,United Kingdom,2010-12-14 11:38:00,2011-11-29 09:42:00,11,9,7044.68,782.74,3708,350,2,Champions,1
14962,United Kingdom,2011-03-14 09:42:00,2011-03-14 09:42:00,271,1,126.7,126.7,44,0,3,At Risk,4
14963,United Kingdom,2011-06-09 12:30:00,2011-11-30 12:16:00,10,5,1472.34,294.47,1159,174,0,Loyal Customers,2
14964,United Kingdom,2011-04-06 14:13:00,2011-04-06 14:13:00,248,1,206.21,206.21,143,0,3,At Risk,4
14965,United Kingdom,2011-09-04 13:15:00,2011-09-04 13:20:00,97,2,596.09,298.04,363,0,3,At Risk,4
14966,United Kingdom,2011-11-25 12:20:00,2011-11-25 12:20:00,15,1,183.02,183.02,179,0,1,Potential Loyalists,3
14967,United Kingdom,2011-10-21 11:06:00,2011-10-21 11:06:00,50,1,463.8,463.8,140,0,1,Potential Loyalists,3
14968,United Kingdom,2011-11-09 13:58:00,2011-11-09 13:58:00,31,1,147.59,147.59,127,0,1,Potential Loyalists,3
14970,United Kingdom,2011-01-27 12:23:00,2011-10-02 13:44:00,69,4,1592.06,398.02,250,248,0,Loyal Customers,2
14971,United Kingdom,2011-10-27 13:33:00,2011-11-04 17:07:00,36,3,1097.98,365.99,639,8,0,Loyal Customers,2
14972,United Kingdom,2011-08-03 14:54:00,2011-08-03 14:54:00,129,1,114.77,114.77,28,0,3,At Risk,4
14973,United Kingdom,2011-04-28 12:22:00,2011-08-24 15:51:00,108,3,1314.45,438.15,369,118,0,Loyal Customers,2
14974,United Kingdom,2011-11-02 13:01:00,2011-11-02 13:01:00,38,1,89.94,89.94,37,0,1,Potential Loyalists,3
14975,United Kingdom,2011-10-13 14:08:00,2011-10-13 14:08:00,58,1,279.94,279.94,380,0,3,At Risk,4
14976,United Kingdom,2011-01-17 11:09:00,2011-10-13 16:37:00,58,7,790.86,112.98,234,269,0,Loyal Customers,2
14978,United Kingdom,2011-01-13 12:03:00,2011-09-28 13:07:00,73,5,1921.37,384.27,523,258,0,Loyal Customers,2
14981,United Kingdom,2011-04-07 13:45:00,2011-04-07 13:45:00,247,1,102.12,102.12,97,0,3,At Risk,4
14984,United Kingdom,2011-06-12 11:04:00,2011-11-20 14:28:00,20,2,202.37,101.18,58,161,1,Potential Loyalists,3
14985,United Kingdom,2010-12-16 19:51:00,2011-05-25 14:29:00,199,2,292.01,146.0,256,160,3,At Risk,4
14987,United Kingdom,2010-12-09 12:13:00,2011-11-24 09:59:00,16,2,326.4,163.2,128,350,1,Potential Loyalists,3
14988,United Kingdom,2011-05-12 12:05:00,2011-05-12 12:05:00,212,1,334.54,334.54,141,0,3,At Risk,4
14995,United Kingdom,2011-03-04 13:14:00,2011-11-01 11:39:00,39,2,231.98,115.99,102,242,1,Potential Loyalists,3
14997,United Kingdom,2011-06-14 16:52:00,2011-10-24 13:28:00,47,3,546.2,182.07,1120,132,0,Loyal Customers,2
14998,United Kingdom,2011-04-12 16:28:00,2011-06-22 17:30:00,171,2,414.87,207.44,258,71,3,At Risk,4
15000,United Kingdom,2011-10-23 11:42:00,2011-10-23 11:42:00,48,1,490.52,490.52,218,0,1,Potential Loyalists,3
15002,United Kingdom,2010-12-07 13:16:00,2011-08-16 10:44:00,116,4,1641.76,410.44,862,252,0,Loyal Customers,2
15004,United Kingdom,2011-07-15 14:05:00,2011-07-15 14:05:00,148,1,1220.77,1220.77,623,0,3,At Risk,4
15005,United Kingdom,2010-12-08 14:36:00,2011-11-24 12:25:00,16,28,6295.37,224.83,4230,351,2,Champions,1
15006,United Kingdom,2011-10-19 15:08:00,2011-10-19 15:08:00,52,1,480.38,480.38,286,0,1,Potential Loyalists,3
15007,United Kingdom,2011-07-03 16:00:00,2011-07-03 16:00:00,160,1,156.91,156.91,69,0,3,At Risk,4
15009,United Kingdom,2011-11-14 17:40:00,2011-11-27 13:35:00,13,3,1259.43,419.81,639,13,0,Loyal Customers,2
15010,United Kingdom,2011-11-04 12:42:00,2011-11-04 12:42:00,36,1,308.94,308.94,184,0,1,Potential Loyalists,3
15012,United Kingdom,2010-12-01 12:49:00,2011-10-17 12:22:00,54,2,405.04,202.52,225,320,1,Potential Loyalists,3
15014,United Kingdom,2011-06-16 19:40:00,2011-10-27 20:07:00,44,2,257.67,128.84,149,133,1,Potential Loyalists,3
15016,United Kingdom,2011-06-20 12:06:00,2011-06-20 12:06:00,173,1,170.04,170.04,76,0,3,At Risk,4
15017,United Kingdom,2011-11-06 10:33:00,2011-11-06 10:33:00,34,1,125.58,125.58,63,0,1,Potential Loyalists,3
15018,United Kingdom,2010-12-07 10:47:00,2011-11-01 12:47:00,39,3,496.21,165.4,189,329,1,Potential Loyalists,3
15019,United Kingdom,2011-03-18 12:35:00,2011-03-18 12:35:00,267,1,252.81,252.81,150,0,3,At Risk,4
15021,United Kingdom,2010-12-08 12:17:00,2011-12-01 11:53:00,9,9,1871.77,207.97,819,358,2,Champions,1
15022,United Kingdom,2011-10-23 15:47:00,2011-11-28 12:35:00,12,4,852.39,213.1,527,36,1,Potential Loyalists,3
15023,United Kingdom,2010-12-05 13:49:00,2011-12-06 17:23:00,4,11,6720.41,610.95,2827,366,2,Champions,1
15024,United Kingdom,2010-12-07 13:20:00,2011-11-30 12:06:00,10,10,1636.43,163.64,902,358,2,Champions,1
15025,United Kingdom,2011-11-06 15:20:00,2011-11-06 15:20:00,34,1,361.96,361.96,184,0,1,Potential Loyalists,3
15026,United Kingdom,2011-03-07 13:45:00,2011-09-20 13:52:00,81,3,469.0,156.33,285,197,0,Loyal Customers,2
15027,United Kingdom,2011-04-15 14:14:00,2011-11-09 10:16:00,31,4,1066.15,266.54,565,208,0,Loyal Customers,2
15028,United Kingdom,2010-12-06 12:47:00,2011-12-01 14:06:00,9,4,627.13,156.78,459,360,1,Potential Loyalists,3
15030,United Kingdom,2011-03-16 15:34:00,2011-09-29 10:50:00,72,2,518.28,259.14,372,197,3,At Risk,4
15031,United Kingdom,2011-03-02 14:46:00,2011-12-05 14:19:00,5,4,653.19,163.3,400,278,1,Potential Loyalists,3
15032,United Kingdom,2010-12-08 12:57:00,2011-03-28 15:03:00,257,3,4959.1,1653.03,2968,110,0,Loyal Customers,2
15033,United Kingdom,2011-01-14 13:28:00,2011-12-05 12:40:00,5,10,2557.18,255.72,1672,325,2,Champions,1
15034,United Kingdom,2010-12-21 09:47:00,2011-11-24 12:11:00,16,8,4274.16,534.27,2413,338,2,Champions,1
15035,United Kingdom,2011-09-11 11:08:00,2011-09-11 11:08:00,90,1,252.73,252.73,245,0,3,At Risk,4
15036,United Kingdom,2011-06-13 12:19:00,2011-09-28 15:42:00,73,3,429.56,143.19,316,107,0,Loyal Customers,2
15038,United Kingdom,2010-12-05 10:54:00,2011-10-12 11:33:00,59,6,685.74,114.29,212,311,0,Loyal Customers,2
15039,United Kingdom,2010-12-06 11:26:00,2011-11-30 11:31:00,10,47,19766.59,420.57,9131,359,2,Champions,1
15041,United Kingdom,2011-06-22 16:16:00,2011-06-22 16:16:00,171,1,179.93,179.93,103,0,3,At Risk,4
15042,United Kingdom,2011-05-24 16:25:00,2011-05-24 16:25:00,200,1,135.93,135.93,30,0,3,At Risk,4
15043,United Kingdom,2011-11-08 14:26:00,2011-11-08 14:26:00,32,1,537.0,537.0,300,0,1,Potential Loyalists,3
15044,United Kingdom,2010-12-12 14:27:00,2011-11-20 13:20:00,20,17,7634.73,449.1,2785,343,2,Champions,1
15045,United Kingdom,2011-03-27 11:44:00,2011-07-11 11:33:00,152,2,735.66,367.83,114,106,3,At Risk,4
15046,United Kingdom,2011-01-05 15:30:00,2011-11-30 15:50:00,10,15,5090.42,339.36,3372,329,2,Champions,1
15047,United Kingdom,2011-03-15 10:49:00,2011-03-15 10:49:00,270,1,343.62,343.62,222,0,3,At Risk,4
15048,United Kingdom,2010-12-06 12:15:00,2011-10-05 14:55:00,66,4,381.0,95.25,192,303,0,Loyal Customers,2
15049,United Kingdom,2011-03-11 12:13:00,2011-03-11 12:13:00,274,1,121.17,121.17,63,0,3,At Risk,4
15050,United Kingdom,2011-09-29 13:22:00,2011-11-14 16:17:00,26,3,1737.69,579.23,1216,46,0,Loyal Customers,2
15051,United Kingdom,2011-07-12 15:29:00,2011-11-16 15:38:00,24,3,1383.36,461.12,1010,127,0,Loyal Customers,2
15052,United Kingdom,2011-01-24 15:52:00,2011-01-24 15:52:00,320,1,207.73,207.73,79,0,3,At Risk,4
15053,United Kingdom,2011-03-03 12:06:00,2011-12-05 12:08:00,5,3,693.95,231.32,984,277,1,Potential Loyalists,3
15054,United Kingdom,2011-10-30 14:33:00,2011-11-27 15:02:00,13,2,302.1,151.05,198,28,1,Potential Loyalists,3
15057,United Kingdom,2011-01-28 09:09:00,2011-03-09 15:17:00,276,2,1489.5,744.75,668,40,0,Loyal Customers,2
15058,United Kingdom,2011-01-31 15:35:00,2011-11-14 14:57:00,26,11,2102.54,191.14,1054,287,2,Champions,1
15059,United Kingdom,2011-01-09 11:54:00,2011-10-30 11:35:00,41,9,1337.72,148.64,604,294,0,Loyal Customers,2
15060,United Kingdom,2011-11-30 14:03:00,2011-12-01 13:47:00,9,4,294.25,73.56,257,1,1,Potential Loyalists,3
15061,United Kingdom,2010-12-02 15:19:00,2011-12-06 12:06:00,4,48,54534.14,1136.13,28920,369,2,Champions,1
15062,United Kingdom,2010-12-15 15:37:00,2011-09-29 16:51:00,72,4,987.86,246.96,763,288,0,Loyal Customers,2
15063,United Kingdom,2011-05-10 13:25:00,2011-05-10 13:25:00,214,1,370.8,370.8,56,0,3,At Risk,4
15065,United Kingdom,2011-02-21 12:54:00,2011-11-02 09:45:00,38,4,3158.13,789.53,1383,254,0,Loyal Customers,2
15066,United Kingdom,2011-10-17 13:25:00,2011-10-17 13:25:00,54,1,893.59,893.59,317,0,1,Potential Loyalists,3
15067,United Kingdom,2011-03-02 12:10:00,2011-09-22 13:20:00,79,3,1744.76,581.59,954,204,0,Loyal Customers,2
15068,United Kingdom,2011-03-28 14:27:00,2011-10-24 14:47:00,47,2,553.36,276.68,364,210,1,Potential Loyalists,3
15069,United Kingdom,2011-06-13 14:16:00,2011-06-13 14:16:00,180,1,1109.53,1109.53,520,0,3,At Risk,4
15070,United Kingdom,2010-12-02 11:23:00,2010-12-02 11:23:00,373,1,106.2,106.2,36,0,3,At Risk,4
15071,United Kingdom,2011-03-09 10:19:00,2011-09-07 11:43:00,94,2,982.07,491.04,269,182,0,Loyal Customers,2
15073,United Kingdom,2011-06-06 09:59:00,2011-11-30 10:44:00,10,3,1043.41,347.8,491,177,1,Potential Loyalists,3
15074,United Kingdom,2011-08-26 14:45:00,2011-08-26 14:45:00,106,1,735.67,735.67,431,0,3,At Risk,4
15075,United Kingdom,2011-09-23 12:27:00,2011-09-23 12:27:00,78,1,773.03,773.03,447,0,3,At Risk,4
15076,United Kingdom,2011-06-20 08:23:00,2011-06-20 08:23:00,173,1,880.85,880.85,571,0,3,At Risk,4
15078,United Kingdom,2010-12-06 12:38:00,2011-12-02 15:41:00,8,32,9743.11,304.47,5105,361,2,Champions,1
15079,United Kingdom,2010-12-09 09:25:00,2011-05-11 12:45:00,213,4,895.61,223.9,389,153,0,Loyal Customers,2
15081,United Kingdom,2010-12-07 16:20:00,2011-11-17 17:08:00,23,5,504.8,100.96,190,345,0,Loyal Customers,2
15083,United Kingdom,2011-03-28 12:18:00,2011-03-28 12:18:00,257,1,88.2,88.2,38,0,3,At Risk,4
15087,United Kingdom,2011-03-03 10:34:00,2011-03-03 10:34:00,282,1,306.94,306.94,470,0,3,At Risk,4
15088,United Kingdom,2011-10-03 14:05:00,2011-11-18 13:14:00,22,2,1160.07,580.04,460,46,1,Potential Loyalists,3
15089,United Kingdom,2011-08-03 14:14:00,2011-11-29 16:31:00,11,6,2420.84,403.47,1359,118,2,Champions,1
15090,United Kingdom,2011-02-04 14:03:00,2011-02-04 14:03:00,309,1,381.32,381.32,208,0,3,At Risk,4
15091,United Kingdom,2011-10-03 12:47:00,2011-10-03 12:47:00,68,1,480.71,480.71,346,0,3,At Risk,4
15092,United Kingdom,2011-03-01 12:24:00,2011-05-08 14:10:00,216,2,457.81,228.9,135,68,3,At Risk,4
15093,United Kingdom,2010-12-02 18:25:00,2011-11-21 13:09:00,19,6,4597.02,766.17,3760,354,2,Champions,1
15095,United Kingdom,2011-05-20 14:27:00,2011-08-28 12:01:00,104,4,1370.6,342.65,1079,100,0,Loyal Customers,2
15096,United Kingdom,2011-10-28 10:27:00,2011-10-28 10:27:00,43,1,219.39,219.39,120,0,1,Potential Loyalists,3
15097,United Kingdom,2011-12-05 14:03:00,2011-12-05 14:03:00,5,1,248.08,248.08,170,0,1,Potential Loyalists,3
15098,United Kingdom,2011-06-10 15:22:00,2011-06-10 15:33:00,183,3,39916.5,13305.5,121,0,0,Loyal Customers,2
15099,United Kingdom,2011-09-16 13:13:00,2011-09-16 13:13:00,85,1,410.48,410.48,343,0,3,At Risk,4
15100,United Kingdom,2010-12-01 09:09:00,2011-01-10 10:35:00,334,3,876.0,292.0,80,40,3,At Risk,4
15101,United Kingdom,2010-12-15 12:54:00,2011-12-01 10:18:00,9,2,317.53,158.77,241,351,1,Potential Loyalists,3
15103,United Kingdom,2011-09-14 13:54:00,2011-11-08 14:53:00,32,2,703.36,351.68,329,55,1,Potential Loyalists,3
15104,United Kingdom,2011-03-02 14:16:00,2011-05-27 12:29:00,197,2,993.54,496.77,635,86,3,At Risk,4
15105,United Kingdom,2011-07-28 10:09:00,2011-11-21 16:54:00,19,7,2298.93,328.42,1211,116,2,Champions,1
15106,United Kingdom,2011-03-15 12:52:00,2011-11-22 09:16:00,18,5,1422.52,284.5,1181,252,0,Loyal Customers,2
15107,United Kingdom,2010-12-02 13:45:00,2011-02-01 14:46:00,312,6,319.5,53.25,169,61,3,At Risk,4
15108,European Community,2011-04-26 10:54:00,2011-07-21 10:24:00,142,4,1300.25,325.06,499,86,0,Loyal Customers,2
15109,United Kingdom,2011-04-08 09:58:00,2011-04-08 09:58:00,246,1,484.95,484.95,131,0,3,At Risk,4
15110,United Kingdom,2011-01-25 11:41:00,2011-11-16 11:16:00,24,4,996.1,249.02,246,295,0,Loyal Customers,2
15111,United Kingdom,2010-12-02 11:45:00,2011-11-10 16:58:00,30,3,1567.48,522.49,710,343,0,Loyal Customers,2
15113,United Kingdom,2011-10-16 15:27:00,2011-11-30 08:23:00,10,3,3509.43,1169.81,2344,45,0,Loyal Customers,2
15114,United Kingdom,2011-02-11 08:45:00,2011-11-09 15:05:00,31,10,2760.56,276.06,3096,271,2,Champions,1
15115,United Kingdom,2011-11-21 14:59:00,2011-11-21 14:59:00,19,1,340.11,340.11,157,0,1,Potential Loyalists,3
15116,United Kingdom,2011-05-19 08:50:00,2011-11-22 12:25:00,18,4,1352.75,338.19,648,187,0,Loyal Customers,2
15117,United Kingdom,2011-05-08 12:38:00,2011-11-25 08:12:00,15,5,1551.78,310.36,1948,201,0,Loyal Customers,2
15118,United Kingdom,2011-07-28 14:54:00,2011-07-28 14:54:00,135,1,244.8,244.8,1440,0,3,At Risk,4
15119,United Kingdom,2011-04-08 09:08:00,2011-04-08 09:08:00,246,1,266.4,266.4,88,0,3,At Risk,4
15120,United Kingdom,2011-07-29 09:48:00,2011-07-29 09:48:00,134,1,358.82,358.82,296,0,3,At Risk,4
15121,United Kingdom,2011-02-24 12:41:00,2011-10-20 14:51:00,51,2,457.72,228.86,199,238,1,Potential Loyalists,3
15122,United Kingdom,2011-02-15 09:59:00,2011-08-17 16:48:00,115,3,1633.78,544.59,800,183,0,Loyal Customers,2
15123,United Kingdom,2011-05-17 14:57:00,2011-12-02 13:12:00,8,2,2199.31,1099.66,1195,199,1,Potential Loyalists,3
15124,United Kingdom,2011-06-01 09:06:00,2011-11-17 10:09:00,23,2,184.19,92.1,233,169,1,Potential Loyalists,3
15125,United Kingdom,2011-03-14 09:59:00,2011-11-14 13:57:00,26,15,11528.48,768.57,6193,245,2,Champions,1
15127,United Kingdom,2011-10-05 10:30:00,2011-10-05 10:30:00,66,1,406.53,406.53,251,0,3,At Risk,4
15128,United Kingdom,2011-05-04 12:32:00,2011-10-10 13:54:00,61,4,1471.0,367.75,1343,159,0,Loyal Customers,2
15129,United Kingdom,2011-02-21 09:09:00,2011-10-20 14:40:00,51,11,3447.4,313.4,1794,241,2,Champions,1
15130,United Kingdom,2011-06-23 10:15:00,2011-06-23 10:15:00,170,1,330.11,330.11,197,0,3,At Risk,4
15132,United Kingdom,2011-03-22 12:02:00,2011-11-21 17:10:00,19,5,977.93,195.59,679,244,0,Loyal Customers,2
15133,United Kingdom,2011-02-11 10:38:00,2011-08-04 10:44:00,128,3,982.42,327.47,680,174,0,Loyal Customers,2
15134,United Kingdom,2011-04-13 11:05:00,2011-11-25 08:55:00,15,8,1387.99,173.5,887,226,2,Champions,1
15135,United Kingdom,2011-04-14 19:16:00,2011-04-14 19:16:00,240,1,139.05,139.05,43,0,3,At Risk,4
15136,United Kingdom,2011-09-04 16:05:00,2011-12-07 12:26:00,3,4,1286.7,321.68,776,94,2,Champions,1
15139,United Kingdom,2011-01-07 12:44:00,2011-04-14 11:39:00,240,2,178.96,89.48,208,97,3,At Risk,4
15140,United Kingdom,2011-03-20 14:37:00,2011-10-18 14:07:00,53,7,2354.25,336.32,1572,212,0,Loyal Customers,2
15142,United Kingdom,2011-10-24 12:51:00,2011-10-24 12:51:00,47,1,498.74,498.74,365,0,1,Potential Loyalists,3
15143,United Kingdom,2011-04-28 12:03:00,2011-04-28 12:03:00,226,1,259.45,259.45,150,0,3,At Risk,4
15144,United Kingdom,2011-01-31 13:17:00,2011-12-01 15:12:00,9,17,6580.44,387.08,3050,304,2,Champions,1
15145,United Kingdom,2011-04-05 15:20:00,2011-12-05 17:21:00,5,4,1194.73,298.68,756,244,1,Potential Loyalists,3
15146,United Kingdom,2011-02-21 13:07:00,2011-06-28 12:09:00,165,2,1327.16,663.58,1473,127,0,Loyal Customers,2
15147,United Kingdom,2011-04-13 15:57:00,2011-04-13 15:57:00,241,1,623.5,623.5,366,0,3,At Risk,4
15148,United Kingdom,2011-11-29 08:21:00,2011-11-29 08:21:00,11,1,301.29,301.29,187,0,1,Potential Loyalists,3
15149,United Kingdom,2011-07-29 10:58:00,2011-07-29 10:58:00,134,1,520.8,520.8,128,0,3,At Risk,4
15150,United Kingdom,2011-03-15 14:21:00,2011-11-22 12:52:00,18,10,5291.33,529.13,3642,252,2,Champions,1
15152,United Kingdom,2011-06-05 15:36:00,2011-11-30 12:32:00,10,13,4745.69,365.05,2704,178,2,Champions,1
15153,United Kingdom,2011-11-08 17:09:00,2011-11-08 17:09:00,32,1,329.25,329.25,198,0,1,Potential Loyalists,3
15154,United Kingdom,2011-09-25 16:05:00,2011-09-25 16:05:00,76,1,254.28,254.28,89,0,3,At Risk,4
15156,United Kingdom,2011-11-06 12:41:00,2011-12-08 18:22:00,2,3,961.49,320.5,597,32,1,Potential Loyalists,3
15157,United Kingdom,2010-12-16 13:44:00,2011-12-06 11:28:00,4,3,1936.07,645.36,2392,355,1,Potential Loyalists,3
15158,United Kingdom,2011-10-25 13:53:00,2011-10-25 13:53:00,46,1,401.4,401.4,198,0,1,Potential Loyalists,3
15159,United Kingdom,2010-12-13 15:44:00,2011-12-08 12:05:00,2,30,18641.01,621.37,11441,360,2,Champions,1
15160,United Kingdom,2010-12-17 14:15:00,2010-12-17 14:15:00,358,1,158.16,158.16,84,0,3,At Risk,4
15163,United Kingdom,2011-05-31 15:22:00,2011-11-21 13:10:00,19,2,304.47,152.23,186,174,1,Potential Loyalists,3
15164,United Kingdom,2011-01-04 14:21:00,2011-10-02 12:05:00,69,3,824.58,274.86,351,271,0,Loyal Customers,2
15165,United Kingdom,2010-12-01 14:03:00,2010-12-01 14:03:00,374,1,487.75,487.75,160,0,3,At Risk,4
15167,United Kingdom,2011-01-23 12:41:00,2011-01-23 12:41:00,321,1,158.8,158.8,65,0,3,At Risk,4
15168,United Kingdom,2011-11-14 11:26:00,2011-11-14 11:26:00,26,1,106.56,106.56,52,0,1,Potential Loyalists,3
15171,United Kingdom,2011-01-12 15:36:00,2011-01-12 15:36:00,332,1,1289.5,1289.5,290,0,3,At Risk,4
15172,United Kingdom,2011-04-17 11:56:00,2011-12-01 11:51:00,9,5,1624.05,324.81,1611,228,2,Champions,1
15174,United Kingdom,2011-01-21 09:06:00,2011-01-21 09:06:00,323,1,135.75,135.75,145,0,3,At Risk,4
15175,United Kingdom,2011-09-29 11:31:00,2011-09-29 11:31:00,72,1,224.14,224.14,454,0,3,At Risk,4
15178,United Kingdom,2011-03-24 15:12:00,2011-03-24 15:12:00,261,1,40.5,40.5,30,0,3,At Risk,4
15179,United Kingdom,2011-01-24 13:48:00,2011-11-21 12:53:00,19,5,2206.95,441.39,1938,301,0,Loyal Customers,2
15180,United Kingdom,2010-12-07 14:57:00,2010-12-07 14:57:00,368,1,87.5,87.5,36,0,3,At Risk,4
15181,United Kingdom,2011-03-15 12:03:00,2011-10-04 13:58:00,67,3,689.48,229.83,544,203,0,Loyal Customers,2
15182,United Kingdom,2011-03-16 12:42:00,2011-07-08 13:37:00,155,2,622.85,311.42,253,114,3,At Risk,4
15184,United Kingdom,2011-06-02 12:06:00,2011-11-10 13:41:00,30,2,402.2,201.1,199,161,1,Potential Loyalists,3
15185,United Kingdom,2011-09-30 14:06:00,2011-09-30 14:06:00,71,1,310.62,310.62,666,0,3,At Risk,4
15186,United Kingdom,2011-06-24 14:54:00,2011-11-25 14:58:00,15,2,411.41,205.7,215,154,1,Potential Loyalists,3
15187,United Kingdom,2011-05-11 13:49:00,2011-12-08 11:56:00,2,16,4777.18,298.57,1887,211,2,Champions,1
15189,United Kingdom,2011-01-11 12:29:00,2011-12-08 13:22:00,2,41,16225.39,395.74,6149,331,2,Champions,1
15192,United Kingdom,2010-12-09 14:56:00,2011-08-12 11:41:00,120,3,1044.32,348.11,918,246,0,Loyal Customers,2
15193,United Kingdom,2011-10-10 08:23:00,2011-10-10 08:23:00,61,1,499.32,499.32,144,0,3,At Risk,4
15194,United Kingdom,2010-12-06 15:00:00,2011-12-06 15:10:00,4,15,7616.53,507.77,5703,365,2,Champions,1
15195,United Kingdom,2011-12-07 12:20:00,2011-12-07 12:20:00,3,1,3861.0,3861.0,1404,0,1,Potential Loyalists,3
15197,United Kingdom,2010-12-16 18:01:00,2011-11-29 10:00:00,11,3,1079.61,359.87,469,348,1,Potential Loyalists,3
15198,United Kingdom,2011-08-07 15:16:00,2011-09-08 14:42:00,93,2,193.64,96.82,120,32,3,At Risk,4
15199,United Kingdom,2011-02-04 14:04:00,2011-10-11 15:12:00,60,4,1268.7,317.18,396,249,0,Loyal Customers,2
15201,United Kingdom,2011-04-06 14:02:00,2011-09-13 14:53:00,88,5,1236.54,247.31,1210,160,0,Loyal Customers,2
15203,United Kingdom,2011-02-01 12:29:00,2011-11-14 08:16:00,26,6,1827.8,304.63,1753,286,0,Loyal Customers,2
15204,United Kingdom,2010-12-17 13:49:00,2010-12-17 13:49:00,358,1,316.58,316.58,258,0,3,At Risk,4
15205,United Kingdom,2011-08-04 16:07:00,2011-09-15 19:36:00,86,2,653.24,326.62,378,42,3,At Risk,4
15206,United Kingdom,2011-03-09 08:59:00,2011-11-29 13:41:00,11,4,420.3,105.08,162,265,1,Potential Loyalists,3
15208,United Kingdom,2010-12-21 13:03:00,2011-12-08 17:24:00,2,5,870.12,174.02,316,352,2,Champions,1
15210,United Kingdom,2011-04-28 16:11:00,2011-04-28 16:11:00,226,1,331.18,331.18,228,0,3,At Risk,4
15211,United Kingdom,2010-12-09 16:08:00,2011-10-10 13:31:00,61,2,894.41,447.2,240,305,0,Loyal Customers,2
15212,United Kingdom,2011-04-12 13:45:00,2011-04-12 13:45:00,242,1,101.8,101.8,36,0,3,At Risk,4
15213,United Kingdom,2011-01-14 11:05:00,2011-01-25 12:21:00,319,2,328.35,164.18,272,11,3,At Risk,4
15214,United Kingdom,2011-04-11 09:46:00,2011-12-08 12:07:00,2,8,1661.44,207.68,1254,241,2,Champions,1
15215,United Kingdom,2011-09-04 12:24:00,2011-10-24 11:41:00,47,3,734.94,244.98,225,50,0,Loyal Customers,2
15216,United Kingdom,2011-09-13 11:41:00,2011-09-13 11:41:00,88,1,96.6,96.6,28,0,3,At Risk,4
15218,United Kingdom,2011-01-25 11:20:00,2011-11-29 11:48:00,11,11,5756.89,523.35,3329,308,2,Champions,1
15219,United Kingdom,2011-06-16 16:57:00,2011-06-16 16:57:00,177,1,305.75,305.75,45,0,3,At Risk,4
15220,United Kingdom,2011-03-04 10:24:00,2011-10-19 12:39:00,52,6,1778.96,296.49,1393,229,0,Loyal Customers,2
15221,United Kingdom,2010-12-08 13:08:00,2010-12-08 13:08:00,367,1,403.25,403.25,43,0,3,At Risk,4
15222,United Kingdom,2011-01-25 08:03:00,2011-01-25 08:03:00,319,1,585.0,585.0,440,0,3,At Risk,4
15223,United Kingdom,2011-04-04 12:17:00,2011-04-28 11:31:00,226,2,755.75,377.88,213,24,3,At Risk,4
15224,United Kingdom,2010-12-12 12:34:00,2010-12-16 15:02:00,359,2,322.08,161.04,152,4,3,At Risk,4
15225,United Kingdom,2011-04-19 14:51:00,2011-04-19 14:51:00,235,1,409.4,409.4,226,0,3,At Risk,4
15226,United Kingdom,2011-02-02 11:41:00,2011-02-02 11:41:00,311,1,154.41,154.41,71,0,3,At Risk,4
15227,United Kingdom,2011-01-26 15:31:00,2011-11-03 11:59:00,37,5,1219.4,243.88,750,281,0,Loyal Customers,2
15228,United Kingdom,2011-02-18 09:04:00,2011-10-04 13:56:00,67,4,3386.71,846.68,2255,228,0,Loyal Customers,2
15230,United Kingdom,2011-04-13 11:04:00,2011-04-14 14:39:00,240,2,429.6,214.8,351,1,3,At Risk,4
15232,United Kingdom,2011-07-22 12:21:00,2011-08-18 16:27:00,114,2,612.06,306.03,686,27,3,At Risk,4
15234,United Kingdom,2011-03-08 08:53:00,2011-03-08 08:53:00,277,1,197.0,197.0,196,0,3,At Risk,4
15235,United Kingdom,2010-12-01 17:22:00,2011-05-06 09:44:00,218,12,2247.51,187.29,1324,156,0,Loyal Customers,2
15236,United Kingdom,2011-02-14 10:52:00,2011-02-14 10:52:00,299,1,321.05,321.05,269,0,3,At Risk,4
15237,United Kingdom,2011-04-26 15:04:00,2011-12-08 09:46:00,2,4,1412.32,353.08,1071,226,2,Champions,1
15238,United Kingdom,2011-06-08 16:00:00,2011-11-10 14:28:00,30,3,1071.99,357.33,692,155,0,Loyal Customers,2
15239,United Kingdom,2011-09-22 09:53:00,2011-11-29 14:14:00,11,2,780.59,390.3,594,68,1,Potential Loyalists,3
15240,United Kingdom,2011-02-01 08:23:00,2011-10-26 09:50:00,45,5,1706.57,341.31,1369,267,0,Loyal Customers,2
15241,United Kingdom,2011-03-01 11:02:00,2011-10-04 09:05:00,67,8,1756.44,219.56,1818,217,0,Loyal Customers,2
15243,United Kingdom,2011-09-26 14:12:00,2011-09-26 14:12:00,75,1,316.68,316.68,185,0,3,At Risk,4
15244,United Kingdom,2011-04-05 15:12:00,2011-10-05 13:19:00,66,2,631.57,315.78,405,183,0,Loyal Customers,2
15245,United Kingdom,2011-03-23 13:42:00,2011-07-28 18:56:00,135,3,2515.84,838.61,1784,127,0,Loyal Customers,2
15246,United Kingdom,2010-12-16 09:46:00,2011-04-15 14:45:00,239,2,514.15,257.08,247,120,3,At Risk,4
15247,United Kingdom,2011-08-09 12:52:00,2011-08-09 12:52:00,123,1,356.0,356.0,160,0,3,At Risk,4
15249,United Kingdom,2011-03-28 12:49:00,2011-11-08 11:45:00,32,13,6688.46,514.5,3577,225,2,Champions,1
15251,United Kingdom,2011-04-12 10:38:00,2011-11-30 15:02:00,10,11,10484.99,953.18,6171,232,2,Champions,1
15252,United Kingdom,2011-06-09 14:15:00,2011-11-03 13:30:00,37,2,740.78,370.39,522,147,1,Potential Loyalists,3
15253,United Kingdom,2011-06-23 12:19:00,2011-11-23 16:22:00,17,5,918.2,183.64,866,153,0,Loyal Customers,2
15254,United Kingdom,2011-08-04 15:04:00,2011-08-04 15:04:00,128,1,300.36,300.36,275,0,3,At Risk,4
15255,United Kingdom,2011-10-04 12:43:00,2011-10-04 12:43:00,67,1,890.85,890.85,489,0,3,At Risk,4
15256,United Kingdom,2011-07-14 11:47:00,2011-07-14 11:47:00,149,1,98.45,98.45,55,0,3,At Risk,4
15257,United Kingdom,2011-03-01 12:58:00,2011-03-01 12:58:00,284,1,317.15,317.15,46,0,3,At Risk,4
15258,United Kingdom,2011-05-06 14:16:00,2011-06-24 12:30:00,169,2,623.16,311.58,142,49,3,At Risk,4
15260,United Kingdom,2010-12-02 12:09:00,2011-08-31 13:55:00,101,7,1810.77,258.68,885,272,0,Loyal Customers,2
15261,United Kingdom,2011-07-27 15:20:00,2011-07-27 15:20:00,136,1,254.82,254.82,270,0,3,At Risk,4
15262,United Kingdom,2011-01-20 12:16:00,2011-01-20 12:16:00,324,1,178.95,178.95,73,0,3,At Risk,4
15263,United Kingdom,2011-08-25 10:26:00,2011-08-25 10:26:00,107,1,156.51,156.51,89,0,3,At Risk,4
15264,United Kingdom,2011-10-06 13:49:00,2011-10-06 13:49:00,65,1,393.74,393.74,265,0,3,At Risk,4
15265,United Kingdom,2011-04-18 12:16:00,2011-07-11 14:46:00,152,2,1506.12,753.06,612,84,0,Loyal Customers,2
15266,United Kingdom,2011-01-05 13:40:00,2011-01-05 13:40:00,339,1,119.3,119.3,18,0,3,At Risk,4
15267,United Kingdom,2011-06-10 10:24:00,2011-11-17 15:59:00,23,5,1717.36,343.47,944,160,0,Loyal Customers,2
15269,United Kingdom,2011-11-16 09:32:00,2011-11-16 09:32:00,24,1,408.8,408.8,26,0,1,Potential Loyalists,3
15270,United Kingdom,2011-02-02 13:25:00,2011-11-24 09:24:00,16,7,2379.49,339.93,1521,295,2,Champions,1
15271,United Kingdom,2010-12-09 13:47:00,2011-12-02 14:11:00,8,15,2493.34,166.22,1251,358,2,Champions,1
15272,United Kingdom,2011-09-14 16:36:00,2011-10-13 12:59:00,58,2,721.94,360.97,310,29,0,Loyal Customers,2
15274,United Kingdom,2011-11-21 14:17:00,2011-12-05 16:57:00,5,2,716.57,358.28,619,14,1,Potential Loyalists,3
15275,United Kingdom,2011-11-02 11:20:00,2011-11-02 11:20:00,38,1,615.14,615.14,498,0,1,Potential Loyalists,3
15276,United Kingdom,2011-10-04 16:39:00,2011-10-04 16:39:00,67,1,128.63,128.63,61,0,3,At Risk,4
15277,United Kingdom,2011-10-24 10:08:00,2011-10-24 10:08:00,47,1,255.9,255.9,205,0,3,At Risk,4
15279,United Kingdom,2010-12-20 10:48:00,2010-12-20 10:48:00,355,1,290.51,290.51,189,0,3,At Risk,4
15280,United Kingdom,2011-06-20 17:14:00,2011-06-20 17:14:00,173,1,113.12,113.12,154,0,3,At Risk,4
15281,United Kingdom,2011-01-10 15:51:00,2011-10-12 09:10:00,59,9,2332.15,259.13,1211,275,0,Loyal Customers,2
15286,United Kingdom,2011-10-21 11:08:00,2011-10-21 11:08:00,50,1,240.55,240.55,55,0,3,At Risk,4
15287,United Kingdom,2011-09-30 12:30:00,2011-11-17 15:34:00,23,2,486.69,243.34,433,48,1,Potential Loyalists,3
15288,United Kingdom,2010-12-09 13:59:00,2011-10-27 16:58:00,44,5,2306.52,461.3,775,322,0,Loyal Customers,2
15289,United Kingdom,2011-04-04 12:44:00,2011-11-10 13:49:00,30,3,939.78,313.26,1008,220,0,Loyal Customers,2
15290,United Kingdom,2010-12-15 16:03:00,2011-12-05 11:39:00,5,18,7943.22,441.29,4501,355,2,Champions,1
15291,United Kingdom,2010-12-01 09:32:00,2011-11-14 11:02:00,26,15,4668.3,311.22,2103,348,2,Champions,1
15292,United Kingdom,2011-05-22 15:00:00,2011-05-22 15:00:00,202,1,178.39,178.39,55,0,3,At Risk,4
15296,United Kingdom,2011-01-17 11:57:00,2011-10-20 11:47:00,51,6,3672.86,612.14,1766,276,0,Loyal Customers,2
15297,United Kingdom,2011-10-07 09:42:00,2011-11-29 16:32:00,11,3,641.94,213.98,292,53,1,Potential Loyalists,3
15298,United Kingdom,2010-12-08 13:55:00,2011-12-07 17:17:00,3,12,4799.9,399.99,3116,364,2,Champions,1
15299,United Kingdom,2010-12-02 16:48:00,2011-10-03 14:19:00,68,7,4507.01,643.86,2948,305,0,Loyal Customers,2
15300,United Kingdom,2011-10-06 17:08:00,2011-10-06 17:08:00,65,1,496.44,496.44,292,0,3,At Risk,4
15301,United Kingdom,2010-12-06 12:21:00,2011-10-20 09:57:00,51,12,5049.95,420.83,2751,318,2,Champions,1
15303,United Kingdom,2011-02-22 13:59:00,2011-02-22 13:59:00,291,1,574.02,574.02,248,0,3,At Risk,4
15304,United Kingdom,2010-12-06 11:42:00,2011-10-10 10:23:00,61,8,694.4,86.8,104,308,0,Loyal Customers,2
15306,United Kingdom,2011-07-14 15:22:00,2011-10-06 12:56:00,65,3,1174.35,391.45,810,84,0,Loyal Customers,2
15307,United Kingdom,2011-09-05 11:38:00,2011-09-05 11:38:00,96,1,205.3,205.3,37,0,3,At Risk,4
15308,United Kingdom,2011-03-10 13:08:00,2011-03-10 13:08:00,275,1,310.47,310.47,175,0,3,At Risk,4
15311,United Kingdom,2010-12-01 09:41:00,2011-12-09 12:00:00,1,91,60632.75,666.29,38147,373,2,Champions,1
15312,United Kingdom,2010-12-20 12:51:00,2011-09-25 13:10:00,76,4,924.85,231.21,516,279,0,Loyal Customers,2
15313,United Kingdom,2011-08-21 16:02:00,2011-08-21 16:02:00,111,1,52.0,52.0,25,0,3,At Risk,4
15314,United Kingdom,2011-05-24 14:39:00,2011-05-24 14:39:00,200,1,327.97,327.97,313,0,3,At Risk,4
15315,United Kingdom,2011-08-15 15:17:00,2011-10-06 12:51:00,65,2,570.5,285.25,862,52,3,At Risk,4
15316,United Kingdom,2011-01-17 11:34:00,2011-01-17 11:34:00,327,1,165.0,165.0,100,0,3,At Risk,4
15318,United Kingdom,2011-12-06 11:30:00,2011-12-06 11:30:00,4,1,312.62,312.62,642,0,1,Potential Loyalists,3
15319,United Kingdom,2011-03-01 12:48:00,2011-03-01 12:48:00,284,1,204.5,204.5,175,0,3,At Risk,4
15320,United Kingdom,2011-10-26 13:27:00,2011-10-26 13:27:00,45,1,267.13,267.13,326,0,1,Potential Loyalists,3
15321,United Kingdom,2011-02-21 11:10:00,2011-09-30 09:40:00,71,3,2748.31,916.1,1181,221,0,Loyal Customers,2
15322,United Kingdom,2011-09-15 09:34:00,2011-09-15 09:34:00,86,1,679.68,679.68,416,0,3,At Risk,4
15325,United Kingdom,2011-08-28 11:55:00,2011-08-28 11:55:00,104,1,161.74,161.74,231,0,3,At Risk,4
15326,United Kingdom,2011-01-10 11:38:00,2011-01-10 11:38:00,334,1,311.71,311.71,386,0,3,At Risk,4
15327,United Kingdom,2011-10-18 11:55:00,2011-10-18 11:55:00,53,1,208.75,208.75,116,0,3,At Risk,4
15329,United Kingdom,2011-06-21 10:37:00,2011-10-31 15:36:00,40,3,1049.7,349.9,486,132,0,Loyal Customers,2
15330,United Kingdom,2011-10-10 12:30:00,2011-11-07 17:50:00,33,2,714.96,357.48,1312,28,1,Potential Loyalists,3
15332,Lithuania,2010-12-05 12:00:00,2010-12-08 14:43:00,367,4,1661.06,415.26,652,3,0,Loyal Customers,2
15333,United Kingdom,2011-05-15 13:27:00,2011-05-15 13:27:00,209,1,1028.56,1028.56,344,0,3,At Risk,4
15334,United Kingdom,2011-06-19 13:51:00,2011-07-06 11:22:00,157,3,350.82,116.94,273,17,3,At Risk,4
15335,United Kingdom,2011-10-17 12:50:00,2011-10-17 12:50:00,54,1,170.22,170.22,79,0,3,At Risk,4
15339,United Kingdom,2011-01-25 13:15:00,2011-10-04 12:51:00,67,2,574.07,287.04,416,252,3,At Risk,4
15341,United Kingdom,2011-09-20 09:40:00,2011-09-20 09:40:00,81,1,2020.52,2020.52,812,0,0,Loyal Customers,2
15342,United Kingdom,2011-08-02 10:19:00,2011-08-02 10:19:00,130,1,406.09,406.09,283,0,3,At Risk,4
15343,United Kingdom,2011-09-13 13:55:00,2011-09-13 13:55:00,88,1,364.5,364.5,84,0,3,At Risk,4
15344,United Kingdom,2011-09-26 14:48:00,2011-12-09 10:45:00,1,3,563.94,187.98,116,74,1,Potential Loyalists,3
15345,United Kingdom,2011-10-25 11:28:00,2011-10-25 11:28:00,46,1,393.54,393.54,81,0,1,Potential Loyalists,3
15346,United Kingdom,2011-01-11 11:18:00,2011-01-11 11:18:00,333,1,252.42,252.42,144,0,3,At Risk,4
15347,United Kingdom,2010-12-08 15:25:00,2010-12-08 15:25:00,367,1,201.6,201.6,130,0,3,At Risk,4
15348,United Kingdom,2011-09-28 13:17:00,2011-09-28 13:17:00,73,1,158.04,158.04,84,0,3,At Risk,4
15349,United Kingdom,2011-06-05 15:46:00,2011-07-04 16:06:00,159,2,463.91,231.96,321,29,3,At Risk,4
15350,United Kingdom,2010-12-01 13:33:00,2010-12-01 13:33:00,374,1,115.65,115.65,51,0,3,At Risk,4
15351,United Kingdom,2010-12-05 11:49:00,2011-11-27 12:52:00,13,7,1934.66,276.38,742,357,2,Champions,1
15353,United Kingdom,2010-12-07 11:49:00,2011-03-30 12:15:00,255,2,770.12,385.06,341,113,3,At Risk,4
15355,United Kingdom,2011-10-17 15:22:00,2011-11-10 13:44:00,30,2,277.05,138.52,45,24,1,Potential Loyalists,3
15356,United Kingdom,2010-12-06 14:05:00,2011-11-08 13:11:00,32,10,2718.03,271.8,1643,337,2,Champions,1
15358,United Kingdom,2010-12-09 10:04:00,2011-12-05 09:04:00,5,22,8347.2,379.42,7050,361,2,Champions,1
15360,United Kingdom,2011-10-31 09:35:00,2011-10-31 09:35:00,40,1,427.93,427.93,223,0,1,Potential Loyalists,3
15361,United Kingdom,2010-12-13 09:52:00,2010-12-13 09:52:00,362,1,418.92,418.92,336,0,3,At Risk,4
15363,United Kingdom,2010-12-02 12:28:00,2010-12-02 12:28:00,373,1,326.0,326.0,144,0,3,At Risk,4
15364,United Kingdom,2011-03-30 13:39:00,2011-09-05 09:46:00,96,2,913.19,456.6,493,159,0,Loyal Customers,2
15365,United Kingdom,2011-01-28 13:08:00,2011-11-14 08:29:00,26,7,2314.32,330.62,1084,290,0,Loyal Customers,2
15366,United Kingdom,2010-12-16 15:59:00,2011-09-25 15:01:00,76,2,602.51,301.26,621,283,3,At Risk,4
15367,United Kingdom,2011-03-09 13:53:00,2011-10-13 14:13:00,58,4,1877.59,469.4,1057,218,0,Loyal Customers,2
15368,United Kingdom,2011-11-18 14:42:00,2011-11-18 14:42:00,22,1,446.94,446.94,230,0,1,Potential Loyalists,3
15370,United Kingdom,2011-01-11 11:32:00,2011-10-30 10:58:00,41,7,2386.05,340.86,830,292,0,Loyal Customers,2
15372,United Kingdom,2011-07-25 16:39:00,2011-07-25 16:39:00,138,1,2007.4,2007.4,2924,0,0,Loyal Customers,2
15373,United Kingdom,2010-12-03 14:40:00,2011-12-01 15:05:00,9,12,2415.91,201.33,500,363,2,Champions,1
15374,United Kingdom,2011-08-03 09:59:00,2011-08-03 09:59:00,129,1,168.0,168.0,126,0,3,At Risk,4
15376,United Kingdom,2011-05-01 13:45:00,2011-10-30 15:04:00,41,3,1221.56,407.19,615,182,0,Loyal Customers,2
15379,United Kingdom,2010-12-16 13:02:00,2011-06-23 13:13:00,170,7,3703.29,529.04,2305,189,0,Loyal Customers,2
15380,United Kingdom,2010-12-09 15:01:00,2011-12-01 12:13:00,9,5,1690.26,338.05,376,357,2,Champions,1
15381,United Kingdom,2011-03-16 13:44:00,2011-05-10 11:55:00,214,2,596.85,298.42,171,55,3,At Risk,4
15382,United Kingdom,2011-02-17 12:01:00,2011-11-25 10:58:00,15,6,5955.71,992.62,4012,281,2,Champions,1
15384,United Kingdom,2010-12-15 11:34:00,2011-06-23 10:57:00,170,2,642.41,321.2,596,190,3,At Risk,4
15385,United Kingdom,2011-10-30 15:11:00,2011-10-30 15:11:00,41,1,316.88,316.88,161,0,1,Potential Loyalists,3
15386,United Kingdom,2011-06-06 13:47:00,2011-06-06 13:47:00,187,1,394.14,394.14,446,0,3,At Risk,4
15388,Canada,2011-03-14 13:53:00,2011-03-14 13:53:00,271,1,140.54,140.54,88,0,3,At Risk,4
15389,United Kingdom,2011-06-20 16:18:00,2011-06-20 16:18:00,173,1,500.0,500.0,400,0,3,At Risk,4
15392,United Kingdom,2010-12-14 15:50:00,2011-12-05 11:01:00,5,4,1535.53,383.88,1277,356,2,Champions,1
15393,United Kingdom,2011-03-03 16:58:00,2011-11-23 16:48:00,17,2,231.86,115.93,150,265,1,Potential Loyalists,3
15394,United Kingdom,2010-12-16 12:46:00,2011-11-30 11:49:00,10,4,2183.54,545.88,910,349,0,Loyal Customers,2
15395,United Kingdom,2011-01-18 12:40:00,2011-01-18 12:40:00,326,1,107.45,107.45,17,0,3,At Risk,4
15396,United Kingdom,2011-08-19 10:56:00,2011-08-19 10:56:00,113,1,288.18,288.18,122,0,3,At Risk,4
15397,United Kingdom,2011-02-23 09:25:00,2011-02-23 09:25:00,290,1,94.0,94.0,20,0,3,At Risk,4
15398,United Kingdom,2011-09-22 14:56:00,2011-11-23 16:47:00,17,2,1345.53,672.76,769,62,1,Potential Loyalists,3
15399,United Kingdom,2011-09-21 15:57:00,2011-12-08 13:04:00,2,3,815.77,271.92,611,78,1,Potential Loyalists,3
15400,United Kingdom,2011-03-06 11:27:00,2011-09-08 13:57:00,93,5,716.2,143.24,390,186,0,Loyal Customers,2
15402,United Kingdom,2011-05-27 13:32:00,2011-07-14 12:17:00,149,2,626.77,313.38,694,48,3,At Risk,4
15405,United Kingdom,2011-06-03 14:44:00,2011-06-03 14:44:00,190,1,349.1,349.1,193,0,3,At Risk,4
15406,United Kingdom,2011-02-11 16:19:00,2011-11-08 13:22:00,32,2,510.71,255.36,254,270,1,Potential Loyalists,3
15407,United Kingdom,2011-02-07 13:18:00,2011-11-06 11:55:00,34,4,1046.74,261.68,552,272,0,Loyal Customers,2
15408,United Kingdom,2011-03-20 15:02:00,2011-03-20 15:02:00,265,1,267.18,267.18,106,0,3,At Risk,4
15410,United Kingdom,2011-03-23 10:15:00,2011-09-16 14:47:00,85,8,3450.84,431.36,1200,177,0,Loyal Customers,2
15411,United Kingdom,2011-06-10 12:30:00,2011-11-13 15:19:00,27,4,1348.93,337.23,529,156,0,Loyal Customers,2
15412,United Kingdom,2011-06-21 15:24:00,2011-06-21 15:24:00,172,1,190.53,190.53,108,0,3,At Risk,4
15414,United Kingdom,2011-04-11 13:45:00,2011-11-30 09:50:00,10,3,774.9,258.3,443,233,1,Potential Loyalists,3
15415,United Kingdom,2011-01-30 14:13:00,2011-01-30 14:13:00,314,1,559.61,559.61,551,0,3,At Risk,4
15416,United Kingdom,2011-03-02 08:41:00,2011-10-06 09:38:00,65,4,3984.32,996.08,2090,218,0,Loyal Customers,2
15417,United Kingdom,2011-09-15 15:26:00,2011-09-15 15:26:00,86,1,508.8,508.8,284,0,3,At Risk,4
15419,United Kingdom,2011-11-15 09:23:00,2011-11-15 09:23:00,25,1,135.86,135.86,230,0,1,Potential Loyalists,3
15421,United Kingdom,2011-02-02 14:36:00,2011-10-12 09:20:00,59,4,950.36,237.59,500,252,0,Loyal Customers,2
15422,United Kingdom,2011-01-20 14:17:00,2011-01-20 16:17:00,324,2,97.7,48.85,38,0,3,At Risk,4
15423,United Kingdom,2011-11-01 14:01:00,2011-11-01 14:01:00,39,1,43.5,43.5,101,0,3,At Risk,4
15424,United Kingdom,2011-03-30 13:00:00,2011-03-30 13:02:00,255,2,383.34,191.67,554,0,3,At Risk,4
15426,United Kingdom,2010-12-05 13:55:00,2011-11-20 15:36:00,20,5,1404.07,280.81,656,350,0,Loyal Customers,2
15427,United Kingdom,2011-10-23 14:47:00,2011-11-06 14:29:00,34,3,1430.54,476.85,967,14,0,Loyal Customers,2
15428,United Kingdom,2011-11-24 16:54:00,2011-11-24 16:54:00,16,1,93.78,93.78,102,0,1,Potential Loyalists,3
15429,United Kingdom,2011-09-25 13:42:00,2011-11-13 12:28:00,27,2,397.35,198.68,380,49,1,Potential Loyalists,3
15432,United Kingdom,2011-11-16 16:30:00,2011-11-16 16:30:00,24,1,171.19,171.19,65,0,1,Potential Loyalists,3
15433,United Kingdom,2011-03-17 14:12:00,2011-05-10 10:45:00,214,2,533.3,266.65,534,54,3,At Risk,4
15434,United Kingdom,2011-05-23 14:18:00,2011-12-01 13:33:00,9,5,1041.48,208.3,647,192,0,Loyal Customers,2
15435,United Kingdom,2011-11-17 16:39:00,2011-11-17 16:39:00,23,1,149.29,149.29,54,0,1,Potential Loyalists,3
15436,United Kingdom,2011-04-19 16:52:00,2011-11-27 16:05:00,13,3,1067.75,355.92,574,222,1,Potential Loyalists,3
15437,United Kingdom,2011-03-22 13:11:00,2011-03-22 13:11:00,263,1,200.16,200.16,79,0,3,At Risk,4
15438,United Kingdom,2011-07-31 14:19:00,2011-07-31 14:19:00,132,1,156.58,156.58,59,0,3,At Risk,4
15440,United Kingdom,2011-05-15 11:30:00,2011-10-16 12:16:00,55,3,383.68,127.89,197,154,1,Potential Loyalists,3
15442,United Kingdom,2011-04-05 12:24:00,2011-04-05 12:24:00,249,1,594.0,594.0,120,0,3,At Risk,4
15443,United Kingdom,2011-01-23 13:25:00,2011-12-08 10:40:00,2,7,3213.59,459.08,1639,319,2,Champions,1
15444,United Kingdom,2011-10-30 16:12:00,2011-11-30 17:37:00,10,2,1411.21,705.6,759,31,1,Potential Loyalists,3
15445,United Kingdom,2011-03-20 15:06:00,2011-03-20 15:06:00,265,1,113.5,113.5,58,0,3,At Risk,4
15447,United Kingdom,2011-01-13 11:26:00,2011-01-13 11:26:00,331,1,155.17,155.17,85,0,3,At Risk,4
15448,United Kingdom,2011-01-31 10:42:00,2011-01-31 10:42:00,313,1,494.64,494.64,232,0,3,At Risk,4
15449,United Kingdom,2011-03-23 10:43:00,2011-11-13 15:02:00,27,3,974.52,324.84,812,235,0,Loyal Customers,2
15450,United Kingdom,2011-11-09 17:11:00,2011-11-09 17:11:00,31,1,429.84,429.84,376,0,1,Potential Loyalists,3
15452,United Kingdom,2011-03-20 15:21:00,2011-11-10 12:13:00,30,3,528.48,176.16,280,235,1,Potential Loyalists,3
15453,United Kingdom,2011-06-05 12:37:00,2011-12-08 10:59:00,2,7,1371.77,195.97,837,186,2,Champions,1
15454,United Kingdom,2010-12-12 14:21:00,2010-12-12 14:21:00,363,1,179.1,179.1,86,0,3,At Risk,4
15456,United Kingdom,2010-12-15 15:34:00,2011-03-01 13:51:00,284,3,434.59,144.86,633,76,3,At Risk,4
15457,United Kingdom,2011-03-22 15:31:00,2011-03-22 15:31:00,263,1,237.07,237.07,132,0,3,At Risk,4
15458,United Kingdom,2011-11-14 13:08:00,2011-11-14 13:08:00,26,1,161.64,161.64,156,0,1,Potential Loyalists,3
15460,United Kingdom,2010-12-20 16:08:00,2010-12-20 16:08:00,355,1,214.26,214.26,107,0,3,At Risk,4
15462,United Kingdom,2011-06-05 15:36:00,2011-09-06 13:11:00,95,3,234.6,78.2,172,93,3,At Risk,4
15463,United Kingdom,2011-11-10 12:57:00,2011-11-10 12:57:00,30,1,126.14,126.14,106,0,1,Potential Loyalists,3
15464,United Kingdom,2011-01-05 15:56:00,2011-01-05 15:56:00,339,1,1044.65,1044.65,348,0,3,At Risk,4
15465,United Kingdom,2010-12-05 10:12:00,2011-11-20 10:11:00,20,18,7354.62,408.59,1257,350,2,Champions,1
15466,United Kingdom,2011-09-15 14:08:00,2011-09-15 14:08:00,86,1,334.53,334.53,246,0,3,At Risk,4
15467,United Kingdom,2011-07-10 14:42:00,2011-11-30 14:17:00,10,3,524.88,174.96,310,143,1,Potential Loyalists,3
15468,United Kingdom,2011-10-19 13:38:00,2011-10-19 13:49:00,52,2,467.51,233.76,155,0,1,Potential Loyalists,3
15469,United Kingdom,2011-08-11 16:54:00,2011-10-20 16:21:00,51,2,538.55,269.27,153,70,1,Potential Loyalists,3
15471,United Kingdom,2011-12-07 14:12:00,2011-12-07 14:12:00,3,1,454.48,454.48,256,0,1,Potential Loyalists,3
15472,United Kingdom,2011-08-18 15:17:00,2011-08-18 15:17:00,114,1,371.56,371.56,251,0,3,At Risk,4
15473,United Kingdom,2011-10-10 11:12:00,2011-11-25 15:15:00,15,7,1771.2,253.03,672,46,2,Champions,1
15475,United Kingdom,2011-09-23 15:20:00,2011-09-23 15:20:00,78,1,454.11,454.11,319,0,3,At Risk,4
15478,United Kingdom,2011-10-14 11:09:00,2011-10-30 14:19:00,41,2,1399.92,699.96,575,16,0,Loyal Customers,2
15480,Malta,2011-08-15 14:32:00,2011-08-15 14:32:00,117,1,905.5,905.5,303,0,3,At Risk,4
15482,United Kingdom,2010-12-16 10:08:00,2011-11-24 10:46:00,16,12,10879.76,906.65,5004,343,2,Champions,1
15483,United Kingdom,2011-03-18 12:26:00,2011-07-01 13:07:00,162,4,225.26,56.32,291,105,3,At Risk,4
15484,United Kingdom,2011-09-22 13:31:00,2011-12-08 15:03:00,2,4,3590.41,897.6,3150,77,2,Champions,1
15485,United Kingdom,2010-12-01 13:23:00,2011-11-09 14:31:00,31,3,2564.5,854.83,1281,343,0,Loyal Customers,2
15488,United Kingdom,2011-09-08 10:11:00,2011-09-08 10:11:00,93,1,91.32,91.32,73,0,3,At Risk,4
15489,United Kingdom,2011-05-12 12:54:00,2011-11-17 08:53:00,23,3,1134.28,378.09,608,189,0,Loyal Customers,2
15491,United Kingdom,2011-04-18 10:04:00,2011-09-05 15:56:00,96,6,3100.09,516.68,1646,140,0,Loyal Customers,2
15492,United Kingdom,2011-09-26 14:02:00,2011-11-11 14:53:00,29,2,659.46,329.73,483,46,1,Potential Loyalists,3
15493,United Kingdom,2011-03-14 11:44:00,2011-11-07 12:04:00,33,5,1953.41,390.68,551,238,0,Loyal Customers,2
15494,United Kingdom,2011-08-10 15:29:00,2011-11-18 14:51:00,22,2,1280.58,640.29,1139,100,0,Loyal Customers,2
15497,United Kingdom,2011-01-24 10:01:00,2011-11-22 11:51:00,18,2,1262.2,631.1,624,302,1,Potential Loyalists,3
15498,United Kingdom,2010-12-08 12:29:00,2011-12-07 12:48:00,3,27,13316.4,493.2,6105,364,2,Champions,1
15500,United Kingdom,2011-09-19 13:47:00,2011-12-01 13:47:00,9,4,1131.56,282.89,572,73,1,Potential Loyalists,3
15502,United Kingdom,2010-12-05 15:40:00,2011-11-24 12:48:00,16,12,10384.93,865.41,4236,354,2,Champions,1
15503,United Kingdom,2010-12-12 10:57:00,2010-12-12 10:57:00,363,1,141.04,141.04,70,0,3,At Risk,4
15504,United Kingdom,2011-09-19 13:45:00,2011-09-19 13:45:00,82,1,52.83,52.83,33,0,3,At Risk,4
15505,United Kingdom,2011-07-07 13:33:00,2011-10-18 07:56:00,53,5,3610.96,722.19,2390,103,0,Loyal Customers,2
15506,United Kingdom,2011-07-24 11:45:00,2011-11-17 12:11:00,23,3,972.08,324.03,842,116,0,Loyal Customers,2
15507,United Kingdom,2011-06-21 11:19:00,2011-06-21 11:19:00,172,1,475.86,475.86,160,0,3,At Risk,4
15508,United Kingdom,2011-04-18 15:31:00,2011-06-03 15:43:00,190,6,1000.27,166.71,440,46,0,Loyal Customers,2
15510,United Kingdom,2011-01-13 12:10:00,2011-01-13 12:10:00,331,1,250.0,250.0,2,0,3,At Risk,4
15511,United Kingdom,2011-09-15 15:05:00,2011-11-28 09:43:00,12,5,900.53,180.11,269,74,0,Loyal Customers,2
15512,United Kingdom,2010-12-15 12:01:00,2011-07-07 10:20:00,156,2,121.0,60.5,68,204,3,At Risk,4
15513,United Kingdom,2010-12-01 11:22:00,2011-11-06 14:36:00,34,19,14758.22,776.75,5709,340,2,Champions,1
15514,United Kingdom,2010-12-10 13:50:00,2011-11-27 14:40:00,13,11,4023.72,365.79,2098,352,2,Champions,1
15516,United Kingdom,2011-10-24 11:33:00,2011-10-26 10:51:00,45,3,62.43,20.81,27,2,1,Potential Loyalists,3
15517,United Kingdom,2011-04-20 14:02:00,2011-04-20 14:02:00,234,1,267.03,267.03,293,0,3,At Risk,4
15518,United Kingdom,2011-01-11 12:55:00,2011-10-06 13:05:00,65,8,1921.55,240.19,1263,268,0,Loyal Customers,2
15520,United Kingdom,2011-12-08 10:58:00,2011-12-08 10:58:00,2,1,343.5,343.5,314,0,1,Potential Loyalists,3
15521,United Kingdom,2011-03-30 09:15:00,2011-10-30 13:42:00,41,8,3000.2,375.02,1836,214,0,Loyal Customers,2
15522,United Kingdom,2011-09-13 12:26:00,2011-11-07 11:26:00,33,2,397.99,199.0,572,55,1,Potential Loyalists,3
15523,United Kingdom,2011-09-16 16:29:00,2011-09-16 16:29:00,85,1,412.01,412.01,132,0,3,At Risk,4
15524,United Kingdom,2011-11-15 12:09:00,2011-11-15 12:09:00,25,1,440.0,440.0,4,0,1,Potential Loyalists,3
15525,United Kingdom,2010-12-01 13:17:00,2011-12-07 14:43:00,3,3,734.37,244.79,387,371,1,Potential Loyalists,3
15526,United Kingdom,2011-11-06 15:01:00,2011-11-06 15:04:00,34,2,148.44,74.22,24,0,1,Potential Loyalists,3
15527,United Kingdom,2010-12-20 14:15:00,2011-11-21 12:17:00,19,8,2428.53,303.57,991,336,2,Champions,1
15528,United Kingdom,2011-03-30 16:14:00,2011-03-30 16:14:00,255,1,229.33,229.33,123,0,3,At Risk,4
15529,United Kingdom,2010-12-08 12:24:00,2011-11-17 11:29:00,23,11,3962.6,360.24,3455,344,2,Champions,1
15530,United Kingdom,2011-04-07 11:16:00,2011-11-18 12:25:00,22,4,1497.31,374.33,938,225,0,Loyal Customers,2
15531,United Kingdom,2011-11-09 17:47:00,2011-12-01 18:43:00,9,2,1972.39,986.2,1085,22,1,Potential Loyalists,3
15532,United Kingdom,2010-12-16 16:45:00,2011-11-14 14:51:00,26,4,1564.73,391.18,515,333,0,Loyal Customers,2
15533,United Kingdom,2011-09-11 15:41:00,2011-11-20 15:35:00,20,3,807.57,269.19,289,70,1,Potential Loyalists,3
15535,United Kingdom,2011-01-16 12:35:00,2011-06-19 16:02:00,174,4,502.9,125.72,135,154,0,Loyal Customers,2
15537,United Kingdom,2011-06-29 13:10:00,2011-06-29 13:10:00,164,1,110.92,110.92,29,0,3,At Risk,4
15539,United Kingdom,2011-12-02 13:36:00,2011-12-02 13:36:00,8,1,538.46,538.46,410,0,1,Potential Loyalists,3
15540,United Kingdom,2011-11-28 13:51:00,2011-11-28 13:51:00,12,1,213.3,213.3,200,0,1,Potential Loyalists,3
15541,United Kingdom,2011-08-17 14:58:00,2011-08-17 14:58:00,115,1,85.13,85.13,49,0,3,At Risk,4
15543,United Kingdom,2011-02-24 15:26:00,2011-02-24 15:26:00,289,1,127.86,127.86,86,0,3,At Risk,4
15544,United Kingdom,2010-12-02 12:47:00,2011-11-30 16:43:00,10,9,3546.71,394.08,3109,363,2,Champions,1
15545,United Kingdom,2010-12-03 17:28:00,2011-10-16 13:24:00,55,2,288.97,144.49,162,317,1,Potential Loyalists,3
15547,United Kingdom,2010-12-12 13:26:00,2011-12-02 12:52:00,8,14,4910.6,350.76,3999,355,2,Champions,1
15549,United Kingdom,2011-01-27 15:38:00,2011-09-23 16:22:00,78,3,1681.46,560.49,694,239,0,Loyal Customers,2
15550,United Kingdom,2011-02-11 12:49:00,2011-12-05 15:38:00,5,4,575.63,143.91,295,297,1,Potential Loyalists,3
15551,United Kingdom,2011-11-03 12:37:00,2011-11-03 12:37:00,37,1,436.06,436.06,218,0,1,Potential Loyalists,3
15552,United Kingdom,2011-05-06 14:47:00,2011-05-06 14:47:00,218,1,90.12,90.12,60,0,3,At Risk,4
15553,United Kingdom,2011-10-10 14:02:00,2011-10-10 14:02:00,61,1,428.93,428.93,449,0,3,At Risk,4
15554,United Kingdom,2011-03-07 09:00:00,2011-03-07 09:00:00,278,1,217.2,217.2,74,0,3,At Risk,4
15555,United Kingdom,2010-12-05 14:45:00,2011-11-27 16:19:00,13,16,4794.86,299.68,4427,357,2,Champions,1
15556,United Kingdom,2011-11-15 16:08:00,2011-11-15 16:08:00,25,1,279.77,279.77,236,0,1,Potential Loyalists,3
15557,United Kingdom,2011-11-11 12:46:00,2011-11-11 12:46:00,29,1,468.91,468.91,213,0,1,Potential Loyalists,3
15561,United Kingdom,2011-05-08 11:38:00,2011-11-28 11:07:00,12,4,800.59,200.15,267,204,1,Potential Loyalists,3
15562,United Kingdom,2010-12-23 09:55:00,2010-12-23 09:55:00,352,1,134.55,134.55,39,0,3,At Risk,4
15563,United Kingdom,2010-12-16 11:27:00,2011-11-17 14:50:00,23,4,1400.44,350.11,1501,336,0,Loyal Customers,2
15565,United Kingdom,2011-09-30 10:44:00,2011-10-20 14:33:00,51,2,173.16,86.58,60,20,3,At Risk,4
15567,United Kingdom,2011-11-21 10:48:00,2011-11-21 10:48:00,19,1,186.01,186.01,223,0,1,Potential Loyalists,3
15568,United Kingdom,2011-09-27 14:37:00,2011-12-07 11:27:00,3,3,758.29,252.76,461,71,1,Potential Loyalists,3
15569,United Kingdom,2011-01-11 13:26:00,2011-08-28 10:15:00,104,5,1375.71,275.14,666,229,0,Loyal Customers,2
15570,United Kingdom,2010-12-05 12:57:00,2011-12-02 14:47:00,8,12,4148.82,345.73,2063,362,2,Champions,1
15571,United Kingdom,2011-09-22 13:15:00,2011-11-28 10:02:00,12,4,650.43,162.61,264,67,1,Potential Loyalists,3
15572,United Kingdom,2011-03-06 14:44:00,2011-12-05 10:09:00,5,7,2533.42,361.92,1213,274,2,Champions,1
15573,United Kingdom,2011-09-15 12:16:00,2011-11-08 11:38:00,32,2,591.19,295.59,355,54,1,Potential Loyalists,3
15574,United Kingdom,2010-12-02 15:46:00,2011-06-15 12:01:00,178,4,675.64,168.91,332,195,0,Loyal Customers,2
15576,United Kingdom,2011-11-02 12:03:00,2011-11-02 12:03:00,38,1,921.37,921.37,394,0,1,Potential Loyalists,3
15577,United Kingdom,2011-02-07 13:32:00,2011-07-11 17:03:00,152,3,258.88,86.29,89,154,3,At Risk,4
15578,United Kingdom,2011-06-30 13:03:00,2011-06-30 13:03:00,163,1,127.1,127.1,52,0,3,At Risk,4
15579,United Kingdom,2011-01-30 12:09:00,2011-10-02 12:45:00,69,2,327.6,163.8,117,245,3,At Risk,4
15581,United Kingdom,2010-12-08 14:38:00,2011-08-11 09:38:00,121,13,3675.77,282.75,283,246,0,Loyal Customers,2
15582,United Kingdom,2011-05-03 13:36:00,2011-11-15 09:55:00,25,3,682.91,227.64,453,196,1,Potential Loyalists,3
15584,United Kingdom,2011-06-30 16:39:00,2011-11-16 10:55:00,24,4,720.86,180.22,313,139,0,Loyal Customers,2
15585,United Kingdom,2011-06-16 08:38:00,2011-06-16 08:38:00,177,1,455.3,455.3,320,0,3,At Risk,4
15587,United Kingdom,2010-12-23 09:59:00,2011-10-20 13:37:00,51,4,913.68,228.42,312,301,0,Loyal Customers,2
15589,United Kingdom,2011-02-02 10:46:00,2011-03-29 09:54:00,256,3,478.53,159.51,243,55,3,At Risk,4
15592,United Kingdom,2011-10-24 08:59:00,2011-10-24 08:59:00,47,1,388.58,388.58,354,0,1,Potential Loyalists,3
15593,United Kingdom,2011-09-30 11:46:00,2011-09-30 11:46:00,71,1,199.8,199.8,60,0,3,At Risk,4
15594,United Kingdom,2011-04-19 10:08:00,2011-11-24 08:53:00,16,5,1771.78,354.36,983,219,0,Loyal Customers,2
15596,United Kingdom,2010-12-09 16:10:00,2011-08-31 10:55:00,101,5,1406.59,281.32,561,265,0,Loyal Customers,2
15597,United Kingdom,2011-11-04 13:26:00,2011-11-04 13:26:00,36,1,324.57,324.57,279,0,1,Potential Loyalists,3
15598,United Kingdom,2011-10-17 16:04:00,2011-10-17 16:04:00,54,1,240.68,240.68,160,0,3,At Risk,4
15599,United Kingdom,2011-05-19 13:05:00,2011-11-13 11:44:00,27,2,761.74,380.87,718,178,1,Potential Loyalists,3
15601,United Kingdom,2010-12-02 10:39:00,2011-11-28 15:15:00,12,14,6776.56,484.04,4983,361,2,Champions,1
15602,United Kingdom,2010-12-06 15:35:00,2011-12-01 14:14:00,9,9,1297.87,144.21,1137,360,2,Champions,1
15603,United Kingdom,2011-09-22 10:04:00,2011-09-22 10:04:00,79,1,48.48,48.48,96,0,3,At Risk,4
15604,United Kingdom,2011-10-18 14:47:00,2011-10-18 14:47:00,53,1,216.39,216.39,159,0,3,At Risk,4
15605,United Kingdom,2010-12-01 13:38:00,2011-11-03 14:17:00,37,5,1198.23,239.65,441,337,0,Loyal Customers,2
15606,United Kingdom,2011-01-19 12:07:00,2011-10-09 15:47:00,62,9,2920.16,324.46,892,263,0,Loyal Customers,2
15607,United Kingdom,2011-01-07 12:44:00,2011-01-07 12:44:00,337,1,104.76,104.76,202,0,3,At Risk,4
15608,United Kingdom,2011-08-11 09:56:00,2011-11-11 13:20:00,29,4,1093.68,273.42,714,92,0,Loyal Customers,2
15609,United Kingdom,2011-06-08 13:00:00,2011-06-08 13:00:00,185,1,298.48,298.48,148,0,3,At Risk,4
15610,United Kingdom,2011-10-19 10:36:00,2011-10-19 10:36:00,52,1,112.46,112.46,66,0,3,At Risk,4
15611,United Kingdom,2011-01-09 11:32:00,2011-11-30 12:36:00,10,13,1591.45,122.42,504,325,2,Champions,1
15612,United Kingdom,2011-10-09 12:49:00,2011-11-03 14:52:00,37,2,195.15,97.58,52,25,1,Potential Loyalists,3
15615,United Kingdom,2010-12-15 16:21:00,2011-11-29 14:42:00,11,23,10399.74,452.16,5508,349,2,Champions,1
15618,United Kingdom,2011-07-26 10:13:00,2011-11-07 08:34:00,33,4,776.85,194.21,454,104,0,Loyal Customers,2
15619,United Kingdom,2011-11-29 08:14:00,2011-11-29 08:14:00,11,1,336.4,336.4,136,0,1,Potential Loyalists,3
15620,United Kingdom,2010-12-16 14:34:00,2011-10-14 12:41:00,57,3,1553.18,517.73,915,302,0,Loyal Customers,2
15621,United Kingdom,2011-11-18 11:49:00,2011-12-05 14:01:00,5,4,1293.03,323.26,501,17,1,Potential Loyalists,3
15622,United Kingdom,2011-03-02 13:42:00,2011-10-27 16:44:00,44,9,3709.56,412.17,1674,239,2,Champions,1
15623,United Kingdom,2011-07-21 17:26:00,2011-07-21 17:26:00,142,1,301.03,301.03,125,0,3,At Risk,4
15624,United Kingdom,2011-03-28 13:32:00,2011-08-15 11:38:00,117,4,588.13,147.03,357,140,0,Loyal Customers,2
15625,United Kingdom,2011-04-18 14:01:00,2011-08-28 10:21:00,104,4,1534.26,383.56,1188,132,0,Loyal Customers,2
15626,United Kingdom,2011-01-14 10:10:00,2011-09-26 10:03:00,75,2,675.8,337.9,766,255,0,Loyal Customers,2
15628,United Kingdom,2010-12-08 09:51:00,2011-12-05 10:24:00,5,9,2870.24,318.92,1894,362,2,Champions,1
15630,United Kingdom,2011-05-19 10:16:00,2011-10-25 15:36:00,46,2,1186.35,593.17,800,159,0,Loyal Customers,2
15632,United Kingdom,2011-03-10 08:29:00,2011-11-24 09:51:00,16,8,3285.31,410.66,2109,259,2,Champions,1
15634,United Kingdom,2011-11-22 16:28:00,2011-11-22 16:28:00,18,1,243.55,243.55,99,0,1,Potential Loyalists,3
15636,United Kingdom,2011-03-02 14:50:00,2011-09-11 11:17:00,90,2,724.76,362.38,284,193,0,Loyal Customers,2
15637,United Kingdom,2011-10-18 08:28:00,2011-10-18 08:28:00,53,1,223.36,223.36,128,0,3,At Risk,4
15639,United Kingdom,2011-07-28 14:30:00,2011-07-28 14:30:00,135,1,425.32,425.32,323,0,3,At Risk,4
15640,United Kingdom,2010-12-02 15:40:00,2011-12-05 14:35:00,5,15,12416.11,827.74,6572,368,2,Champions,1
15641,United Kingdom,2010-12-15 14:45:00,2011-08-26 14:04:00,106,4,1887.2,471.8,1562,254,0,Loyal Customers,2
15643,United Kingdom,2011-03-02 14:34:00,2011-06-01 07:38:00,192,3,664.0,221.33,246,91,3,At Risk,4
15644,United Kingdom,2011-03-23 15:37:00,2011-06-26 14:54:00,167,4,803.54,200.88,550,95,0,Loyal Customers,2
15645,United Kingdom,2011-11-21 11:55:00,2011-11-21 11:55:00,19,1,612.01,612.01,256,0,1,Potential Loyalists,3
15646,United Kingdom,2010-12-02 16:59:00,2011-07-05 09:53:00,158,3,447.64,149.21,394,215,3,At Risk,4
15648,United Kingdom,2011-03-17 18:59:00,2011-05-19 15:53:00,205,2,639.5,319.75,218,63,3,At Risk,4
15649,United Kingdom,2010-12-07 10:06:00,2011-01-07 13:34:00,337,2,816.0,408.0,192,31,3,At Risk,4
15651,United Kingdom,2011-03-24 08:56:00,2011-11-03 08:41:00,37,3,646.3,215.43,479,224,0,Loyal Customers,2
15652,United Kingdom,2011-09-09 14:22:00,2011-09-09 14:22:00,92,1,337.74,337.74,208,0,3,At Risk,4
15653,United Kingdom,2011-08-16 09:50:00,2011-09-08 10:49:00,93,2,877.44,438.72,1200,23,0,Loyal Customers,2
15654,United Kingdom,2011-11-13 15:15:00,2011-11-30 13:08:00,10,2,922.53,461.26,475,17,1,Potential Loyalists,3
15655,United Kingdom,2011-04-10 15:25:00,2011-04-10 15:25:00,244,1,560.67,560.67,324,0,3,At Risk,4
15656,United Kingdom,2011-02-28 15:32:00,2011-10-25 14:56:00,46,4,748.5,187.12,343,239,0,Loyal Customers,2
15657,United Kingdom,2011-11-17 12:19:00,2011-11-17 12:19:00,23,1,30.0,30.0,24,0,1,Potential Loyalists,3
15658,United Kingdom,2010-12-02 10:53:00,2011-06-02 15:22:00,191,5,1024.1,204.82,242,182,0,Loyal Customers,2
15659,United Kingdom,2011-10-27 09:23:00,2011-10-27 09:23:00,44,1,306.45,306.45,111,0,1,Potential Loyalists,3
15660,United Kingdom,2010-12-09 09:49:00,2011-11-14 16:58:00,26,9,1600.86,177.87,1050,340,2,Champions,1
15661,United Kingdom,2011-01-05 12:32:00,2011-01-26 13:56:00,318,2,309.8,154.9,236,21,3,At Risk,4
15663,United Kingdom,2011-08-25 15:50:00,2011-08-25 15:50:00,107,1,138.14,138.14,106,0,3,At Risk,4
15664,United Kingdom,2011-10-20 10:57:00,2011-10-20 10:57:00,51,1,386.43,386.43,157,0,3,At Risk,4
15665,United Kingdom,2011-04-10 15:09:00,2011-06-24 14:57:00,169,2,2222.21,1111.1,1654,75,0,Loyal Customers,2
15667,United Kingdom,2011-10-31 10:56:00,2011-10-31 10:56:00,40,1,301.32,301.32,240,0,1,Potential Loyalists,3
15668,United Kingdom,2011-05-06 10:39:00,2011-05-06 10:39:00,218,1,76.32,76.32,72,0,3,At Risk,4
15669,United Kingdom,2011-03-21 09:13:00,2011-10-30 16:03:00,41,4,684.34,171.08,342,223,0,Loyal Customers,2
15670,United Kingdom,2011-02-16 10:50:00,2011-02-16 10:50:00,297,1,173.05,173.05,91,0,3,At Risk,4
15671,United Kingdom,2011-03-14 09:37:00,2011-11-21 12:43:00,19,7,2657.13,379.59,1699,252,2,Champions,1
15673,United Kingdom,2011-01-16 16:25:00,2011-09-12 16:12:00,89,4,2726.23,681.56,1451,239,0,Loyal Customers,2
15674,United Kingdom,2011-03-30 09:19:00,2011-09-27 15:17:00,74,5,2446.6,489.32,1275,181,0,Loyal Customers,2
15675,United Kingdom,2011-03-04 14:21:00,2011-09-19 13:48:00,82,3,323.69,107.9,527,199,3,At Risk,4
15676,United Kingdom,2011-03-01 10:19:00,2011-11-21 12:40:00,19,3,3435.76,1145.25,2252,265,0,Loyal Customers,2
15677,United Kingdom,2011-10-21 15:36:00,2011-10-21 15:36:00,50,1,657.23,657.23,319,0,1,Potential Loyalists,3
15678,United Kingdom,2011-10-18 09:25:00,2011-10-18 09:25:00,53,1,352.7,352.7,184,0,3,At Risk,4
15679,United Kingdom,2011-06-10 08:24:00,2011-11-15 16:19:00,25,4,781.28,195.32,1170,158,0,Loyal Customers,2
15680,United Kingdom,2010-12-08 14:43:00,2011-11-30 13:46:00,10,3,1333.68,444.56,952,357,1,Potential Loyalists,3
15681,United Kingdom,2011-03-04 13:46:00,2011-11-14 16:30:00,26,5,1426.16,285.23,816,255,0,Loyal Customers,2
15683,United Kingdom,2011-08-14 12:56:00,2011-08-14 12:56:00,118,1,193.75,193.75,131,0,3,At Risk,4
15687,United Kingdom,2011-01-13 15:13:00,2011-12-01 08:33:00,9,9,2993.1,332.57,1310,322,2,Champions,1
15689,United Kingdom,2010-12-13 09:57:00,2011-08-12 09:37:00,120,2,254.1,127.05,84,242,3,At Risk,4
15690,United Kingdom,2011-08-31 11:40:00,2011-12-05 15:59:00,5,2,239.76,119.88,408,96,1,Potential Loyalists,3
15691,United Kingdom,2011-04-01 15:13:00,2011-04-01 15:13:00,253,1,136.8,136.8,72,0,3,At Risk,4
15692,United Kingdom,2011-11-11 14:12:00,2011-11-11 14:12:00,29,1,191.04,191.04,138,0,1,Potential Loyalists,3
15694,United Kingdom,2010-12-02 07:49:00,2011-12-09 09:44:00,1,14,6479.4,462.81,1677,372,2,Champions,1
15695,United Kingdom,2011-03-18 08:31:00,2011-03-18 08:32:00,267,2,409.98,204.99,212,0,3,At Risk,4
15696,United Kingdom,2011-01-17 11:24:00,2011-11-06 14:02:00,34,8,2711.11,338.89,1015,293,0,Loyal Customers,2
15699,United Kingdom,2011-11-22 08:26:00,2011-11-22 08:26:00,18,1,309.65,309.65,113,0,1,Potential Loyalists,3
15700,United Kingdom,2011-06-19 15:36:00,2011-06-20 16:53:00,173,2,696.68,348.34,357,1,3,At Risk,4
15701,United Kingdom,2011-08-21 12:36:00,2011-12-07 14:39:00,3,4,1529.0,382.25,912,108,2,Champions,1
15703,United Kingdom,2011-03-20 10:51:00,2011-03-20 10:51:00,265,1,211.5,211.5,66,0,3,At Risk,4
15704,United Kingdom,2011-05-08 12:42:00,2011-07-22 13:35:00,141,4,2293.62,573.4,1028,75,0,Loyal Customers,2
15705,United Kingdom,2011-05-22 15:37:00,2011-05-22 15:37:00,202,1,143.1,143.1,62,0,3,At Risk,4
15706,United Kingdom,2011-08-15 14:32:00,2011-10-07 10:09:00,64,4,1060.56,265.14,321,53,0,Loyal Customers,2
15707,United Kingdom,2011-09-14 14:19:00,2011-11-04 14:35:00,36,4,916.98,229.24,594,51,0,Loyal Customers,2
15708,United Kingdom,2010-12-05 11:12:00,2011-10-30 10:54:00,41,7,3235.25,462.18,1217,329,0,Loyal Customers,2
15709,United Kingdom,2011-03-01 10:38:00,2011-03-01 10:38:00,284,1,133.25,133.25,121,0,3,At Risk,4
15712,United Kingdom,2011-02-25 11:32:00,2011-11-30 14:09:00,10,5,1072.36,214.47,486,278,0,Loyal Customers,2
15713,United Kingdom,2010-12-08 15:16:00,2011-07-19 13:34:00,144,2,356.7,178.35,150,223,3,At Risk,4
15714,United Kingdom,2011-09-23 11:25:00,2011-11-28 11:26:00,12,2,330.03,165.02,186,66,1,Potential Loyalists,3
15716,United Kingdom,2010-12-05 12:26:00,2011-07-17 11:59:00,146,4,1101.11,275.28,738,224,0,Loyal Customers,2
15717,United Kingdom,2011-04-19 13:21:00,2011-04-19 13:21:00,235,1,150.3,150.3,70,0,3,At Risk,4
15719,United Kingdom,2011-01-06 12:31:00,2011-11-07 12:29:00,33,13,5030.07,386.93,2718,305,2,Champions,1
15720,United Kingdom,2011-11-15 14:48:00,2011-11-15 14:48:00,25,1,598.73,598.73,281,0,1,Potential Loyalists,3
15721,United Kingdom,2011-11-28 12:14:00,2011-11-28 12:14:00,12,1,471.4,471.4,388,0,1,Potential Loyalists,3
15722,United Kingdom,2011-02-22 12:24:00,2011-11-04 11:43:00,36,5,2211.21,442.24,1023,255,0,Loyal Customers,2
15723,United Kingdom,2010-12-10 11:12:00,2010-12-10 11:12:00,365,1,190.7,190.7,73,0,3,At Risk,4
15724,United Kingdom,2011-02-28 10:40:00,2011-05-22 14:40:00,202,2,218.25,109.12,73,83,3,At Risk,4
15725,United Kingdom,2011-11-24 14:51:00,2011-11-24 14:51:00,16,1,415.25,415.25,221,0,1,Potential Loyalists,3
15727,United Kingdom,2010-12-15 15:47:00,2011-11-23 12:36:00,17,7,5159.06,737.01,3063,343,2,Champions,1
15729,United Kingdom,2011-05-11 12:36:00,2011-05-11 12:36:00,213,1,85.0,85.0,28,0,3,At Risk,4
15730,United Kingdom,2011-05-17 12:43:00,2011-10-05 12:31:00,66,3,1120.88,373.63,689,141,0,Loyal Customers,2
15732,United Kingdom,2010-12-02 15:00:00,2011-05-11 14:24:00,213,2,294.12,147.06,215,160,3,At Risk,4
15733,United Kingdom,2011-03-02 09:05:00,2011-03-02 09:05:00,283,1,162.3,162.3,62,0,3,At Risk,4
15734,United Kingdom,2011-05-23 14:59:00,2011-08-17 10:50:00,115,2,1339.45,669.72,346,86,0,Loyal Customers,2
15737,United Kingdom,2011-04-11 10:01:00,2011-11-25 11:21:00,15,8,1188.12,148.51,597,228,2,Champions,1
15738,United Kingdom,2010-12-02 12:50:00,2011-11-21 08:26:00,19,16,4812.42,300.78,2982,354,2,Champions,1
15739,United Kingdom,2011-10-04 13:42:00,2011-10-04 13:42:00,67,1,449.12,449.12,472,0,3,At Risk,4
15740,United Kingdom,2011-10-21 14:29:00,2011-10-21 14:29:00,50,1,154.88,154.88,152,0,3,At Risk,4
15743,United Kingdom,2011-06-08 10:14:00,2011-11-23 17:19:00,17,4,775.96,193.99,214,168,0,Loyal Customers,2
15744,United Kingdom,2011-09-23 09:52:00,2011-09-23 09:52:00,78,1,34.8,34.8,120,0,3,At Risk,4
15745,United Kingdom,2011-04-17 13:04:00,2011-11-20 13:45:00,20,4,1094.59,273.65,421,217,0,Loyal Customers,2
15746,United Kingdom,2011-07-28 15:21:00,2011-07-28 15:21:00,135,1,196.88,196.88,178,0,3,At Risk,4
15747,United Kingdom,2011-06-20 11:30:00,2011-11-27 12:26:00,13,3,946.64,315.55,466,160,1,Potential Loyalists,3
15748,United Kingdom,2011-10-30 12:51:00,2011-10-30 12:51:00,41,1,144.36,144.36,50,0,1,Potential Loyalists,3
15749,United Kingdom,2011-01-11 12:55:00,2011-04-18 13:20:00,236,3,44534.3,14844.77,18028,97,0,Loyal Customers,2
15750,United Kingdom,2010-12-08 10:36:00,2011-12-07 12:34:00,3,8,2463.05,307.88,1783,364,2,Champions,1
15752,United Kingdom,2010-12-02 09:43:00,2011-10-31 11:37:00,40,7,2626.6,375.23,1960,333,0,Loyal Customers,2
15753,United Kingdom,2011-02-08 12:41:00,2011-02-08 12:41:00,305,1,79.2,79.2,144,0,3,At Risk,4
15754,United Kingdom,2011-04-07 12:24:00,2011-10-19 14:40:00,52,3,458.57,152.86,199,195,0,Loyal Customers,2
15755,United Kingdom,2011-02-18 11:53:00,2011-11-29 14:57:00,11,6,2364.25,394.04,1427,284,2,Champions,1
15756,United Kingdom,2011-04-04 14:00:00,2011-10-09 13:30:00,62,4,528.01,132.0,241,188,0,Loyal Customers,2
15757,United Kingdom,2011-05-06 11:40:00,2011-10-05 12:14:00,66,2,714.42,357.21,491,152,0,Loyal Customers,2
15758,United Kingdom,2011-11-15 10:48:00,2011-11-15 10:48:00,25,1,205.25,205.25,47,0,1,Potential Loyalists,3
15759,United Kingdom,2010-12-16 15:29:00,2011-05-05 15:13:00,219,3,253.04,84.35,60,140,3,At Risk,4
15762,United Kingdom,2011-09-23 15:17:00,2011-10-05 16:15:00,66,2,583.75,291.88,251,12,0,Loyal Customers,2
15763,United Kingdom,2011-09-23 12:10:00,2011-11-08 09:44:00,32,2,1086.92,543.46,271,46,0,Loyal Customers,2
15764,United Kingdom,2011-03-08 09:23:00,2011-09-12 17:58:00,89,6,3279.97,546.66,2050,188,0,Loyal Customers,2
15766,United Kingdom,2011-10-06 17:03:00,2011-10-06 17:03:00,65,1,315.06,315.06,170,0,3,At Risk,4
15768,United Kingdom,2011-04-28 09:20:00,2011-08-16 10:48:00,116,3,621.83,207.28,244,110,0,Loyal Customers,2
15769,United Kingdom,2010-12-03 15:16:00,2011-12-02 13:52:00,8,26,56252.72,2163.57,29672,364,2,Champions,1
15773,United Kingdom,2011-12-04 12:48:00,2011-12-04 12:48:00,6,1,635.68,635.68,311,0,1,Potential Loyalists,3
15774,United Kingdom,2011-10-02 12:04:00,2011-10-02 12:04:00,69,1,270.8,270.8,87,0,3,At Risk,4
15775,United Kingdom,2011-04-08 12:56:00,2011-04-08 12:56:00,246,1,104.9,104.9,68,0,3,At Risk,4
15776,United Kingdom,2011-07-29 13:46:00,2011-07-29 13:46:00,134,1,241.62,241.62,138,0,3,At Risk,4
15777,United Kingdom,2010-12-13 16:38:00,2011-04-12 16:43:00,242,4,1047.11,261.78,378,120,0,Loyal Customers,2
15780,United Kingdom,2010-12-17 11:43:00,2011-06-09 12:01:00,184,3,475.28,158.43,220,174,3,At Risk,4
15781,United Kingdom,2011-02-07 09:15:00,2011-11-14 14:57:00,26,3,345.46,115.15,180,280,1,Potential Loyalists,3
15782,United Kingdom,2011-09-11 14:29:00,2011-11-30 10:49:00,10,3,2614.74,871.58,864,80,0,Loyal Customers,2
15783,United Kingdom,2011-11-29 09:50:00,2011-11-29 09:50:00,11,1,246.3,246.3,212,0,1,Potential Loyalists,3
15785,United Kingdom,2011-02-17 14:17:00,2011-11-07 11:33:00,33,5,2328.97,465.79,1612,263,0,Loyal Customers,2
15786,United Kingdom,2011-08-17 13:33:00,2011-10-24 14:13:00,47,3,4919.0,1639.67,3340,68,0,Loyal Customers,2
15787,United Kingdom,2011-10-09 13:11:00,2011-11-13 14:55:00,27,3,933.26,311.09,534,35,0,Loyal Customers,2
15789,United Kingdom,2010-12-16 14:35:00,2010-12-16 14:35:00,359,1,351.3,351.3,438,0,3,At Risk,4
15790,United Kingdom,2011-11-29 14:53:00,2011-11-29 14:53:00,11,1,218.75,218.75,113,0,1,Potential Loyalists,3
15791,United Kingdom,2011-05-19 15:15:00,2011-10-27 10:14:00,44,2,1612.69,806.34,731,161,0,Loyal Customers,2
15793,United Kingdom,2011-03-16 10:45:00,2011-11-25 09:31:00,15,3,965.61,321.87,553,254,1,Potential Loyalists,3
15795,United Kingdom,2011-07-13 10:43:00,2011-07-13 10:43:00,150,1,610.01,610.01,581,0,3,At Risk,4
15796,United Kingdom,2011-02-10 15:40:00,2011-12-08 19:55:00,2,8,2708.61,338.58,860,301,2,Champions,1
15797,United Kingdom,2011-01-24 15:47:00,2011-08-18 17:04:00,114,4,2207.4,551.85,873,206,0,Loyal Customers,2
15799,United Kingdom,2011-01-09 15:13:00,2011-09-25 12:46:00,76,3,884.14,294.71,955,259,0,Loyal Customers,2
15800,United Kingdom,2011-04-07 12:39:00,2011-08-24 14:23:00,108,2,696.89,348.44,332,139,3,At Risk,4
15801,United Kingdom,2011-08-22 09:53:00,2011-10-24 13:52:00,47,3,1063.95,354.65,570,63,0,Loyal Customers,2
15802,United Kingdom,2011-07-20 11:38:00,2011-07-20 11:38:00,143,1,451.42,451.42,1,0,3,At Risk,4
15803,United Kingdom,2011-10-19 14:56:00,2011-10-19 14:56:00,52,1,415.82,415.82,290,0,3,At Risk,4
15804,United Kingdom,2011-05-25 10:12:00,2011-12-09 12:31:00,1,13,4206.39,323.57,2565,198,2,Champions,1
15805,United Kingdom,2010-12-10 09:33:00,2011-11-16 16:32:00,24,17,5488.18,322.83,3367,341,2,Champions,1
15806,United Kingdom,2011-03-08 09:24:00,2011-10-24 14:35:00,47,3,784.58,261.53,602,230,0,Loyal Customers,2
15807,United Kingdom,2011-09-23 14:43:00,2011-10-20 14:10:00,51,3,903.9,301.3,430,27,0,Loyal Customers,2
15808,United Kingdom,2010-12-05 13:05:00,2011-02-06 14:33:00,307,4,3651.27,912.82,1305,63,0,Loyal Customers,2
15809,United Kingdom,2011-02-10 11:16:00,2011-11-03 16:40:00,37,5,515.77,103.15,301,266,0,Loyal Customers,2
15810,United Kingdom,2011-02-16 09:11:00,2011-09-22 09:38:00,79,4,1391.98,348.0,861,218,0,Loyal Customers,2
15811,United Kingdom,2010-12-09 15:29:00,2011-11-17 15:31:00,23,6,2218.62,369.77,1071,343,0,Loyal Customers,2
15812,United Kingdom,2011-01-26 12:12:00,2011-08-24 14:19:00,108,5,1801.14,360.23,922,210,0,Loyal Customers,2
15813,United Kingdom,2011-04-14 09:09:00,2011-05-16 08:13:00,208,2,1303.91,651.95,603,32,0,Loyal Customers,2
15814,United Kingdom,2011-10-20 09:04:00,2011-11-23 08:17:00,17,4,1945.33,486.33,1271,34,0,Loyal Customers,2
15815,United Kingdom,2011-03-25 08:43:00,2011-10-07 12:42:00,64,5,2100.6,420.12,1856,196,0,Loyal Customers,2
15819,United Kingdom,2011-03-08 09:45:00,2011-10-21 14:50:00,50,4,1905.45,476.36,1357,227,0,Loyal Customers,2
15820,United Kingdom,2011-01-24 12:00:00,2011-01-24 12:00:00,320,1,206.98,206.98,128,0,3,At Risk,4
15821,United Kingdom,2011-10-09 13:28:00,2011-10-26 15:48:00,45,2,570.96,285.48,202,17,1,Potential Loyalists,3
15822,United Kingdom,2010-12-15 13:38:00,2011-12-06 14:50:00,4,2,885.47,442.74,375,356,1,Potential Loyalists,3
15823,United Kingdom,2010-12-02 15:08:00,2010-12-02 15:08:00,373,1,15.0,15.0,1,0,3,At Risk,4
15825,United Kingdom,2011-06-20 13:27:00,2011-06-20 13:27:00,173,1,532.94,532.94,220,0,3,At Risk,4
15826,United Kingdom,2011-05-13 10:44:00,2011-10-14 16:05:00,57,3,1654.31,551.44,963,154,0,Loyal Customers,2
15827,United Kingdom,2010-12-02 13:06:00,2011-09-27 15:35:00,74,14,1836.09,131.15,882,299,0,Loyal Customers,2
15829,United Kingdom,2011-07-22 10:23:00,2011-09-01 16:45:00,100,2,636.14,318.07,996,41,3,At Risk,4
15830,United Kingdom,2011-11-02 10:40:00,2011-11-02 10:40:00,38,1,576.0,576.0,415,0,1,Potential Loyalists,3
15831,United Kingdom,2011-01-19 14:52:00,2011-10-12 13:14:00,59,3,794.64,264.88,1092,266,0,Loyal Customers,2
15832,United Kingdom,2011-03-30 15:29:00,2011-03-30 15:29:00,255,1,836.79,836.79,465,0,3,At Risk,4
15834,United Kingdom,2011-03-07 17:52:00,2011-09-30 14:41:00,71,4,2225.15,556.29,961,207,0,Loyal Customers,2
15835,United Kingdom,2011-01-13 10:35:00,2011-10-26 15:47:00,45,4,954.09,238.52,439,286,0,Loyal Customers,2
15836,United Kingdom,2011-10-20 17:13:00,2011-10-20 17:13:00,51,1,137.37,137.37,26,0,3,At Risk,4
15837,United Kingdom,2011-10-06 09:01:00,2011-10-06 09:01:00,65,1,391.98,391.98,189,0,3,At Risk,4
15838,United Kingdom,2010-12-07 11:26:00,2011-11-28 14:00:00,12,19,33643.08,1770.69,18368,356,2,Champions,1
15839,United Kingdom,2011-07-14 16:35:00,2011-11-06 13:54:00,34,3,1048.49,349.5,675,115,0,Loyal Customers,2
15840,United Kingdom,2011-06-20 11:42:00,2011-10-12 09:08:00,59,2,355.56,177.78,396,114,3,At Risk,4
15841,United Kingdom,2011-01-05 11:25:00,2011-09-28 12:15:00,73,4,1224.06,306.02,942,266,0,Loyal Customers,2
15843,United Kingdom,2011-02-09 10:19:00,2011-02-09 10:19:00,304,1,118.95,118.95,27,0,3,At Risk,4
15844,United Kingdom,2011-10-24 15:19:00,2011-10-24 15:19:00,47,1,130.74,130.74,134,0,3,At Risk,4
15845,United Kingdom,2011-01-06 17:19:00,2011-11-22 09:42:00,18,8,3711.77,463.97,1926,320,2,Champions,1
15847,United Kingdom,2011-02-24 16:46:00,2011-11-01 14:41:00,39,2,389.27,194.64,449,250,1,Potential Loyalists,3
15850,United Kingdom,2011-06-24 14:16:00,2011-11-20 14:14:00,20,2,234.88,117.44,298,149,1,Potential Loyalists,3
15852,United Kingdom,2011-05-26 13:26:00,2011-06-06 11:22:00,187,2,160.71,80.36,48,11,3,At Risk,4
15853,United Kingdom,2011-10-19 10:38:00,2011-10-19 10:38:00,52,1,110.8,110.8,135,0,3,At Risk,4
15854,United Kingdom,2010-12-13 11:47:00,2011-12-05 13:39:00,5,12,2969.12,247.43,926,357,2,Champions,1
15855,United Kingdom,2011-03-21 12:32:00,2011-07-26 10:20:00,137,5,712.24,142.45,470,127,0,Loyal Customers,2
15856,United Kingdom,2010-12-09 13:34:00,2011-12-05 17:09:00,5,27,16143.64,597.91,10866,361,2,Champions,1
15857,United Kingdom,2011-11-21 12:18:00,2011-11-21 12:18:00,19,1,297.0,297.0,308,0,1,Potential Loyalists,3
15858,United Kingdom,2010-12-07 14:31:00,2011-11-24 12:48:00,16,5,1427.57,285.51,1163,352,0,Loyal Customers,2
15860,United Kingdom,2010-12-06 11:38:00,2011-10-30 11:25:00,41,8,965.16,120.64,437,328,0,Loyal Customers,2
15861,United Kingdom,2011-03-17 20:12:00,2011-11-27 15:59:00,13,8,3146.92,393.36,2528,255,2,Champions,1
15862,United Kingdom,2010-12-01 11:21:00,2011-12-01 13:28:00,9,4,832.88,208.22,585,365,1,Potential Loyalists,3
15863,United Kingdom,2011-05-31 11:36:00,2011-11-14 12:49:00,26,2,68.84,34.42,19,167,1,Potential Loyalists,3
15864,United Kingdom,2011-01-27 16:43:00,2011-11-17 13:32:00,23,6,1936.32,322.72,1192,294,0,Loyal Customers,2
15865,United Kingdom,2011-05-10 11:44:00,2011-10-30 12:43:00,41,3,895.13,298.38,368,173,0,Loyal Customers,2
15866,United Kingdom,2011-08-30 14:09:00,2011-08-30 14:09:00,102,1,211.89,211.89,124,0,3,At Risk,4
15867,United Kingdom,2010-12-05 14:17:00,2011-12-04 13:32:00,6,15,3810.14,254.01,2052,364,2,Champions,1
15869,United Kingdom,2011-03-07 17:19:00,2011-03-07 17:23:00,278,2,149.64,74.82,175,0,3,At Risk,4
15870,United Kingdom,2011-11-07 10:58:00,2011-11-07 10:58:00,33,1,351.44,351.44,333,0,1,Potential Loyalists,3
15872,United Kingdom,2011-11-25 11:54:00,2011-11-25 11:55:00,15,2,316.25,158.12,187,0,1,Potential Loyalists,3
15874,United Kingdom,2011-02-28 13:28:00,2011-10-07 12:31:00,64,7,4405.88,629.41,2534,221,0,Loyal Customers,2
15877,United Kingdom,2011-11-22 11:18:00,2011-12-08 11:53:00,2,2,490.33,245.16,368,16,1,Potential Loyalists,3
15880,United Kingdom,2010-12-05 13:00:00,2010-12-05 13:00:00,370,1,329.03,329.03,202,0,3,At Risk,4
15881,United Kingdom,2010-12-10 13:32:00,2011-01-31 16:59:00,313,5,501.39,100.28,260,52,3,At Risk,4
15882,United Kingdom,2010-12-06 13:01:00,2011-05-25 11:35:00,199,4,516.36,129.09,276,170,3,At Risk,4
15883,United Kingdom,2011-11-06 14:50:00,2011-12-07 17:05:00,3,2,396.48,198.24,223,31,1,Potential Loyalists,3
15885,United Kingdom,2011-02-03 15:28:00,2011-09-08 10:43:00,93,3,379.35,126.45,111,217,3,At Risk,4
15886,United Kingdom,2011-10-10 14:25:00,2011-10-10 14:25:00,61,1,181.09,181.09,147,0,3,At Risk,4
15888,United Kingdom,2011-09-20 12:30:00,2011-09-20 12:30:00,81,1,168.31,168.31,76,0,3,At Risk,4
15889,United Kingdom,2010-12-05 15:12:00,2011-07-06 11:10:00,157,2,420.07,210.04,206,213,3,At Risk,4
15891,United Kingdom,2011-04-27 12:35:00,2011-04-27 12:35:00,227,1,511.68,511.68,418,0,3,At Risk,4
15894,United Kingdom,2010-12-05 14:06:00,2011-03-31 13:50:00,254,2,258.25,129.12,164,116,3,At Risk,4
15895,United Kingdom,2011-07-13 10:27:00,2011-07-13 10:27:00,150,1,179.17,179.17,94,0,3,At Risk,4
15897,United Kingdom,2011-05-29 13:32:00,2011-05-29 13:50:00,195,2,208.59,104.3,223,0,3,At Risk,4
15898,United Kingdom,2010-12-06 11:01:00,2011-12-08 15:23:00,2,5,1383.83,276.77,567,367,2,Champions,1
15899,United Kingdom,2010-12-06 10:36:00,2010-12-06 10:36:00,369,1,56.25,56.25,39,0,3,At Risk,4
15900,United Kingdom,2011-11-16 12:19:00,2011-11-16 12:19:00,24,1,337.28,337.28,216,0,1,Potential Loyalists,3
15901,United Kingdom,2011-07-08 12:18:00,2011-11-23 12:43:00,17,3,351.73,117.24,379,138,1,Potential Loyalists,3
15903,United Kingdom,2011-02-17 14:04:00,2011-11-30 08:08:00,10,7,5126.76,732.39,2410,286,2,Champions,1
15904,United Kingdom,2011-12-01 14:50:00,2011-12-01 14:50:00,9,1,164.68,164.68,84,0,1,Potential Loyalists,3
15906,United Kingdom,2011-03-29 13:28:00,2011-11-20 12:24:00,20,7,1567.69,223.96,544,236,0,Loyal Customers,2
15907,United Kingdom,2011-05-13 13:01:00,2011-12-06 12:21:00,4,3,882.72,294.24,478,207,1,Potential Loyalists,3
15909,United Kingdom,2011-06-19 10:38:00,2011-06-19 10:38:00,174,1,191.94,191.94,98,0,3,At Risk,4
15910,United Kingdom,2011-01-27 11:55:00,2011-12-09 10:51:00,1,8,1228.88,153.61,1013,316,2,Champions,1
15912,United Kingdom,2011-04-20 17:10:00,2011-06-14 14:29:00,179,2,264.62,132.31,185,55,3,At Risk,4
15916,United Kingdom,2010-12-08 13:07:00,2011-11-23 13:46:00,17,8,1502.86,187.86,752,350,2,Champions,1
15917,United Kingdom,2011-04-06 10:40:00,2011-04-06 10:40:00,248,1,123.1,123.1,42,0,3,At Risk,4
15918,United Kingdom,2011-03-13 15:55:00,2011-06-02 11:42:00,191,2,334.23,167.12,153,81,3,At Risk,4
15919,United Kingdom,2010-12-06 11:26:00,2011-11-20 11:28:00,20,2,525.69,262.85,385,349,1,Potential Loyalists,3
15920,United Kingdom,2011-07-08 15:16:00,2011-07-08 15:31:00,155,4,167.5,41.88,99,0,3,At Risk,4
15921,United Kingdom,2011-06-20 11:03:00,2011-06-20 11:03:00,173,1,323.03,323.03,162,0,3,At Risk,4
15922,United Kingdom,2010-12-01 13:51:00,2010-12-01 13:51:00,374,1,369.5,369.5,138,0,3,At Risk,4
15923,United Kingdom,2010-12-02 12:16:00,2010-12-02 12:16:00,373,1,127.08,127.08,122,0,3,At Risk,4
15925,United Kingdom,2011-05-29 15:35:00,2011-05-29 15:35:00,195,1,207.15,207.15,93,0,3,At Risk,4
15930,United Kingdom,2011-10-03 14:52:00,2011-10-03 14:52:00,68,1,426.63,426.63,139,0,3,At Risk,4
15932,United Kingdom,2011-02-23 14:50:00,2011-12-05 17:13:00,5,8,2495.87,311.98,2325,285,2,Champions,1
15933,United Kingdom,2011-09-14 12:05:00,2011-11-18 13:14:00,22,3,1107.46,369.15,885,65,0,Loyal Customers,2
15935,United Kingdom,2011-04-12 09:35:00,2011-04-14 13:27:00,240,2,416.86,208.43,115,2,3,At Risk,4
15937,United Kingdom,2011-10-06 15:48:00,2011-10-06 15:48:00,65,1,145.35,145.35,73,0,3,At Risk,4
15938,United Kingdom,2011-01-20 10:11:00,2011-08-19 12:56:00,113,5,404.58,80.92,240,211,0,Loyal Customers,2
15939,United Kingdom,2011-01-12 12:43:00,2011-09-11 11:30:00,90,15,6115.01,407.67,4728,242,2,Champions,1
15940,United Kingdom,2011-02-01 16:18:00,2011-02-01 16:18:00,312,1,35.8,35.8,4,0,3,At Risk,4
15942,United Kingdom,2011-07-29 09:01:00,2011-07-29 09:01:00,134,1,337.44,337.44,232,0,3,At Risk,4
15944,United Kingdom,2011-03-08 10:33:00,2011-03-08 10:33:00,277,1,325.1,325.1,50,0,3,At Risk,4
15945,United Kingdom,2010-12-09 13:14:00,2010-12-09 13:14:00,366,1,181.0,181.0,52,0,3,At Risk,4
15947,United Kingdom,2011-09-18 10:46:00,2011-09-18 10:46:00,83,1,1708.24,1708.24,898,0,0,Loyal Customers,2
15948,United Kingdom,2011-10-27 08:35:00,2011-12-01 15:32:00,9,2,955.24,477.62,567,35,1,Potential Loyalists,3
15949,United Kingdom,2011-09-29 17:34:00,2011-11-23 09:09:00,17,2,364.72,182.36,284,55,1,Potential Loyalists,3
15950,United Kingdom,2010-12-15 11:56:00,2011-11-08 11:09:00,32,4,1744.71,436.18,719,328,0,Loyal Customers,2
15951,United Kingdom,2011-02-27 11:57:00,2011-12-01 08:34:00,9,2,708.22,354.11,313,277,1,Potential Loyalists,3
15952,United Kingdom,2011-04-28 12:55:00,2011-11-06 11:18:00,34,4,781.91,195.48,391,192,0,Loyal Customers,2
15953,United Kingdom,2010-12-05 15:15:00,2011-11-24 15:32:00,16,8,1657.28,207.16,891,354,2,Champions,1
15955,United Kingdom,2010-12-02 11:22:00,2011-11-15 14:15:00,25,14,4416.26,315.45,2135,348,2,Champions,1
15957,United Kingdom,2011-11-08 12:14:00,2011-11-08 12:14:00,32,1,428.89,428.89,211,0,1,Potential Loyalists,3
15958,United Kingdom,2011-09-26 13:41:00,2011-09-26 13:41:00,75,1,104.35,104.35,33,0,3,At Risk,4
15963,United Kingdom,2011-10-25 13:05:00,2011-11-20 11:33:00,20,2,470.76,235.38,298,26,1,Potential Loyalists,3
15965,United Kingdom,2010-12-07 13:18:00,2011-11-22 16:44:00,18,4,808.87,202.22,434,350,0,Loyal Customers,2
15967,United Kingdom,2011-01-25 11:57:00,2011-11-16 15:41:00,24,2,397.68,198.84,205,295,1,Potential Loyalists,3
15969,United Kingdom,2011-06-07 12:19:00,2011-12-07 11:06:00,3,3,666.1,222.03,124,183,1,Potential Loyalists,3
15970,United Kingdom,2011-02-09 12:08:00,2011-02-09 12:08:00,304,1,314.1,314.1,116,0,3,At Risk,4
15971,United Kingdom,2011-02-01 16:47:00,2011-11-22 12:50:00,18,12,4199.85,349.99,1717,294,2,Champions,1
15973,United Kingdom,2010-12-08 11:42:00,2010-12-08 11:42:00,367,1,307.82,307.82,106,0,3,At Risk,4
15974,United Kingdom,2011-02-24 10:10:00,2011-10-31 13:13:00,40,7,3442.15,491.74,2262,249,0,Loyal Customers,2
15975,United Kingdom,2011-09-16 13:33:00,2011-09-16 13:33:00,85,1,371.01,371.01,243,0,3,At Risk,4
15976,United Kingdom,2011-05-03 17:12:00,2011-06-27 13:00:00,166,2,427.64,213.82,275,55,3,At Risk,4
15977,United Kingdom,2011-10-31 16:24:00,2011-11-22 13:29:00,18,2,1054.73,527.36,1016,22,1,Potential Loyalists,3
15978,United Kingdom,2011-09-23 15:21:00,2011-09-23 15:21:00,78,1,1098.78,1098.78,888,0,3,At Risk,4
15980,United Kingdom,2011-03-30 15:05:00,2011-09-12 09:41:00,89,3,2398.86,799.62,1560,166,0,Loyal Customers,2
15981,United Kingdom,2011-02-01 13:50:00,2011-11-15 08:00:00,25,8,3408.48,426.06,1866,287,2,Champions,1
15983,United Kingdom,2010-12-01 12:15:00,2011-11-17 17:34:00,23,4,1465.12,366.28,886,351,0,Loyal Customers,2
15984,United Kingdom,2010-12-06 13:21:00,2011-12-07 12:16:00,3,10,2780.63,278.06,1815,366,2,Champions,1
15985,United Kingdom,2011-04-17 11:04:00,2011-08-08 16:31:00,124,2,1142.42,571.21,1086,113,0,Loyal Customers,2
15986,United Kingdom,2011-11-09 15:17:00,2011-11-09 15:17:00,31,1,168.12,168.12,268,0,1,Potential Loyalists,3
15987,United Kingdom,2010-12-06 08:34:00,2011-11-27 15:38:00,13,7,1432.77,204.68,1533,356,2,Champions,1
15988,United Kingdom,2011-11-20 13:23:00,2011-11-20 13:23:00,20,1,156.78,156.78,180,0,1,Potential Loyalists,3
15990,United Kingdom,2011-02-25 15:35:00,2011-10-26 15:58:00,45,2,792.11,396.06,443,243,0,Loyal Customers,2
15992,United Kingdom,2011-12-06 11:00:00,2011-12-06 11:00:00,4,1,41.99,41.99,17,0,1,Potential Loyalists,3
15993,United Kingdom,2011-10-26 16:21:00,2011-12-01 10:45:00,9,7,2777.67,396.81,2037,36,2,Champions,1
15994,United Kingdom,2011-10-16 12:28:00,2011-10-16 12:28:00,55,1,414.27,414.27,173,0,3,At Risk,4
15996,United Kingdom,2010-12-08 15:59:00,2011-09-12 15:14:00,89,6,1032.58,172.1,380,278,0,Loyal Customers,2
15998,United Kingdom,2010-12-12 13:32:00,2011-11-03 12:45:00,37,5,3080.22,616.04,2032,326,0,Loyal Customers,2
16000,United Kingdom,2011-12-07 12:14:00,2011-12-07 12:17:00,3,3,12393.7,4131.23,5110,0,2,Champions,1
16003,United Kingdom,2010-12-15 12:09:00,2011-11-10 09:57:00,30,5,2735.37,547.07,1185,330,0,Loyal Customers,2
16005,United Kingdom,2011-03-14 11:46:00,2011-11-27 13:47:00,13,4,578.71,144.68,280,258,1,Potential Loyalists,3
16006,United Kingdom,2011-05-12 13:12:00,2011-05-12 13:12:00,212,1,101.4,101.4,84,0,3,At Risk,4
16007,United Kingdom,2011-05-08 13:32:00,2011-10-23 11:05:00,48,4,1693.81,423.45,1388,168,0,Loyal Customers,2
16008,United Kingdom,2011-05-19 10:54:00,2011-11-16 10:32:00,24,3,478.78,159.59,323,181,1,Potential Loyalists,3
16009,United Kingdom,2011-07-03 11:26:00,2011-11-17 16:51:00,23,4,972.11,243.03,366,137,0,Loyal Customers,2
16010,United Kingdom,2010-12-12 12:18:00,2011-04-08 10:14:00,246,3,392.4,130.8,202,117,3,At Risk,4
16011,United Kingdom,2010-12-08 16:34:00,2011-12-01 16:31:00,9,16,3352.96,209.56,2035,358,2,Champions,1
16012,United Kingdom,2011-07-07 18:02:00,2011-11-04 13:25:00,36,3,1415.29,471.76,799,120,0,Loyal Customers,2
16013,United Kingdom,2010-12-03 13:09:00,2011-12-06 10:36:00,4,47,37130.6,790.01,15536,368,2,Champions,1
16014,United Kingdom,2011-02-21 17:42:00,2011-11-02 12:04:00,38,3,646.83,215.61,258,254,0,Loyal Customers,2
16015,United Kingdom,2011-10-21 12:56:00,2011-12-06 10:58:00,4,3,704.55,234.85,907,46,1,Potential Loyalists,3
16016,United Kingdom,2010-12-08 12:36:00,2011-12-06 14:35:00,4,8,1465.51,183.19,602,363,2,Champions,1
16017,United Kingdom,2011-10-23 12:56:00,2011-10-23 12:56:00,48,1,211.88,211.88,102,0,3,At Risk,4
16018,United Kingdom,2011-06-12 13:52:00,2011-10-31 14:13:00,40,2,408.9,204.45,190,141,1,Potential Loyalists,3
16019,United Kingdom,2010-12-10 12:29:00,2011-10-24 11:51:00,47,9,3786.24,420.69,1733,318,2,Champions,1
16020,United Kingdom,2011-10-05 13:54:00,2011-11-23 11:18:00,17,3,851.01,283.67,487,49,1,Potential Loyalists,3
16022,United Kingdom,2011-03-24 13:16:00,2011-03-24 13:16:00,261,1,602.63,602.63,255,0,3,At Risk,4
16023,United Kingdom,2011-03-18 13:32:00,2011-10-24 16:34:00,47,3,719.81,239.94,358,220,0,Loyal Customers,2
16024,United Kingdom,2011-11-27 13:26:00,2011-11-27 13:26:00,13,1,251.03,251.03,397,0,1,Potential Loyalists,3
16025,United Kingdom,2011-11-10 11:45:00,2011-11-10 11:45:00,30,1,439.66,439.66,338,0,1,Potential Loyalists,3
16026,United Kingdom,2011-10-27 13:53:00,2011-10-27 13:53:00,44,1,236.09,236.09,243,0,1,Potential Loyalists,3
16027,United Kingdom,2011-02-10 12:19:00,2011-09-09 10:47:00,92,6,934.62,155.77,1147,211,0,Loyal Customers,2
16029,United Kingdom,2010-12-01 09:57:00,2011-11-01 10:27:00,39,63,80850.84,1283.35,40108,335,2,Champions,1
16030,United Kingdom,2011-02-03 11:28:00,2011-02-03 11:28:00,310,1,331.24,331.24,283,0,3,At Risk,4
16031,United Kingdom,2011-04-06 14:23:00,2011-09-08 13:07:00,93,2,547.9,273.95,421,155,3,At Risk,4
16033,United Kingdom,2010-12-05 10:36:00,2011-12-04 12:44:00,6,20,8778.82,438.94,3529,364,2,Champions,1
16034,United Kingdom,2011-01-11 11:54:00,2011-05-27 16:17:00,197,3,437.7,145.9,242,136,3,At Risk,4
16036,United Kingdom,2011-03-21 13:01:00,2011-09-13 14:53:00,88,2,758.92,379.46,716,176,0,Loyal Customers,2
16037,United Kingdom,2010-12-16 10:18:00,2011-03-15 09:13:00,270,3,855.02,285.01,428,89,3,At Risk,4
16038,United Kingdom,2011-05-22 11:29:00,2011-12-02 12:40:00,8,3,471.78,157.26,244,194,1,Potential Loyalists,3
16040,United Kingdom,2011-03-16 09:58:00,2011-10-05 13:47:00,66,3,1313.55,437.85,684,203,0,Loyal Customers,2
16041,United Kingdom,2011-07-21 16:27:00,2011-11-09 12:25:00,31,3,3166.4,1055.47,1584,111,0,Loyal Customers,2
16042,United Kingdom,2011-01-11 13:25:00,2011-11-17 17:50:00,23,5,1177.47,235.49,743,310,0,Loyal Customers,2
16043,United Kingdom,2011-01-26 11:14:00,2011-11-02 12:50:00,38,4,773.99,193.5,503,280,0,Loyal Customers,2
16045,United Kingdom,2011-02-22 14:55:00,2011-08-12 12:41:00,120,4,1340.7,335.18,897,171,0,Loyal Customers,2
16048,United Kingdom,2010-12-01 15:27:00,2010-12-01 15:28:00,374,2,256.44,128.22,144,0,3,At Risk,4
16049,United Kingdom,2011-09-25 14:33:00,2011-10-30 13:19:00,41,3,1074.81,358.27,763,35,0,Loyal Customers,2
16050,United Kingdom,2011-06-19 11:44:00,2011-06-19 11:44:00,174,1,137.9,137.9,278,0,3,At Risk,4
16052,United Kingdom,2011-10-16 15:13:00,2011-10-16 15:13:00,55,1,362.06,362.06,282,0,3,At Risk,4
16053,United Kingdom,2011-08-09 14:57:00,2011-11-07 11:21:00,33,2,1511.95,755.98,1793,90,0,Loyal Customers,2
16054,United Kingdom,2011-07-17 13:08:00,2011-07-17 13:08:00,146,1,783.9,783.9,380,0,3,At Risk,4
16055,United Kingdom,2011-05-03 09:26:00,2011-05-03 09:26:00,221,1,134.8,134.8,22,0,3,At Risk,4
16056,United Kingdom,2011-10-25 15:19:00,2011-10-25 15:19:00,46,1,650.75,650.75,345,0,1,Potential Loyalists,3
16057,United Kingdom,2011-02-28 10:35:00,2011-11-23 15:23:00,17,7,2263.12,323.3,863,268,2,Champions,1
16059,United Kingdom,2010-12-07 10:36:00,2011-10-05 09:56:00,66,6,1453.16,242.19,641,302,0,Loyal Customers,2
16062,United Kingdom,2010-12-10 12:00:00,2011-11-30 12:15:00,10,4,1153.62,288.4,800,355,0,Loyal Customers,2
16063,United Kingdom,2011-03-24 14:55:00,2011-03-24 14:56:00,261,1,335.32,335.32,262,0,3,At Risk,4
16065,United Kingdom,2010-12-09 13:03:00,2010-12-09 13:03:00,366,1,367.14,367.14,228,0,3,At Risk,4
16066,United Kingdom,2011-08-07 14:33:00,2011-11-23 11:54:00,17,5,1521.04,304.21,935,108,0,Loyal Customers,2
16070,United Kingdom,2011-11-07 16:36:00,2011-11-17 15:50:00,23,2,852.15,426.08,457,10,1,Potential Loyalists,3
16071,United Kingdom,2011-10-26 11:14:00,2011-10-26 11:14:00,45,1,326.24,326.24,180,0,1,Potential Loyalists,3
16072,United Kingdom,2011-02-24 14:32:00,2011-02-24 14:32:00,289,1,584.32,584.32,140,0,3,At Risk,4
16073,United Kingdom,2011-02-15 15:41:00,2011-02-15 15:41:00,298,1,122.4,122.4,48,0,3,At Risk,4
16076,United Kingdom,2011-05-15 12:31:00,2011-12-06 14:59:00,4,10,2234.73,223.47,1435,205,2,Champions,1
16078,United Kingdom,2011-03-01 09:47:00,2011-03-01 09:47:00,284,1,79.2,79.2,16,0,3,At Risk,4
16079,United Kingdom,2011-10-30 13:06:00,2011-11-23 12:48:00,17,3,1352.0,450.67,864,24,0,Loyal Customers,2
16080,United Kingdom,2011-03-10 14:44:00,2011-09-19 10:42:00,82,2,217.16,108.58,128,193,3,At Risk,4
16081,United Kingdom,2010-12-08 11:16:00,2011-10-14 13:06:00,57,5,2799.42,559.88,1473,310,0,Loyal Customers,2
16083,United Kingdom,2010-12-14 11:51:00,2011-08-31 10:47:00,101,2,1317.62,658.81,908,260,0,Loyal Customers,2
16084,United Kingdom,2011-02-13 16:05:00,2011-02-13 16:05:00,300,1,436.18,436.18,216,0,3,At Risk,4
16085,United Kingdom,2011-01-23 12:07:00,2011-11-16 13:24:00,24,5,981.51,196.3,636,297,0,Loyal Customers,2
16086,United Kingdom,2010-12-07 13:45:00,2011-10-11 13:09:00,60,5,1121.39,224.28,511,308,0,Loyal Customers,2
16091,United Kingdom,2011-05-25 09:18:00,2011-07-08 08:45:00,155,2,315.06,157.53,154,44,3,At Risk,4
16092,United Kingdom,2011-03-30 15:38:00,2011-08-17 10:46:00,115,3,817.86,272.62,628,140,0,Loyal Customers,2
16093,United Kingdom,2011-08-25 11:09:00,2011-08-25 11:09:00,107,1,17.0,17.0,20,0,3,At Risk,4
16094,United Kingdom,2011-05-04 13:57:00,2011-11-28 12:45:00,12,4,1078.23,269.56,647,208,0,Loyal Customers,2
16096,United Kingdom,2011-03-20 13:38:00,2011-03-20 13:38:00,265,1,320.62,320.62,155,0,3,At Risk,4
16097,United Kingdom,2011-04-13 13:47:00,2011-04-13 13:47:00,241,1,185.05,185.05,87,0,3,At Risk,4
16098,United Kingdom,2010-12-01 09:45:00,2011-09-13 09:59:00,88,7,2005.63,286.52,613,286,0,Loyal Customers,2
16099,United Kingdom,2011-04-28 08:34:00,2011-10-20 13:13:00,51,3,731.9,243.97,434,175,0,Loyal Customers,2
16101,United Kingdom,2011-09-30 10:18:00,2011-09-30 10:18:00,71,1,1290.7,1290.7,757,0,0,Loyal Customers,2
16102,United Kingdom,2011-08-03 12:50:00,2011-10-28 13:19:00,43,3,1842.14,614.05,942,86,0,Loyal Customers,2
16103,United Kingdom,2011-04-20 12:28:00,2011-12-02 14:16:00,8,6,1429.64,238.27,558,226,2,Champions,1
16104,United Kingdom,2011-10-09 10:23:00,2011-10-09 10:23:00,62,1,298.21,298.21,122,0,3,At Risk,4
16105,United Kingdom,2011-04-05 10:13:00,2011-04-05 10:13:00,249,1,336.96,336.96,330,0,3,At Risk,4
16106,United Kingdom,2011-10-05 10:37:00,2011-10-05 10:37:00,66,1,108.38,108.38,74,0,3,At Risk,4
16107,United Kingdom,2011-06-09 18:42:00,2011-11-22 09:40:00,18,7,3204.16,457.74,1176,166,2,Champions,1
16108,United Kingdom,2011-09-16 11:48:00,2011-09-16 11:48:00,85,1,842.5,842.5,615,0,3,At Risk,4
16109,United Kingdom,2011-02-04 12:37:00,2011-05-05 09:17:00,219,2,611.88,305.94,612,90,3,At Risk,4
16110,United Kingdom,2011-02-01 14:01:00,2011-10-25 14:35:00,46,3,1320.95,440.32,720,266,0,Loyal Customers,2
16112,United Kingdom,2011-01-05 11:47:00,2011-07-19 14:28:00,144,4,195.74,48.94,574,195,3,At Risk,4
16113,United Kingdom,2011-06-09 16:16:00,2011-06-09 16:16:00,184,1,161.38,161.38,176,0,3,At Risk,4
16114,United Kingdom,2011-06-22 10:13:00,2011-06-22 10:13:00,171,1,135.75,135.75,43,0,3,At Risk,4
16115,United Kingdom,2011-02-20 12:14:00,2011-11-30 11:32:00,10,8,1660.88,207.61,994,283,2,Champions,1
16116,United Kingdom,2011-05-12 12:01:00,2011-05-12 12:01:00,212,1,612.78,612.78,248,0,3,At Risk,4
16117,United Kingdom,2011-06-03 11:42:00,2011-06-03 11:42:00,190,1,232.21,232.21,130,0,3,At Risk,4
16119,United Kingdom,2011-09-28 10:15:00,2011-12-01 15:11:00,9,2,423.36,211.68,240,64,1,Potential Loyalists,3
16120,United Kingdom,2011-10-11 14:10:00,2011-10-11 14:22:00,60,4,1309.14,327.29,878,0,0,Loyal Customers,2
16121,United Kingdom,2011-05-08 11:52:00,2011-10-13 12:59:00,58,2,854.66,427.33,576,158,0,Loyal Customers,2
16122,United Kingdom,2010-12-08 11:41:00,2011-09-27 15:34:00,74,4,684.42,171.1,1128,293,0,Loyal Customers,2
16123,United Kingdom,2011-10-19 09:18:00,2011-10-19 09:18:00,52,1,307.78,307.78,170,0,3,At Risk,4
16124,United Kingdom,2011-01-26 14:45:00,2011-01-26 14:45:00,318,1,249.0,249.0,48,0,3,At Risk,4
16125,United Kingdom,2010-12-07 15:48:00,2010-12-07 15:48:00,368,1,289.35,289.35,124,0,3,At Risk,4
16126,United Kingdom,2011-02-16 11:18:00,2011-11-10 16:03:00,30,4,6287.77,1571.94,2125,267,0,Loyal Customers,2
16127,United Kingdom,2011-10-31 13:58:00,2011-10-31 13:58:00,40,1,656.25,656.25,323,0,1,Potential Loyalists,3
16128,United Kingdom,2011-03-02 12:21:00,2011-11-22 11:14:00,18,5,1880.22,376.04,988,265,0,Loyal Customers,2
16131,United Kingdom,2011-04-14 08:32:00,2011-10-19 11:53:00,52,6,3506.54,584.42,1802,188,0,Loyal Customers,2
16133,United Kingdom,2011-01-25 15:55:00,2011-12-06 11:24:00,4,33,14589.04,442.09,8887,315,2,Champions,1
16134,United Kingdom,2010-12-15 14:00:00,2011-11-18 10:05:00,22,2,618.09,309.04,371,338,1,Potential Loyalists,3
16135,United Kingdom,2011-03-22 12:30:00,2011-03-22 12:30:00,263,1,517.55,517.55,209,0,3,At Risk,4
16136,United Kingdom,2011-03-07 09:52:00,2011-10-11 09:10:00,60,3,709.38,236.46,440,218,0,Loyal Customers,2
16139,United Kingdom,2011-05-17 10:23:00,2011-11-21 08:37:00,19,3,635.41,211.8,330,188,1,Potential Loyalists,3
16140,United Kingdom,2010-12-03 14:40:00,2011-10-05 12:15:00,66,2,725.18,362.59,730,306,0,Loyal Customers,2
16141,United Kingdom,2011-09-12 13:11:00,2011-09-12 13:11:00,89,1,620.4,620.4,238,0,3,At Risk,4
16142,United Kingdom,2011-04-04 10:16:00,2011-04-04 10:16:00,250,1,535.34,535.34,422,0,3,At Risk,4
16143,United Kingdom,2010-12-05 15:18:00,2011-12-06 14:13:00,4,6,2424.94,404.16,919,366,2,Champions,1
16144,United Kingdom,2011-04-07 10:09:00,2011-04-07 10:09:00,247,1,175.2,175.2,16,0,3,At Risk,4
16145,United Kingdom,2010-12-15 09:09:00,2011-12-01 10:33:00,9,11,3799.49,345.41,3123,351,2,Champions,1
16146,United Kingdom,2011-04-21 15:25:00,2011-07-05 14:20:00,158,3,734.13,244.71,427,75,0,Loyal Customers,2
16147,United Kingdom,2011-07-29 09:57:00,2011-07-29 09:57:00,134,1,375.0,375.0,246,0,3,At Risk,4
16148,United Kingdom,2011-02-16 14:01:00,2011-02-16 14:01:00,297,1,76.32,76.32,72,0,3,At Risk,4
16149,United Kingdom,2011-07-20 14:54:00,2011-12-05 11:29:00,5,2,280.52,140.26,308,138,1,Potential Loyalists,3
16150,United Kingdom,2010-12-02 18:27:00,2011-10-28 12:39:00,43,5,2053.02,410.6,1047,330,0,Loyal Customers,2
16152,United Kingdom,2011-03-16 09:47:00,2011-03-16 09:47:00,269,1,1829.04,1829.04,642,0,3,At Risk,4
16153,United Kingdom,2010-12-20 09:22:00,2011-10-21 10:50:00,50,5,1824.23,364.85,1073,305,0,Loyal Customers,2
16156,United Kingdom,2011-02-02 12:02:00,2011-12-01 12:42:00,9,9,3092.04,343.56,1273,302,2,Champions,1
16157,United Kingdom,2011-09-28 11:48:00,2011-11-24 11:41:00,16,3,656.69,218.9,347,57,1,Potential Loyalists,3
16159,United Kingdom,2011-03-03 12:27:00,2011-03-03 12:27:00,282,1,348.2,348.2,236,0,3,At Risk,4
16160,United Kingdom,2011-09-15 10:53:00,2011-10-05 14:19:00,66,2,1025.44,512.72,1162,20,0,Loyal Customers,2
16161,United Kingdom,2010-12-06 10:03:00,2011-12-08 12:10:00,2,19,5533.67,291.25,2583,367,2,Champions,1
16162,United Kingdom,2011-04-01 15:03:00,2011-04-01 15:03:00,253,1,37.4,37.4,4,0,3,At Risk,4
16163,United Kingdom,2010-12-09 16:28:00,2011-04-21 15:15:00,233,2,856.6,428.3,192,133,3,At Risk,4
16164,United Kingdom,2011-10-28 09:12:00,2011-11-22 15:04:00,18,3,822.48,274.16,433,25,1,Potential Loyalists,3
16168,United Kingdom,2010-12-05 11:38:00,2011-11-29 12:45:00,11,27,3787.6,140.28,1892,359,2,Champions,1
16169,United Kingdom,2011-09-25 11:33:00,2011-12-01 15:28:00,9,4,1822.97,455.74,1325,67,0,Loyal Customers,2
16170,United Kingdom,2011-04-05 13:42:00,2011-10-20 08:21:00,51,6,1885.05,314.18,1770,198,0,Loyal Customers,2
16171,United Kingdom,2011-10-11 14:51:00,2011-10-11 14:51:00,60,1,73.2,73.2,24,0,3,At Risk,4
16172,United Kingdom,2011-04-12 12:02:00,2011-09-05 13:22:00,96,5,1140.21,228.04,787,146,0,Loyal Customers,2
16173,United Kingdom,2011-09-02 15:23:00,2011-11-24 10:53:00,16,6,1418.32,236.39,575,83,0,Loyal Customers,2
16174,United Kingdom,2011-07-11 09:23:00,2011-08-05 13:26:00,127,3,1009.55,336.52,651,25,0,Loyal Customers,2
16175,United Kingdom,2011-04-13 14:38:00,2011-09-06 14:32:00,95,4,1037.59,259.4,533,146,0,Loyal Customers,2
16177,United Kingdom,2011-10-20 12:57:00,2011-10-20 12:57:00,51,1,331.95,331.95,95,0,3,At Risk,4
16178,United Kingdom,2011-07-24 16:05:00,2011-07-24 16:05:00,139,1,197.9,197.9,94,0,3,At Risk,4
16179,United Kingdom,2011-10-10 09:41:00,2011-10-10 09:41:00,61,1,215.83,215.83,99,0,3,At Risk,4
16180,United Kingdom,2011-04-01 10:23:00,2011-08-31 16:28:00,101,8,10254.18,1281.77,5867,152,0,Loyal Customers,2
16181,United Kingdom,2011-09-27 13:38:00,2011-09-27 13:38:00,74,1,305.54,305.54,152,0,3,At Risk,4
16182,United Kingdom,2011-02-18 10:11:00,2011-09-28 13:23:00,73,4,6617.65,1654.41,3791,222,0,Loyal Customers,2
16183,United Kingdom,2011-10-03 14:59:00,2011-10-03 14:59:00,68,1,338.71,338.71,113,0,3,At Risk,4
16184,United Kingdom,2011-05-12 13:33:00,2011-10-06 17:43:00,65,6,1158.79,193.13,561,147,0,Loyal Customers,2
16185,United Kingdom,2011-04-21 11:59:00,2011-11-23 09:41:00,17,2,529.41,264.7,260,216,1,Potential Loyalists,3
16186,United Kingdom,2010-12-02 14:40:00,2011-11-17 12:43:00,23,12,4006.94,333.91,3020,350,2,Champions,1
16187,United Kingdom,2011-02-28 13:34:00,2011-11-08 09:50:00,32,15,6911.44,460.76,5048,253,2,Champions,1
16188,United Kingdom,2011-04-11 09:44:00,2011-10-26 12:19:00,45,4,981.86,245.46,782,198,0,Loyal Customers,2
16189,United Kingdom,2011-09-15 15:21:00,2011-11-24 11:47:00,16,2,215.48,107.74,134,70,1,Potential Loyalists,3
16190,United Kingdom,2011-10-30 15:59:00,2011-10-30 15:59:00,41,1,215.08,215.08,88,0,1,Potential Loyalists,3
16191,United Kingdom,2010-12-14 12:38:00,2011-12-07 11:26:00,3,13,5180.52,398.5,3351,358,2,Champions,1
16193,United Kingdom,2011-04-17 11:45:00,2011-04-17 11:45:00,237,1,314.45,314.45,219,0,3,At Risk,4
16198,United Kingdom,2011-09-25 14:58:00,2011-09-25 14:58:00,76,1,400.68,400.68,129,0,3,At Risk,4
16200,United Kingdom,2011-06-28 15:47:00,2011-12-05 14:40:00,5,2,1068.87,534.43,516,160,1,Potential Loyalists,3
16201,United Kingdom,2011-08-22 10:47:00,2011-12-06 16:02:00,4,4,1863.47,465.87,1286,106,2,Champions,1
16202,United Kingdom,2010-12-14 10:43:00,2010-12-14 10:43:00,361,1,365.27,365.27,191,0,3,At Risk,4
16203,United Kingdom,2010-12-02 15:39:00,2011-10-12 12:31:00,59,4,592.9,148.22,262,314,0,Loyal Customers,2
16204,United Kingdom,2011-11-16 13:40:00,2011-11-16 13:40:00,24,1,384.18,384.18,218,0,1,Potential Loyalists,3
16205,United Kingdom,2011-06-13 11:33:00,2011-11-09 09:32:00,31,4,757.63,189.41,516,149,0,Loyal Customers,2
16206,United Kingdom,2011-01-16 11:07:00,2011-10-16 10:41:00,55,4,537.06,134.26,272,273,0,Loyal Customers,2
16207,United Kingdom,2011-11-14 13:51:00,2011-11-14 13:51:00,26,1,394.38,394.38,140,0,1,Potential Loyalists,3
16208,United Kingdom,2011-02-23 13:37:00,2011-10-26 11:36:00,45,2,664.26,332.13,333,245,1,Potential Loyalists,3
16209,United Kingdom,2011-04-07 12:23:00,2011-09-12 11:58:00,89,5,2262.62,452.52,1179,158,0,Loyal Customers,2
16210,United Kingdom,2010-12-01 12:27:00,2011-12-08 12:36:00,2,18,21086.3,1171.46,7559,372,2,Champions,1
16211,United Kingdom,2011-09-12 12:11:00,2011-09-12 12:11:00,89,1,547.02,547.02,154,0,3,At Risk,4
16212,United Kingdom,2011-03-01 12:51:00,2011-11-20 13:00:00,20,2,690.34,345.17,244,264,1,Potential Loyalists,3
16213,United Kingdom,2011-09-22 10:03:00,2011-09-22 10:03:00,79,1,159.0,159.0,48,0,3,At Risk,4
16214,United Kingdom,2011-03-15 13:23:00,2011-06-22 11:30:00,171,3,1062.75,354.25,420,99,0,Loyal Customers,2
16215,United Kingdom,2011-09-20 10:18:00,2011-09-20 10:18:00,81,1,242.35,242.35,104,0,3,At Risk,4
16216,United Kingdom,2011-03-17 15:34:00,2011-03-17 15:34:00,268,1,914.93,914.93,254,0,3,At Risk,4
16217,United Kingdom,2011-03-02 15:28:00,2011-04-18 13:31:00,236,2,304.25,152.12,91,47,3,At Risk,4
16218,United Kingdom,2010-12-01 11:29:00,2011-11-10 09:59:00,30,7,3084.68,440.67,2088,344,0,Loyal Customers,2
16221,United Kingdom,2010-12-07 13:13:00,2011-11-03 11:43:00,37,3,860.86,286.95,714,331,0,Loyal Customers,2
16222,United Kingdom,2011-01-25 13:38:00,2011-01-25 13:38:00,319,1,773.55,773.55,325,0,3,At Risk,4
16224,United Kingdom,2011-04-04 12:00:00,2011-10-13 17:51:00,58,4,1295.3,323.82,1116,192,0,Loyal Customers,2
16225,United Kingdom,2011-03-07 12:17:00,2011-10-26 08:30:00,45,5,1096.32,219.26,493,233,0,Loyal Customers,2
16226,United Kingdom,2011-04-18 12:58:00,2011-05-20 14:41:00,204,3,255.12,85.04,192,32,3,At Risk,4
16227,United Kingdom,2011-04-28 13:33:00,2011-04-28 13:33:00,226,1,314.22,314.22,90,0,3,At Risk,4
16229,United Kingdom,2011-05-11 10:18:00,2011-09-13 17:16:00,88,2,1010.6,505.3,318,125,0,Loyal Customers,2
16230,United Kingdom,2011-05-03 15:12:00,2011-06-03 10:06:00,190,2,542.03,271.02,365,31,3,At Risk,4
16232,United Kingdom,2011-05-08 14:05:00,2011-10-27 12:16:00,44,4,990.88,247.72,550,172,0,Loyal Customers,2
16233,United Kingdom,2010-12-08 12:51:00,2011-09-29 17:27:00,72,3,536.68,178.89,174,295,0,Loyal Customers,2
16235,United Kingdom,2011-01-11 15:42:00,2011-10-30 10:56:00,41,5,867.31,173.46,330,292,0,Loyal Customers,2
16236,United Kingdom,2011-09-22 14:10:00,2011-09-22 14:10:00,79,1,432.2,432.2,184,0,3,At Risk,4
16239,United Kingdom,2011-06-03 09:30:00,2011-10-14 08:29:00,57,2,414.2,207.1,228,133,1,Potential Loyalists,3
16240,United Kingdom,2011-09-23 13:44:00,2011-11-15 14:30:00,25,2,3718.8,1859.4,1641,53,0,Loyal Customers,2
16241,United Kingdom,2010-12-05 11:04:00,2011-11-30 11:08:00,10,13,2590.31,199.25,1443,360,2,Champions,1
16242,United Kingdom,2011-03-07 17:04:00,2011-12-01 15:12:00,9,7,3579.86,511.41,1969,269,2,Champions,1
16243,United Kingdom,2011-10-16 12:09:00,2011-11-06 12:32:00,34,2,409.1,204.55,110,21,1,Potential Loyalists,3
16244,United Kingdom,2010-12-02 11:41:00,2011-05-12 10:18:00,212,2,1522.75,761.38,855,161,0,Loyal Customers,2
16245,United Kingdom,2011-03-28 09:30:00,2011-11-16 10:14:00,24,3,1413.66,471.22,1014,233,0,Loyal Customers,2
16247,United Kingdom,2011-06-22 14:23:00,2011-06-22 14:23:00,171,1,114.56,114.56,182,0,3,At Risk,4
16248,United Kingdom,2011-10-09 11:32:00,2011-10-09 11:32:00,62,1,152.94,152.94,78,0,3,At Risk,4
16249,United Kingdom,2011-04-14 13:50:00,2011-10-18 10:07:00,53,5,1800.07,360.01,950,187,0,Loyal Customers,2
16250,United Kingdom,2010-12-01 09:59:00,2011-03-23 15:07:00,262,2,389.44,194.72,208,112,3,At Risk,4
16253,United Kingdom,2011-03-29 13:33:00,2011-10-04 09:09:00,67,2,3683.86,1841.93,3233,189,0,Loyal Customers,2
16255,United Kingdom,2010-12-09 14:25:00,2011-11-23 12:40:00,17,8,2619.91,327.49,1767,349,2,Champions,1
16256,United Kingdom,2011-03-18 12:18:00,2011-03-18 12:18:00,267,1,752.43,752.43,581,0,3,At Risk,4
16257,United Kingdom,2011-06-16 10:11:00,2011-06-16 10:11:00,177,1,46.95,46.95,2,0,3,At Risk,4
16258,United Kingdom,2011-05-04 14:33:00,2011-10-25 13:30:00,46,5,5203.51,1040.7,2994,174,0,Loyal Customers,2
16260,United Kingdom,2011-10-20 09:40:00,2011-10-20 09:40:00,51,1,1035.45,1035.45,311,0,1,Potential Loyalists,3
16261,United Kingdom,2011-04-07 19:05:00,2011-11-22 17:23:00,18,4,728.54,182.14,301,229,0,Loyal Customers,2
16265,United Kingdom,2010-12-10 10:21:00,2011-11-30 16:41:00,10,9,5447.0,605.22,2646,355,2,Champions,1
16266,United Kingdom,2011-05-17 14:50:00,2011-09-27 12:08:00,74,7,861.89,123.13,398,133,0,Loyal Customers,2
16268,United Kingdom,2011-09-29 18:30:00,2011-09-29 18:30:00,72,2,667.65,333.82,533,0,0,Loyal Customers,2
16270,United Kingdom,2010-12-21 14:26:00,2010-12-21 14:26:00,354,1,1141.24,1141.24,688,0,3,At Risk,4
16271,United Kingdom,2010-12-16 16:36:00,2011-12-07 12:45:00,3,5,1404.64,280.93,1024,356,2,Champions,1
16272,United Kingdom,2011-08-15 10:53:00,2011-08-15 10:54:00,117,1,411.7,411.7,224,0,3,At Risk,4
16274,United Kingdom,2010-12-01 15:35:00,2010-12-01 15:35:00,374,1,351.75,351.75,153,0,3,At Risk,4
16275,United Kingdom,2011-05-27 12:41:00,2011-05-27 12:41:00,197,1,559.87,559.87,336,0,3,At Risk,4
16276,United Kingdom,2011-06-16 09:34:00,2011-06-16 09:34:00,177,1,810.6,810.6,420,0,3,At Risk,4
16278,United Kingdom,2011-08-31 17:12:00,2011-08-31 17:12:00,101,1,566.38,566.38,114,0,3,At Risk,4
16279,United Kingdom,2011-06-16 11:50:00,2011-11-18 15:00:00,22,3,1502.78,500.93,1046,155,0,Loyal Customers,2
16281,United Kingdom,2011-09-28 14:57:00,2011-09-28 14:57:00,73,1,2062.06,2062.06,934,0,0,Loyal Customers,2
16282,United Kingdom,2011-01-04 11:42:00,2011-01-04 11:42:00,340,1,168.3,168.3,114,0,3,At Risk,4
16283,United Kingdom,2011-05-15 13:37:00,2011-12-04 12:08:00,6,5,1570.81,314.16,1236,203,2,Champions,1
16284,United Kingdom,2011-10-20 13:54:00,2011-11-08 16:12:00,32,2,812.68,406.34,535,19,1,Potential Loyalists,3
16287,United Kingdom,2011-06-23 09:08:00,2011-06-23 09:08:00,170,1,142.5,142.5,298,0,3,At Risk,4
16292,United Kingdom,2011-08-10 12:24:00,2011-08-10 12:24:00,122,1,302.25,302.25,191,0,3,At Risk,4
16293,United Kingdom,2010-12-07 15:02:00,2011-11-18 09:58:00,22,10,2248.99,224.9,982,346,2,Champions,1
16295,United Kingdom,2011-10-06 10:45:00,2011-11-30 08:17:00,10,4,1328.55,332.14,841,55,0,Loyal Customers,2
16297,United Kingdom,2011-03-16 08:29:00,2011-03-16 08:29:00,269,1,301.9,301.9,206,0,3,At Risk,4
16298,United Kingdom,2011-06-06 10:06:00,2011-11-17 11:59:00,23,3,598.2,199.4,198,164,1,Potential Loyalists,3
16302,United Kingdom,2011-08-05 09:44:00,2011-08-05 09:44:00,127,1,233.22,233.22,158,0,3,At Risk,4
16303,United Kingdom,2011-01-10 14:16:00,2011-11-14 10:49:00,26,3,5360.63,1786.88,2659,308,0,Loyal Customers,2
16305,United Kingdom,2011-07-24 12:18:00,2011-07-24 12:18:00,139,1,361.22,361.22,256,0,3,At Risk,4
16306,United Kingdom,2010-12-07 15:18:00,2011-05-10 12:12:00,214,6,632.27,105.38,487,154,0,Loyal Customers,2
16308,United Kingdom,2011-03-23 14:46:00,2011-11-02 11:24:00,38,4,2560.0,640.0,8000,224,0,Loyal Customers,2
16309,United Kingdom,2011-04-13 11:46:00,2011-08-25 15:35:00,107,2,706.57,353.28,467,134,3,At Risk,4
16311,United Kingdom,2011-10-21 13:13:00,2011-11-22 08:54:00,18,2,616.26,308.13,394,32,1,Potential Loyalists,3
16313,United Kingdom,2011-10-21 09:04:00,2011-12-06 13:02:00,4,2,274.15,137.07,165,46,1,Potential Loyalists,3
16315,United Kingdom,2011-01-13 11:57:00,2011-01-13 11:57:00,331,1,226.37,226.37,75,0,3,At Risk,4
16316,United Kingdom,2010-12-16 14:26:00,2011-10-06 13:48:00,65,8,2938.91,367.36,1484,294,0,Loyal Customers,2
16317,United Kingdom,2011-02-15 14:30:00,2011-08-12 12:46:00,120,3,1341.65,447.22,890,178,0,Loyal Customers,2
16318,United Kingdom,2011-11-04 13:05:00,2011-11-04 13:05:00,36,1,328.15,328.15,199,0,1,Potential Loyalists,3
16319,United Kingdom,2011-05-06 11:27:00,2011-05-06 11:27:00,218,1,404.4,404.4,72,0,3,At Risk,4
16320,Unspecified,2011-05-10 15:31:00,2011-06-20 15:25:00,173,2,1038.46,519.23,732,41,3,At Risk,4
16321,Australia,2011-01-20 12:11:00,2011-09-28 14:55:00,73,5,373.65,74.73,135,251,0,Loyal Customers,2
16322,United Kingdom,2011-11-03 14:33:00,2011-12-08 15:41:00,2,2,326.75,163.38,231,35,1,Potential Loyalists,3
16323,United Kingdom,2011-05-27 14:48:00,2011-05-27 14:48:00,197,1,207.5,207.5,50,0,3,At Risk,4
16324,United Kingdom,2011-06-15 14:26:00,2011-08-03 12:58:00,129,3,408.59,136.2,270,49,3,At Risk,4
16325,United Kingdom,2011-04-08 09:20:00,2011-10-24 08:48:00,47,3,594.24,198.08,194,199,0,Loyal Customers,2
16326,United Kingdom,2011-01-09 12:01:00,2011-12-04 10:11:00,6,14,3039.22,217.09,682,329,2,Champions,1
16327,United Kingdom,2010-12-05 12:43:00,2011-11-25 13:23:00,15,6,3820.27,636.71,2560,355,2,Champions,1
16330,United Kingdom,2011-08-19 17:08:00,2011-11-22 12:24:00,18,3,251.91,83.97,147,95,1,Potential Loyalists,3
16332,United Kingdom,2011-02-07 14:16:00,2011-11-11 14:22:00,29,7,1582.8,226.11,797,277,0,Loyal Customers,2
16333,United Kingdom,2011-02-03 10:50:00,2011-12-02 12:19:00,8,22,26626.8,1210.31,32184,302,2,Champions,1
16337,United Kingdom,2011-11-03 10:03:00,2011-11-03 10:03:00,37,1,151.05,151.05,87,0,1,Potential Loyalists,3
16338,United Kingdom,2011-07-05 13:56:00,2011-07-05 13:56:00,158,1,214.8,214.8,94,0,3,At Risk,4
16339,United Kingdom,2011-02-28 13:41:00,2011-02-28 13:41:00,285,1,94.05,94.05,21,0,3,At Risk,4
16340,United Kingdom,2011-08-24 14:53:00,2011-08-24 14:53:00,108,1,534.31,534.31,486,0,3,At Risk,4
16341,United Kingdom,2011-05-22 13:20:00,2011-11-15 09:12:00,25,4,1971.87,492.97,1398,177,0,Loyal Customers,2
16342,United Kingdom,2011-06-13 10:10:00,2011-09-25 14:36:00,76,4,322.41,80.6,157,104,0,Loyal Customers,2
16343,United Kingdom,2011-11-23 17:43:00,2011-11-23 17:45:00,17,2,328.58,164.29,175,0,1,Potential Loyalists,3
16344,United Kingdom,2011-07-04 15:50:00,2011-07-04 15:50:00,159,1,101.1,101.1,18,0,3,At Risk,4
16345,United Kingdom,2011-10-26 16:03:00,2011-10-26 16:03:00,45,1,565.46,565.46,288,0,1,Potential Loyalists,3
16347,United Kingdom,2011-11-03 13:01:00,2011-11-28 13:14:00,12,2,847.45,423.72,341,25,1,Potential Loyalists,3
16348,United Kingdom,2011-04-13 15:49:00,2011-11-07 15:44:00,33,7,1415.65,202.24,805,208,0,Loyal Customers,2
16349,United Kingdom,2011-02-22 12:40:00,2011-02-22 12:40:00,291,1,53.5,53.5,9,0,3,At Risk,4
16350,United Kingdom,2011-01-10 09:44:00,2011-11-18 15:53:00,22,4,1116.47,279.12,545,312,0,Loyal Customers,2
16351,United Kingdom,2011-01-11 10:26:00,2011-01-11 10:26:00,333,1,153.9,153.9,90,0,3,At Risk,4
16352,United Kingdom,2011-11-02 08:44:00,2011-11-22 10:32:00,18,2,494.44,247.22,300,20,1,Potential Loyalists,3
16353,United Kingdom,2010-12-05 12:09:00,2011-12-06 12:23:00,4,23,6675.71,290.25,2006,366,2,Champions,1
16354,United Kingdom,2011-09-27 16:28:00,2011-10-07 14:28:00,64,2,395.8,197.9,150,10,3,At Risk,4
16356,United Kingdom,2011-03-07 12:31:00,2011-05-26 11:51:00,198,3,211.77,70.59,93,80,3,At Risk,4
16357,United Kingdom,2011-05-10 10:35:00,2011-11-06 16:04:00,34,3,658.88,219.63,246,180,0,Loyal Customers,2
16358,United Kingdom,2011-06-08 15:05:00,2011-12-08 15:09:00,2,4,2027.5,506.88,1302,183,2,Champions,1
16359,United Kingdom,2011-01-12 10:49:00,2011-12-02 17:04:00,8,9,1750.92,194.55,1183,324,2,Champions,1
16360,United Kingdom,2011-09-12 13:50:00,2011-12-05 12:16:00,5,6,3450.41,575.07,2110,84,2,Champions,1
16361,United Kingdom,2011-09-29 13:13:00,2011-11-30 12:32:00,10,4,891.21,222.8,418,62,1,Potential Loyalists,3
16362,United Kingdom,2011-09-09 14:47:00,2011-11-07 13:01:00,33,5,709.99,142.0,340,59,0,Loyal Customers,2
16363,United Kingdom,2011-10-17 14:14:00,2011-10-17 14:14:00,54,1,109.36,109.36,52,0,3,At Risk,4
16364,United Kingdom,2011-07-25 14:35:00,2011-11-28 11:27:00,12,2,705.79,352.9,279,126,1,Potential Loyalists,3
16365,United Kingdom,2010-12-07 17:19:00,2011-11-22 11:24:00,18,9,1540.42,171.16,504,350,2,Champions,1
16366,United Kingdom,2011-11-21 08:19:00,2011-11-21 08:19:00,19,1,327.3,327.3,256,0,1,Potential Loyalists,3
16367,United Kingdom,2010-12-12 12:01:00,2011-11-02 13:13:00,38,2,800.67,400.34,643,325,1,Potential Loyalists,3
16368,United Kingdom,2011-11-11 15:08:00,2011-12-07 13:12:00,3,2,479.91,239.96,251,26,1,Potential Loyalists,3
16369,United Kingdom,2011-05-27 09:39:00,2011-11-21 16:25:00,19,3,1545.41,515.14,1030,178,0,Loyal Customers,2
16370,United Kingdom,2011-04-28 16:40:00,2011-09-18 15:55:00,83,4,1301.91,325.48,640,143,0,Loyal Customers,2
16372,United Kingdom,2011-11-06 12:50:00,2011-11-06 13:08:00,34,2,355.73,177.86,158,0,1,Potential Loyalists,3
16374,United Kingdom,2011-03-22 13:46:00,2011-10-04 15:21:00,67,2,466.73,233.36,237,196,3,At Risk,4
16376,United Kingdom,2011-11-22 16:47:00,2011-12-01 11:38:00,9,2,974.96,487.48,691,9,1,Potential Loyalists,3
16377,United Kingdom,2011-03-17 15:41:00,2011-03-17 15:41:00,268,1,676.2,676.2,1500,0,3,At Risk,4
16378,United Kingdom,2011-02-02 12:42:00,2011-04-06 15:07:00,248,3,362.95,120.98,267,63,3,At Risk,4
16379,United Kingdom,2011-09-22 09:33:00,2011-12-05 15:38:00,5,4,2157.4,539.35,1410,74,2,Champions,1
16380,United Kingdom,2011-10-09 15:40:00,2011-10-09 15:40:00,62,1,1743.15,1743.15,1428,0,0,Loyal Customers,2
16383,United Kingdom,2011-03-16 13:00:00,2011-09-26 12:45:00,75,2,643.76,321.88,467,194,0,Loyal Customers,2
16384,United Kingdom,2011-03-21 10:13:00,2011-09-11 11:19:00,90,2,584.5,292.25,260,174,3,At Risk,4
16385,United Kingdom,2010-12-08 12:56:00,2011-10-10 13:12:00,61,3,554.86,184.95,258,306,0,Loyal Customers,2
16386,United Kingdom,2011-03-31 12:19:00,2011-11-11 12:28:00,29,2,302.57,151.28,205,225,1,Potential Loyalists,3
16387,United Kingdom,2011-01-21 11:34:00,2011-01-21 11:34:00,323,1,94.36,94.36,44,0,3,At Risk,4
16389,United Kingdom,2011-03-01 15:47:00,2011-10-17 14:41:00,54,4,1382.07,345.52,1242,230,0,Loyal Customers,2
16392,United Kingdom,2011-03-15 12:11:00,2011-03-15 12:11:00,270,1,217.89,217.89,201,0,3,At Risk,4
16393,United Kingdom,2010-12-05 13:10:00,2011-12-07 12:51:00,3,13,3040.96,233.92,1573,367,2,Champions,1
16394,United Kingdom,2011-02-23 10:58:00,2011-10-14 09:48:00,57,5,1555.34,311.07,2604,233,0,Loyal Customers,2
16395,United Kingdom,2011-01-13 12:10:00,2011-10-10 12:50:00,61,5,1482.06,296.41,1472,270,0,Loyal Customers,2
16398,United Kingdom,2011-03-31 09:38:00,2011-07-08 15:16:00,155,2,1705.8,852.9,758,99,0,Loyal Customers,2
16399,United Kingdom,2011-04-18 13:46:00,2011-11-20 16:12:00,20,2,408.02,204.01,263,216,1,Potential Loyalists,3
16400,United Kingdom,2011-09-06 12:27:00,2011-09-06 12:27:00,95,1,303.93,303.93,172,0,3,At Risk,4
16401,United Kingdom,2011-01-16 10:56:00,2011-12-08 18:15:00,2,12,4098.32,341.53,3882,326,2,Champions,1
16402,United Kingdom,2010-12-05 13:42:00,2011-03-20 12:25:00,265,2,293.45,146.72,146,105,3,At Risk,4
16403,United Kingdom,2011-01-31 13:39:00,2011-01-31 13:39:00,313,1,177.5,177.5,114,0,3,At Risk,4
16404,United Kingdom,2011-09-30 14:55:00,2011-09-30 14:55:00,71,1,443.05,443.05,157,0,3,At Risk,4
16405,United Kingdom,2011-02-02 17:08:00,2011-02-10 15:24:00,303,2,167.25,83.62,187,8,3,At Risk,4
16406,United Kingdom,2011-11-21 11:57:00,2011-11-21 11:57:00,19,1,154.35,154.35,116,0,1,Potential Loyalists,3
16407,United Kingdom,2011-01-31 14:02:00,2011-11-27 11:05:00,13,10,2079.68,207.97,1093,300,2,Champions,1
16409,United Kingdom,2011-01-26 14:51:00,2011-11-03 16:45:00,37,5,2022.98,404.6,1304,281,0,Loyal Customers,2
16411,United Kingdom,2010-12-05 13:26:00,2011-11-20 13:23:00,20,2,211.7,105.85,131,350,1,Potential Loyalists,3
16412,United Kingdom,2011-10-17 12:35:00,2011-10-17 12:35:00,54,1,135.99,135.99,63,0,3,At Risk,4
16413,United Kingdom,2011-10-14 12:08:00,2011-10-14 12:08:00,57,1,262.2,262.2,148,0,3,At Risk,4
16414,United Kingdom,2011-03-04 13:27:00,2011-11-18 09:42:00,22,2,126.25,63.12,27,259,1,Potential Loyalists,3
16415,United Kingdom,2011-10-26 13:35:00,2011-10-26 13:35:00,45,1,200.27,200.27,178,0,3,At Risk,4
16416,United Kingdom,2011-10-14 13:35:00,2011-11-13 12:50:00,27,3,1051.4,350.47,672,30,0,Loyal Customers,2
16418,United Kingdom,2011-04-27 16:54:00,2011-10-26 12:39:00,45,3,631.12,210.37,280,182,0,Loyal Customers,2
16419,United Kingdom,2011-02-01 12:25:00,2011-08-19 12:33:00,113,6,958.71,159.78,428,199,0,Loyal Customers,2
16422,United Kingdom,2010-12-05 15:35:00,2011-11-22 14:00:00,18,51,34684.4,680.09,33704,352,2,Champions,1
16423,United Kingdom,2011-11-15 09:21:00,2011-11-15 09:21:00,25,1,346.12,346.12,230,0,1,Potential Loyalists,3
16424,United Kingdom,2011-06-01 13:40:00,2011-06-01 13:40:00,192,1,133.56,133.56,88,0,3,At Risk,4
16425,United Kingdom,2011-02-10 14:30:00,2011-02-10 14:30:00,303,1,302.7,302.7,199,0,3,At Risk,4
16426,United Kingdom,2011-03-08 15:45:00,2011-12-07 14:01:00,3,10,1863.76,186.38,1215,274,2,Champions,1
16427,United Kingdom,2011-02-28 15:18:00,2011-03-21 17:10:00,264,2,241.06,120.53,156,21,3,At Risk,4
16429,United Kingdom,2011-08-25 13:54:00,2011-08-25 13:54:00,107,1,284.55,284.55,9,0,3,At Risk,4
16430,United Kingdom,2011-10-13 14:47:00,2011-10-13 14:47:00,58,1,300.85,300.85,103,0,3,At Risk,4
16431,United Kingdom,2011-02-15 14:02:00,2011-05-10 14:09:00,214,3,623.28,207.76,442,84,3,At Risk,4
16432,United Kingdom,2011-10-06 13:59:00,2011-10-06 13:59:00,65,1,287.4,287.4,276,0,3,At Risk,4
16433,United Kingdom,2011-11-11 14:09:00,2011-11-11 14:09:00,29,1,184.26,184.26,106,0,1,Potential Loyalists,3
16434,United Kingdom,2011-02-13 12:17:00,2011-11-10 14:28:00,30,7,1511.8,215.97,760,270,0,Loyal Customers,2
16438,United Kingdom,2011-09-18 13:31:00,2011-12-04 10:51:00,6,5,798.35,159.67,463,77,1,Potential Loyalists,3
16440,United Kingdom,2011-05-09 12:25:00,2011-12-02 12:02:00,8,5,3640.67,728.13,2018,207,2,Champions,1
16441,United Kingdom,2011-02-21 17:35:00,2011-10-03 17:48:00,68,2,381.2,190.6,173,224,3,At Risk,4
16442,United Kingdom,2010-12-14 10:46:00,2011-12-08 11:43:00,2,3,609.3,203.1,443,359,1,Potential Loyalists,3
16444,United Kingdom,2011-03-20 12:14:00,2011-10-24 13:50:00,47,4,654.67,163.67,407,218,0,Loyal Customers,2
16445,United Kingdom,2011-11-06 12:32:00,2011-11-06 12:32:00,34,1,230.51,230.51,111,0,1,Potential Loyalists,3
16446,United Kingdom,2011-05-18 09:52:00,2011-12-09 09:15:00,1,2,168472.5,84236.25,80997,205,2,Champions,1
16447,United Kingdom,2011-07-27 12:45:00,2011-07-27 12:45:00,136,1,255.91,255.91,221,0,3,At Risk,4
16448,United Kingdom,2011-05-25 16:28:00,2011-05-25 16:28:00,199,1,182.99,182.99,76,0,3,At Risk,4
16449,United Kingdom,2011-03-04 12:15:00,2011-05-26 10:25:00,198,2,707.69,353.84,367,83,3,At Risk,4
16450,United Kingdom,2011-07-13 11:47:00,2011-07-13 11:47:00,150,1,311.92,311.92,200,0,3,At Risk,4
16451,United Kingdom,2011-09-13 09:17:00,2011-09-13 09:17:00,88,1,266.97,266.97,120,0,3,At Risk,4
16454,United Kingdom,2011-10-06 16:57:00,2011-10-26 11:40:00,45,2,6.9,3.45,3,20,3,At Risk,4
16455,United Kingdom,2010-12-03 16:44:00,2011-10-07 12:17:00,64,7,1841.18,263.03,988,308,0,Loyal Customers,2
16456,United Kingdom,2010-12-01 14:11:00,2011-09-01 13:50:00,100,5,2158.18,431.64,1147,274,0,Loyal Customers,2
16457,United Kingdom,2011-05-05 13:19:00,2011-05-05 13:19:00,219,1,208.36,208.36,140,0,3,At Risk,4
16458,United Kingdom,2010-12-14 11:51:00,2011-12-07 09:34:00,3,18,3482.74,193.49,2154,358,2,Champions,1
16460,United Kingdom,2011-09-19 10:15:00,2011-11-11 13:46:00,29,3,811.23,270.41,876,53,0,Loyal Customers,2
16461,United Kingdom,2011-06-15 12:07:00,2011-06-15 12:07:00,178,1,142.92,142.92,48,0,3,At Risk,4
16462,United Kingdom,2011-03-01 08:58:00,2011-09-27 10:24:00,74,3,136.0,45.33,16,210,3,At Risk,4
16463,United Kingdom,2011-05-19 14:45:00,2011-11-18 14:01:00,22,4,1422.4,355.6,1163,183,0,Loyal Customers,2
16464,United Kingdom,2011-07-20 13:53:00,2011-11-20 12:11:00,20,3,1298.66,432.89,952,123,0,Loyal Customers,2
16466,United Kingdom,2011-02-20 11:39:00,2011-11-06 11:35:00,34,7,1595.96,227.99,785,259,0,Loyal Customers,2
16468,United Kingdom,2011-09-26 14:13:00,2011-09-26 14:13:00,75,1,74.9,74.9,31,0,3,At Risk,4
16469,United Kingdom,2011-04-07 13:11:00,2011-11-16 12:25:00,24,4,625.42,156.35,260,223,0,Loyal Customers,2
16470,United Kingdom,2010-12-16 11:53:00,2011-10-19 12:11:00,52,4,752.77,188.19,522,307,0,Loyal Customers,2
16471,United Kingdom,2011-03-10 09:41:00,2011-03-10 09:41:00,275,1,223.95,223.95,141,0,3,At Risk,4
16473,United Kingdom,2011-01-07 10:55:00,2011-06-28 09:10:00,165,3,316.11,105.37,196,172,3,At Risk,4
16474,United Kingdom,2011-07-17 14:51:00,2011-12-02 13:02:00,8,7,1810.65,258.66,909,138,2,Champions,1
16475,United Kingdom,2011-03-11 09:39:00,2011-09-12 14:37:00,89,4,544.3,136.07,319,185,0,Loyal Customers,2
16477,United Kingdom,2010-12-03 12:48:00,2011-10-07 09:44:00,64,7,2494.46,356.35,1415,308,0,Loyal Customers,2
16478,United Kingdom,2011-10-05 12:02:00,2011-11-14 15:51:00,26,3,331.0,110.33,224,40,1,Potential Loyalists,3
16479,United Kingdom,2011-11-29 13:04:00,2011-11-29 13:40:00,11,2,300.83,150.42,102,0,1,Potential Loyalists,3
16480,United Kingdom,2011-09-25 11:40:00,2011-09-25 11:40:00,76,1,769.29,769.29,455,0,3,At Risk,4
16482,United Kingdom,2011-11-24 12:33:00,2011-11-24 12:33:00,16,1,220.62,220.62,346,0,1,Potential Loyalists,3
16483,United Kingdom,2011-05-31 13:08:00,2011-05-31 13:08:00,193,1,139.35,139.35,44,0,3,At Risk,4
16484,United Kingdom,2011-06-02 10:39:00,2011-06-19 12:06:00,174,2,404.3,202.15,200,17,3,At Risk,4
16485,United Kingdom,2011-09-23 15:50:00,2011-09-23 15:50:00,78,1,363.65,363.65,235,0,3,At Risk,4
16488,United Kingdom,2011-07-14 11:46:00,2011-11-06 13:42:00,34,3,498.8,166.27,728,115,1,Potential Loyalists,3
16491,United Kingdom,2011-10-24 10:18:00,2011-10-24 10:18:00,47,1,731.5,731.5,478,0,1,Potential Loyalists,3
16493,United Kingdom,2011-01-14 08:16:00,2011-09-21 11:10:00,80,4,1351.63,337.91,1164,250,0,Loyal Customers,2
16494,United Kingdom,2011-02-16 12:49:00,2011-02-16 12:49:00,297,1,826.53,826.53,675,0,3,At Risk,4
16495,United Kingdom,2011-03-08 16:38:00,2011-12-06 13:20:00,4,3,648.26,216.09,328,273,1,Potential Loyalists,3
16496,United Kingdom,2011-01-27 09:42:00,2011-12-01 10:31:00,9,3,1599.52,533.17,1111,308,1,Potential Loyalists,3
16497,United Kingdom,2011-01-10 13:20:00,2011-10-21 10:55:00,50,6,2965.69,494.28,1396,284,0,Loyal Customers,2
16498,United Kingdom,2011-06-30 19:52:00,2011-07-01 15:07:00,162,2,100.97,50.48,45,1,3,At Risk,4
16499,United Kingdom,2010-12-10 10:27:00,2010-12-14 13:31:00,361,2,365.45,182.72,127,4,3,At Risk,4
16500,United Kingdom,2011-01-13 10:28:00,2011-12-05 12:04:00,5,6,400.86,66.81,123,326,1,Potential Loyalists,3
16503,United Kingdom,2010-12-14 13:50:00,2011-08-25 11:46:00,107,4,1431.93,357.98,569,254,0,Loyal Customers,2
16504,United Kingdom,2011-11-14 15:18:00,2011-11-14 15:18:00,26,1,465.88,465.88,510,0,1,Potential Loyalists,3
16505,United Kingdom,2011-11-08 12:14:00,2011-11-08 12:14:00,32,1,777.6,777.6,576,0,1,Potential Loyalists,3
16506,United Kingdom,2011-10-30 15:50:00,2011-11-20 12:17:00,20,2,90.3,45.15,42,21,1,Potential Loyalists,3
16509,United Kingdom,2011-02-16 09:25:00,2011-02-16 09:25:00,297,1,363.7,363.7,64,0,3,At Risk,4
16510,United Kingdom,2010-12-02 13:39:00,2010-12-02 13:39:00,373,1,248.1,248.1,92,0,3,At Risk,4
16511,United Kingdom,2011-03-18 11:24:00,2011-11-18 10:41:00,22,3,918.33,306.11,405,245,0,Loyal Customers,2
16513,United Kingdom,2011-10-27 14:56:00,2011-12-05 10:18:00,5,4,874.59,218.65,407,39,1,Potential Loyalists,3
16515,United Kingdom,2011-02-01 13:09:00,2011-10-18 13:10:00,53,5,1624.14,324.83,826,259,0,Loyal Customers,2
16516,United Kingdom,2011-11-09 14:59:00,2011-11-09 14:59:00,31,1,101.7,101.7,58,0,1,Potential Loyalists,3
16517,United Kingdom,2011-03-07 13:50:00,2011-03-07 13:50:00,278,1,162.7,162.7,96,0,3,At Risk,4
16518,United Kingdom,2011-02-28 16:36:00,2011-10-09 15:04:00,62,2,484.32,242.16,327,223,3,At Risk,4
16519,United Kingdom,2010-12-09 14:08:00,2011-11-14 15:41:00,26,2,215.08,107.54,54,340,1,Potential Loyalists,3
16520,United Kingdom,2010-12-09 13:08:00,2011-06-06 13:24:00,187,3,1046.57,348.86,558,179,0,Loyal Customers,2
16523,United Kingdom,2011-01-28 12:06:00,2011-12-08 09:06:00,2,21,9418.47,448.5,4265,314,2,Champions,1
16525,United Kingdom,2010-12-08 11:31:00,2011-12-07 15:07:00,3,26,13027.45,501.06,7397,364,2,Champions,1
16526,United Kingdom,2011-06-21 12:02:00,2011-06-21 12:02:00,172,1,290.36,290.36,106,0,3,At Risk,4
16527,United Kingdom,2011-09-19 16:21:00,2011-09-19 16:21:00,82,1,228.06,228.06,106,0,3,At Risk,4
16528,United Kingdom,2011-12-06 12:45:00,2011-12-06 12:45:00,4,1,244.41,244.41,171,0,1,Potential Loyalists,3
16529,United Kingdom,2011-06-02 17:23:00,2011-06-02 17:23:00,191,1,455.25,455.25,198,0,3,At Risk,4
16531,United Kingdom,2010-12-14 13:19:00,2011-11-17 16:29:00,23,7,1244.59,177.8,915,338,0,Loyal Customers,2
16532,United Kingdom,2011-01-05 12:37:00,2011-11-22 11:08:00,18,3,6748.8,2249.6,2016,321,0,Loyal Customers,2
16533,United Kingdom,2011-10-02 15:07:00,2011-11-20 13:08:00,20,3,1082.81,360.94,611,49,0,Loyal Customers,2
16535,United Kingdom,2011-12-04 15:18:00,2011-12-04 15:18:00,6,1,593.75,593.75,356,0,1,Potential Loyalists,3
16536,United Kingdom,2011-08-21 15:54:00,2011-08-21 15:54:00,111,1,548.12,548.12,250,0,3,At Risk,4
16539,United Kingdom,2010-12-01 15:40:00,2011-12-07 08:41:00,3,4,1388.81,347.2,477,371,2,Champions,1
16542,United Kingdom,2011-10-17 10:47:00,2011-10-17 10:47:00,54,1,119.62,119.62,46,0,3,At Risk,4
16545,United Kingdom,2011-06-28 10:37:00,2011-06-28 10:37:00,165,1,339.3,339.3,78,0,3,At Risk,4
16546,United Kingdom,2010-12-02 12:07:00,2011-02-22 11:20:00,291,2,787.15,393.58,549,82,3,At Risk,4
16549,United Kingdom,2011-01-09 14:03:00,2011-11-29 15:06:00,11,10,4034.9,403.49,2294,324,2,Champions,1
16550,United Kingdom,2010-12-06 13:53:00,2011-08-23 11:12:00,109,5,2298.97,459.79,1540,260,0,Loyal Customers,2
16551,United Kingdom,2011-01-07 10:24:00,2011-09-05 09:38:00,96,3,922.12,307.37,970,241,0,Loyal Customers,2
16552,United Kingdom,2010-12-01 12:36:00,2011-04-11 10:04:00,243,2,379.73,189.86,219,131,3,At Risk,4
16553,United Kingdom,2010-12-14 13:58:00,2011-06-29 15:42:00,164,12,5719.82,476.65,4600,197,0,Loyal Customers,2
16554,United Kingdom,2011-01-12 12:41:00,2011-10-28 14:51:00,43,3,837.1,279.03,402,289,0,Loyal Customers,2
16555,United Kingdom,2011-08-22 12:32:00,2011-11-04 14:31:00,36,2,285.89,142.94,175,74,1,Potential Loyalists,3
16556,United Kingdom,2010-12-14 13:32:00,2011-10-04 11:36:00,67,7,3313.79,473.4,1890,294,0,Loyal Customers,2
16557,United Kingdom,2011-07-25 13:28:00,2011-11-15 14:04:00,25,2,281.85,140.93,111,113,1,Potential Loyalists,3
16558,United Kingdom,2010-12-08 12:01:00,2011-12-09 10:20:00,1,20,8338.49,416.92,5377,366,2,Champions,1
16560,United Kingdom,2010-12-16 14:36:00,2011-11-13 10:35:00,27,2,841.41,420.7,500,332,1,Potential Loyalists,3
16561,United Kingdom,2011-10-11 09:53:00,2011-12-04 11:50:00,6,2,511.12,255.56,244,54,1,Potential Loyalists,3
16563,United Kingdom,2011-10-17 11:51:00,2011-10-17 11:51:00,54,1,1077.74,1077.74,486,0,1,Potential Loyalists,3
16565,United Kingdom,2010-12-10 15:21:00,2010-12-10 15:21:00,365,1,173.7,173.7,46,0,3,At Risk,4
16566,United Kingdom,2011-02-20 10:29:00,2011-11-24 16:34:00,16,5,614.66,122.93,362,277,0,Loyal Customers,2
16567,United Kingdom,2011-01-07 09:31:00,2011-05-29 13:57:00,195,2,865.6,432.8,996,142,3,At Risk,4
16569,United Kingdom,2011-12-06 15:32:00,2011-12-06 15:32:00,4,1,124.2,124.2,93,0,1,Potential Loyalists,3
16570,United Kingdom,2011-02-01 10:37:00,2011-11-24 17:02:00,16,10,3738.4,373.84,2112,296,2,Champions,1
16571,United Kingdom,2011-03-03 09:41:00,2011-11-13 11:46:00,27,3,1421.69,473.9,1239,255,0,Loyal Customers,2
16572,United Kingdom,2011-03-09 12:04:00,2011-08-04 16:34:00,128,3,1009.6,336.53,532,148,0,Loyal Customers,2
16573,United Kingdom,2011-02-22 15:14:00,2011-09-16 09:13:00,85,2,663.61,331.8,360,206,3,At Risk,4
16574,United Kingdom,2011-09-29 13:39:00,2011-09-29 13:39:00,72,1,451.44,451.44,416,0,3,At Risk,4
16581,United Kingdom,2011-06-10 10:05:00,2011-06-10 10:05:00,183,1,105.84,105.84,134,0,3,At Risk,4
16582,United Kingdom,2011-08-18 17:02:00,2011-08-18 17:02:00,114,1,313.62,313.62,164,0,3,At Risk,4
16583,United Kingdom,2010-12-01 12:03:00,2010-12-01 12:03:00,374,1,233.45,233.45,111,0,3,At Risk,4
16584,United Kingdom,2011-03-30 13:14:00,2011-09-20 13:45:00,81,2,936.08,468.04,646,174,0,Loyal Customers,2
16586,United Kingdom,2011-04-05 09:32:00,2011-04-05 09:32:00,249,1,463.95,463.95,95,0,3,At Risk,4
16587,United Kingdom,2011-04-21 15:51:00,2011-04-21 15:51:00,233,1,225.15,225.15,71,0,3,At Risk,4
16589,United Kingdom,2011-07-01 13:31:00,2011-09-29 14:50:00,72,3,459.24,153.08,368,90,0,Loyal Customers,2
16591,United Kingdom,2011-10-02 10:43:00,2011-10-02 10:43:00,69,1,213.5,213.5,41,0,3,At Risk,4
16592,United Kingdom,2011-02-25 10:19:00,2011-12-05 13:49:00,5,16,4113.68,257.1,2927,283,2,Champions,1
16593,United Kingdom,2011-01-16 12:11:00,2011-10-20 12:41:00,51,3,330.03,110.01,116,277,1,Potential Loyalists,3
16594,United Kingdom,2011-09-25 14:08:00,2011-09-25 14:08:00,76,1,181.09,181.09,64,0,3,At Risk,4
16595,United Kingdom,2011-10-09 13:15:00,2011-10-09 13:15:00,62,1,360.16,360.16,335,0,3,At Risk,4
16596,United Kingdom,2010-12-08 16:18:00,2011-11-24 10:02:00,16,2,250.15,125.08,97,351,1,Potential Loyalists,3
16597,United Kingdom,2011-12-05 15:44:00,2011-12-05 15:44:00,5,1,90.04,90.04,184,0,1,Potential Loyalists,3
16598,United Kingdom,2011-02-27 11:42:00,2011-02-27 11:42:00,286,1,145.05,145.05,73,0,3,At Risk,4
16600,United Kingdom,2011-01-05 12:13:00,2011-12-05 16:00:00,5,6,813.52,135.59,1145,334,2,Champions,1
16601,United Kingdom,2011-10-30 11:09:00,2011-10-30 11:09:00,41,1,242.7,242.7,133,0,1,Potential Loyalists,3
16602,United Kingdom,2011-11-03 15:54:00,2011-11-03 15:54:00,37,1,528.08,528.08,336,0,1,Potential Loyalists,3
16603,United Kingdom,2011-09-09 13:02:00,2011-09-26 10:06:00,75,2,482.47,241.24,480,17,3,At Risk,4
16607,United Kingdom,2010-12-16 08:41:00,2011-11-22 10:24:00,18,14,3347.71,239.12,2859,341,2,Champions,1
16609,United Kingdom,2011-04-01 10:11:00,2011-11-24 13:32:00,16,7,5493.46,784.78,2420,237,2,Champions,1
16610,United Kingdom,2011-05-04 13:13:00,2011-05-04 13:13:00,220,1,75.66,75.66,66,0,3,At Risk,4
16611,United Kingdom,2011-06-06 15:46:00,2011-06-06 15:46:00,187,1,129.49,129.49,47,0,3,At Risk,4
16612,United Kingdom,2011-02-01 10:38:00,2011-11-07 07:38:00,33,4,1187.66,296.92,506,279,0,Loyal Customers,2
16613,United Kingdom,2011-09-30 15:52:00,2011-09-30 15:52:00,71,1,618.59,618.59,293,0,3,At Risk,4
16614,United Kingdom,2011-06-10 11:36:00,2011-06-10 11:36:00,183,1,506.19,506.19,223,0,3,At Risk,4
16616,United Kingdom,2011-07-05 13:38:00,2011-11-24 16:31:00,16,2,500.42,250.21,370,142,1,Potential Loyalists,3
16617,United Kingdom,2011-04-18 10:35:00,2011-04-18 10:35:00,236,1,151.85,151.85,91,0,3,At Risk,4
16618,United Kingdom,2011-01-21 11:55:00,2011-11-08 13:52:00,32,5,2647.59,529.52,1363,291,0,Loyal Customers,2
16619,United Kingdom,2011-03-21 08:18:00,2011-03-21 08:18:00,264,1,226.21,226.21,133,0,3,At Risk,4
16620,United Kingdom,2011-03-24 10:37:00,2011-12-06 12:19:00,4,2,178.96,89.48,88,257,1,Potential Loyalists,3
16621,United Kingdom,2011-03-07 11:32:00,2011-10-19 11:38:00,52,4,813.48,203.37,302,226,0,Loyal Customers,2
16623,United Kingdom,2011-04-08 10:09:00,2011-04-08 10:09:00,246,1,129.45,129.45,39,0,3,At Risk,4
16624,United Kingdom,2011-05-26 14:20:00,2011-09-20 12:39:00,81,2,810.57,405.28,488,117,0,Loyal Customers,2
16625,United Kingdom,2011-03-10 12:50:00,2011-03-10 12:50:00,275,1,333.08,333.08,164,0,3,At Risk,4
16626,United Kingdom,2011-03-18 12:27:00,2011-12-09 11:56:00,1,17,4413.1,259.59,2690,266,2,Champions,1
16627,United Kingdom,2011-09-21 14:38:00,2011-09-21 14:38:00,80,1,322.8,322.8,162,0,3,At Risk,4
16628,United Kingdom,2011-04-19 08:55:00,2011-11-10 12:45:00,30,5,2188.05,437.61,1205,205,0,Loyal Customers,2
16629,United Kingdom,2011-09-04 16:12:00,2011-09-27 10:34:00,74,2,408.63,204.32,489,23,3,At Risk,4
16633,United Kingdom,2011-04-19 14:36:00,2011-11-22 13:41:00,18,6,2883.1,480.52,1138,217,2,Champions,1
16634,United Kingdom,2010-12-02 17:41:00,2011-05-01 12:09:00,223,2,217.9,108.95,82,150,3,At Risk,4
16637,United Kingdom,2011-04-28 10:20:00,2011-11-07 13:17:00,33,4,1154.47,288.62,927,193,0,Loyal Customers,2
16638,United Kingdom,2010-12-06 10:19:00,2011-11-17 11:09:00,23,10,1680.72,168.07,1255,346,2,Champions,1
16639,United Kingdom,2011-04-18 09:31:00,2011-11-08 13:20:00,32,3,1257.51,419.17,510,204,0,Loyal Customers,2
16641,United Kingdom,2011-08-26 12:49:00,2011-08-26 12:49:00,106,1,231.1,231.1,256,0,3,At Risk,4
16642,United Kingdom,2011-05-16 12:35:00,2011-12-05 11:31:00,5,2,688.33,344.16,479,203,1,Potential Loyalists,3
16643,United Kingdom,2011-04-08 08:24:00,2011-04-08 08:24:00,246,1,487.51,487.51,269,0,3,At Risk,4
16644,United Kingdom,2011-05-11 12:53:00,2011-06-15 12:39:00,178,2,833.78,416.89,826,35,3,At Risk,4
16647,United Kingdom,2011-05-19 09:31:00,2011-06-23 11:47:00,170,2,214.06,107.03,146,35,3,At Risk,4
16648,United Kingdom,2011-10-28 08:58:00,2011-10-28 08:58:00,43,1,290.66,290.66,281,0,1,Potential Loyalists,3
16650,United Kingdom,2011-09-29 09:51:00,2011-09-29 09:51:00,72,1,518.42,518.42,372,0,3,At Risk,4
16652,United Kingdom,2011-03-11 13:13:00,2011-10-12 09:38:00,59,7,6773.97,967.71,3283,215,0,Loyal Customers,2
16653,United Kingdom,2011-09-29 13:38:00,2011-11-23 14:51:00,17,2,1212.66,606.33,733,55,1,Potential Loyalists,3
16654,United Kingdom,2010-12-06 15:09:00,2011-07-21 15:23:00,142,4,601.27,150.32,282,227,0,Loyal Customers,2
16655,United Kingdom,2011-01-12 10:16:00,2011-11-22 11:25:00,18,6,3789.52,631.59,2363,314,2,Champions,1
16656,United Kingdom,2010-12-10 11:23:00,2011-11-17 14:43:00,23,15,8625.8,575.05,8894,342,2,Champions,1
16657,United Kingdom,2011-03-30 12:02:00,2011-11-30 11:48:00,10,4,874.43,218.61,1130,245,1,Potential Loyalists,3
16658,United Kingdom,2010-12-06 13:47:00,2010-12-06 13:47:00,369,1,123.24,123.24,40,0,3,At Risk,4
16659,United Kingdom,2011-06-03 15:03:00,2011-06-03 15:03:00,190,1,39.12,39.12,72,0,3,At Risk,4
16660,United Kingdom,2011-01-24 12:44:00,2011-11-23 14:53:00,17,4,1267.65,316.91,571,303,0,Loyal Customers,2
16665,United Kingdom,2010-12-12 14:03:00,2010-12-12 14:03:00,363,1,135.4,135.4,59,0,3,At Risk,4
16666,United Kingdom,2011-11-20 14:01:00,2011-11-20 14:01:00,20,1,118.98,118.98,233,0,1,Potential Loyalists,3
16667,United Kingdom,2011-02-28 12:57:00,2011-10-02 15:26:00,69,2,567.18,283.59,236,216,3,At Risk,4
16668,United Kingdom,2011-02-28 12:46:00,2011-11-24 17:43:00,16,6,306.72,51.12,318,269,1,Potential Loyalists,3
16669,United Kingdom,2011-09-22 14:13:00,2011-11-16 12:26:00,24,3,1348.88,449.63,881,55,0,Loyal Customers,2
16670,United Kingdom,2010-12-16 10:30:00,2011-11-23 09:34:00,17,11,4095.9,372.35,2556,342,2,Champions,1
16671,United Kingdom,2011-06-28 11:20:00,2011-11-11 13:40:00,29,3,1692.27,564.09,875,136,0,Loyal Customers,2
16672,United Kingdom,2011-03-18 10:15:00,2011-12-07 16:29:00,3,20,8134.94,406.75,2832,264,2,Champions,1
16674,United Kingdom,2011-09-02 13:59:00,2011-10-16 11:31:00,55,2,304.24,152.12,181,44,1,Potential Loyalists,3
16676,United Kingdom,2011-01-06 13:00:00,2011-11-06 12:01:00,34,4,1592.12,398.03,636,304,0,Loyal Customers,2
16678,United Kingdom,2011-03-02 09:24:00,2011-12-07 12:17:00,3,12,3109.99,259.17,2397,280,2,Champions,1
16679,United Kingdom,2010-12-08 13:51:00,2010-12-08 13:51:00,367,1,129.75,129.75,29,0,3,At Risk,4
16680,United Kingdom,2011-10-27 17:35:00,2011-10-27 17:35:00,44,1,183.7,183.7,94,0,1,Potential Loyalists,3
16681,United Kingdom,2011-03-31 13:46:00,2011-09-28 11:11:00,73,6,1770.34,295.06,1407,181,0,Loyal Customers,2
16682,United Kingdom,2011-06-05 11:02:00,2011-12-05 12:13:00,5,5,1028.0,205.6,1040,183,2,Champions,1
16684,United Kingdom,2010-12-16 17:34:00,2011-12-05 14:06:00,5,28,66653.56,2380.48,50255,354,2,Champions,1
16685,United Kingdom,2011-10-09 13:44:00,2011-10-09 13:58:00,62,2,324.24,162.12,396,0,3,At Risk,4
16686,United Kingdom,2010-12-19 14:41:00,2011-10-23 13:49:00,48,7,2959.88,422.84,1977,308,0,Loyal Customers,2
16688,United Kingdom,2011-10-10 12:23:00,2011-12-08 15:24:00,2,4,1260.86,315.22,804,59,2,Champions,1
16689,United Kingdom,2011-09-18 13:29:00,2011-09-25 11:39:00,76,2,422.6,211.3,330,7,3,At Risk,4
16690,United Kingdom,2011-05-22 10:53:00,2011-09-28 15:02:00,73,2,225.58,112.79,138,129,3,At Risk,4
16692,United Kingdom,2011-02-23 15:41:00,2011-03-28 14:46:00,257,2,1276.0,638.0,152,33,3,At Risk,4
16693,United Kingdom,2011-03-13 11:06:00,2011-10-02 11:10:00,69,2,477.86,238.93,203,203,3,At Risk,4
16696,United Kingdom,2011-04-05 15:20:00,2011-07-27 14:23:00,136,4,657.9,164.48,146,113,0,Loyal Customers,2
16697,United Kingdom,2011-04-12 17:12:00,2011-04-12 17:12:00,242,1,112.75,112.75,27,0,3,At Risk,4
16698,United Kingdom,2011-03-31 13:33:00,2011-04-27 10:52:00,227,2,1998.0,999.0,840,27,0,Loyal Customers,2
16700,United Kingdom,2010-12-08 16:34:00,2011-12-01 11:00:00,9,13,5076.55,390.5,4024,358,2,Champions,1
16701,United Kingdom,2010-12-13 11:51:00,2011-12-01 11:10:00,9,13,5398.3,415.25,6393,353,2,Champions,1
16705,United Kingdom,2010-12-16 10:51:00,2011-12-09 12:08:00,1,20,14034.99,701.75,5476,358,2,Champions,1
16706,United Kingdom,2011-08-17 15:53:00,2011-11-02 13:50:00,38,3,531.35,177.12,249,77,1,Potential Loyalists,3
16708,United Kingdom,2011-10-25 12:20:00,2011-10-25 12:20:00,46,1,656.63,656.63,285,0,1,Potential Loyalists,3
16709,United Kingdom,2011-03-03 10:55:00,2011-09-16 10:56:00,85,5,3029.87,605.97,851,197,0,Loyal Customers,2
16710,United Kingdom,2010-12-06 13:13:00,2011-11-20 14:50:00,20,10,2467.99,246.8,1823,349,2,Champions,1
16711,United Kingdom,2010-12-17 12:43:00,2011-12-06 16:32:00,4,5,1651.03,330.21,833,354,2,Champions,1
16712,United Kingdom,2011-03-08 15:07:00,2011-11-30 13:48:00,10,11,3611.31,328.3,1730,267,2,Champions,1
16713,United Kingdom,2010-12-08 13:01:00,2011-11-21 12:36:00,19,15,6910.78,460.72,4271,348,2,Champions,1
16714,United Kingdom,2011-01-26 13:40:00,2011-05-05 11:09:00,219,3,1129.06,376.35,589,99,0,Loyal Customers,2
16715,United Kingdom,2011-09-22 18:15:00,2011-09-22 18:15:00,79,1,301.72,301.72,642,0,3,At Risk,4
16716,United Kingdom,2011-02-01 15:35:00,2011-03-18 10:03:00,267,2,901.2,450.6,120,45,3,At Risk,4
16717,United Kingdom,2010-12-08 16:48:00,2011-11-16 12:16:00,24,6,3843.08,640.51,1860,343,2,Champions,1
16718,United Kingdom,2010-12-05 13:03:00,2010-12-05 13:03:00,370,1,606.05,606.05,407,0,3,At Risk,4
16719,United Kingdom,2010-12-06 12:06:00,2011-11-25 09:27:00,15,7,1770.22,252.89,1175,354,2,Champions,1
16720,United Kingdom,2011-11-13 16:22:00,2011-11-13 16:22:00,27,1,152.95,152.95,180,0,1,Potential Loyalists,3
16721,United Kingdom,2011-03-22 16:08:00,2011-03-22 16:08:00,263,1,292.47,292.47,172,0,3,At Risk,4
16722,United Kingdom,2010-12-06 12:59:00,2011-11-22 13:28:00,18,13,4730.81,363.91,5001,351,2,Champions,1
16723,United Kingdom,2011-08-24 11:31:00,2011-09-09 13:01:00,92,2,576.4,288.2,398,16,3,At Risk,4
16725,United Kingdom,2010-12-03 16:02:00,2011-02-10 16:52:00,303,7,758.27,108.32,288,69,0,Loyal Customers,2
16726,United Kingdom,2010-12-13 13:28:00,2011-11-13 14:53:00,27,5,1358.74,271.75,945,335,0,Loyal Customers,2
16727,United Kingdom,2010-12-10 13:48:00,2010-12-10 13:48:00,365,1,256.32,256.32,167,0,3,At Risk,4
16728,United Kingdom,2011-03-20 13:28:00,2011-10-24 14:36:00,47,4,1048.28,262.07,671,218,0,Loyal Customers,2
16729,United Kingdom,2011-04-12 14:22:00,2011-11-01 14:29:00,39,21,7205.33,343.11,5722,203,2,Champions,1
16730,United Kingdom,2011-01-24 14:01:00,2011-10-18 14:11:00,53,3,743.11,247.7,994,267,0,Loyal Customers,2
16732,United Kingdom,2011-11-08 09:54:00,2011-11-08 09:54:00,32,1,603.75,603.75,317,0,1,Potential Loyalists,3
16734,United Kingdom,2011-08-17 15:00:00,2011-10-18 13:44:00,53,3,646.76,215.59,345,62,0,Loyal Customers,2
16735,United Kingdom,2011-01-09 12:53:00,2011-09-22 11:49:00,79,5,2247.41,449.48,1532,256,0,Loyal Customers,2
16737,United Kingdom,2011-10-17 13:03:00,2011-10-17 13:03:00,54,1,417.6,417.6,288,0,3,At Risk,4
16738,United Kingdom,2011-02-15 09:46:00,2011-02-15 09:46:00,298,1,3.75,3.75,3,0,3,At Risk,4
16739,United Kingdom,2011-06-16 09:17:00,2011-06-16 09:17:00,177,1,323.0,323.0,172,0,3,At Risk,4
16742,United Kingdom,2011-10-24 12:02:00,2011-10-24 12:02:00,47,1,464.9,464.9,1,0,1,Potential Loyalists,3
16743,United Kingdom,2010-12-16 12:15:00,2011-11-10 13:13:00,30,7,2213.13,316.16,2035,329,0,Loyal Customers,2
16744,United Kingdom,2011-06-19 15:13:00,2011-11-28 13:06:00,12,7,1291.91,184.56,798,162,2,Champions,1
16745,United Kingdom,2011-02-01 11:31:00,2011-09-14 11:58:00,87,17,7180.7,422.39,6719,225,2,Champions,1
16746,United Kingdom,2010-12-16 11:43:00,2011-12-05 12:33:00,5,18,6680.11,371.12,4660,354,2,Champions,1
16747,United Kingdom,2011-10-03 10:18:00,2011-11-02 11:37:00,38,2,836.06,418.03,583,30,0,Loyal Customers,2
16748,United Kingdom,2011-01-09 13:50:00,2011-11-22 10:17:00,18,5,1515.9,303.18,880,317,0,Loyal Customers,2
16750,United Kingdom,2011-04-21 16:53:00,2011-10-26 12:48:00,45,5,623.93,124.79,214,188,0,Loyal Customers,2
16751,United Kingdom,2011-11-09 10:48:00,2011-11-09 10:48:00,31,1,1764.72,1764.72,1031,0,0,Loyal Customers,2
16752,United Kingdom,2010-12-02 12:18:00,2010-12-02 12:18:00,373,1,207.5,207.5,54,0,3,At Risk,4
16753,United Kingdom,2011-10-12 13:14:00,2011-10-12 13:14:00,59,1,223.92,223.92,189,0,3,At Risk,4
16754,United Kingdom,2010-12-02 17:38:00,2010-12-02 17:38:00,373,1,2002.4,2002.4,4280,0,3,At Risk,4
16755,United Kingdom,2011-01-28 10:47:00,2011-08-17 13:21:00,115,3,1475.43,491.81,1058,201,0,Loyal Customers,2
16756,United Kingdom,2011-05-09 09:33:00,2011-05-09 09:33:00,215,1,239.4,239.4,106,0,3,At Risk,4
16757,United Kingdom,2011-01-25 11:59:00,2011-01-25 11:59:00,319,1,106.83,106.83,81,0,3,At Risk,4
16758,United Kingdom,2011-10-05 14:47:00,2011-10-05 14:47:00,66,1,369.34,369.34,203,0,3,At Risk,4
16759,United Kingdom,2011-11-09 09:06:00,2011-12-02 12:42:00,8,3,789.79,263.26,609,23,1,Potential Loyalists,3
16761,United Kingdom,2011-09-04 11:15:00,2011-09-04 11:15:00,97,1,316.62,316.62,341,0,3,At Risk,4
16762,United Kingdom,2011-07-18 12:52:00,2011-11-20 11:43:00,20,3,1207.24,402.41,480,125,0,Loyal Customers,2
16763,United Kingdom,2011-05-25 11:52:00,2011-05-25 11:52:00,199,1,611.85,611.85,319,0,3,At Risk,4
16764,United Kingdom,2011-07-19 17:17:00,2011-12-06 11:41:00,4,13,2790.95,214.69,1253,140,2,Champions,1
16765,United Kingdom,2011-02-18 15:41:00,2011-02-18 15:41:00,295,1,34.0,34.0,4,0,3,At Risk,4
16766,United Kingdom,2011-03-11 13:34:00,2011-03-11 15:22:00,274,2,1145.6,572.8,536,0,3,At Risk,4
16767,United Kingdom,2011-01-27 13:38:00,2011-11-09 09:42:00,31,11,5575.56,506.87,4423,286,2,Champions,1
16768,United Kingdom,2011-03-13 10:25:00,2011-10-23 10:38:00,48,3,478.09,159.36,196,224,0,Loyal Customers,2
16769,United Kingdom,2011-03-24 13:41:00,2011-03-24 13:41:00,261,1,361.54,361.54,80,0,3,At Risk,4
16770,United Kingdom,2010-12-02 15:49:00,2011-10-13 12:21:00,58,5,757.1,151.42,456,315,0,Loyal Customers,2
16771,United Kingdom,2011-01-05 13:57:00,2011-11-06 13:28:00,34,5,2242.61,448.52,1487,305,0,Loyal Customers,2
16773,United Kingdom,2011-10-13 14:37:00,2011-10-13 14:37:00,58,1,171.59,171.59,171,0,3,At Risk,4
16774,United Kingdom,2011-06-14 12:45:00,2011-10-03 12:41:00,68,4,661.52,165.38,322,111,0,Loyal Customers,2
16775,United Kingdom,2010-12-07 15:15:00,2011-11-29 15:22:00,11,11,1691.51,153.77,439,357,2,Champions,1
16776,United Kingdom,2011-10-10 13:04:00,2011-10-10 13:04:00,61,1,371.54,371.54,254,0,3,At Risk,4
16777,United Kingdom,2011-03-27 14:34:00,2011-09-20 13:41:00,81,2,222.62,111.31,62,177,3,At Risk,4
16778,United Kingdom,2011-03-10 15:21:00,2011-09-26 13:48:00,75,2,245.94,122.97,194,200,3,At Risk,4
16779,United Kingdom,2010-12-08 09:56:00,2011-12-07 14:54:00,3,22,10611.72,482.35,5301,364,2,Champions,1
16780,United Kingdom,2011-03-25 17:34:00,2011-08-31 16:09:00,101,2,422.24,211.12,270,159,3,At Risk,4
16781,United Kingdom,2010-12-02 14:26:00,2010-12-02 14:26:00,373,1,311.25,311.25,113,0,3,At Risk,4
16782,United Kingdom,2010-12-09 11:28:00,2011-11-29 13:20:00,11,13,2267.95,174.46,705,355,2,Champions,1
16784,United Kingdom,2011-11-20 12:20:00,2011-11-20 12:20:00,20,1,107.6,107.6,24,0,1,Potential Loyalists,3
16788,United Kingdom,2011-03-30 13:05:00,2011-08-08 14:53:00,124,2,594.39,297.2,304,131,3,At Risk,4
16789,United Kingdom,2011-12-01 15:12:00,2011-12-01 15:12:00,9,1,80.8,80.8,32,0,1,Potential Loyalists,3
16790,United Kingdom,2011-11-02 11:23:00,2011-12-06 11:53:00,4,6,1545.62,257.6,898,34,2,Champions,1
16791,United Kingdom,2011-01-11 15:42:00,2011-11-10 19:12:00,30,7,1705.78,243.68,757,303,0,Loyal Customers,2
16792,United Kingdom,2011-03-02 14:39:00,2011-03-02 14:41:00,283,2,110.38,55.19,44,0,3,At Risk,4
16793,United Kingdom,2011-10-13 15:08:00,2011-10-13 15:08:00,58,1,243.84,243.84,146,0,3,At Risk,4
16794,United Kingdom,2011-06-12 14:15:00,2011-12-08 17:54:00,2,10,1196.5,119.65,923,179,2,Champions,1
16795,United Kingdom,2010-12-09 14:08:00,2010-12-09 14:08:00,366,1,414.88,414.88,239,0,3,At Risk,4
16796,United Kingdom,2011-09-11 14:01:00,2011-09-11 14:01:00,90,1,305.62,305.62,186,0,3,At Risk,4
16800,United Kingdom,2011-11-28 14:06:00,2011-11-28 14:06:00,12,1,1162.65,1162.65,524,0,1,Potential Loyalists,3
16801,United Kingdom,2011-03-11 13:56:00,2011-06-29 15:33:00,164,4,1594.23,398.56,493,110,0,Loyal Customers,2
16803,United Kingdom,2011-10-05 14:28:00,2011-10-05 14:28:00,66,1,332.3,332.3,245,0,3,At Risk,4
16804,United Kingdom,2011-03-14 15:48:00,2011-11-16 16:43:00,24,3,536.99,179.0,246,247,1,Potential Loyalists,3
16805,United Kingdom,2010-12-14 13:35:00,2011-06-19 11:23:00,174,2,460.59,230.3,539,187,3,At Risk,4
16806,United Kingdom,2011-04-14 19:59:00,2011-08-28 15:27:00,104,4,762.16,190.54,356,136,0,Loyal Customers,2
16807,United Kingdom,2011-03-14 09:46:00,2011-07-20 12:00:00,143,3,1121.59,373.86,778,128,0,Loyal Customers,2
16808,United Kingdom,2011-03-10 19:05:00,2011-09-01 19:34:00,100,2,288.42,144.21,196,175,3,At Risk,4
16809,United Kingdom,2011-03-22 15:20:00,2011-11-16 15:45:00,24,5,914.69,182.94,652,239,0,Loyal Customers,2
16810,United Kingdom,2011-05-31 15:32:00,2011-05-31 15:32:00,193,1,309.54,309.54,114,0,3,At Risk,4
16811,United Kingdom,2011-11-22 17:19:00,2011-12-05 11:39:00,5,2,547.07,273.53,477,13,1,Potential Loyalists,3
16812,United Kingdom,2010-12-14 12:35:00,2010-12-14 12:35:00,361,1,479.35,479.35,81,0,3,At Risk,4
16813,United Kingdom,2011-05-19 13:28:00,2011-12-01 14:03:00,9,10,1652.18,165.22,1501,196,2,Champions,1
16814,United Kingdom,2010-12-05 11:45:00,2011-11-25 13:27:00,15,21,6416.7,305.56,2697,355,2,Champions,1
16816,United Kingdom,2010-12-16 17:01:00,2011-08-28 14:16:00,104,4,417.06,104.26,274,255,0,Loyal Customers,2
16817,United Kingdom,2010-12-06 14:19:00,2011-12-07 11:03:00,3,9,1604.75,178.31,822,366,2,Champions,1
16818,United Kingdom,2011-05-18 11:42:00,2011-11-29 10:41:00,11,11,3349.57,304.51,2164,195,2,Champions,1
16820,United Kingdom,2011-09-05 12:06:00,2011-09-05 12:06:00,96,1,497.61,497.61,307,0,3,At Risk,4
16823,United Kingdom,2011-04-26 15:00:00,2011-04-26 15:00:00,228,1,358.38,358.38,136,0,3,At Risk,4
16824,United Kingdom,2011-06-28 13:36:00,2011-11-24 12:38:00,16,2,460.64,230.32,236,149,1,Potential Loyalists,3
16825,United Kingdom,2011-06-07 09:44:00,2011-11-01 11:51:00,39,2,775.18,387.59,566,147,1,Potential Loyalists,3
16826,United Kingdom,2011-10-19 14:05:00,2011-10-19 14:05:00,52,1,341.7,341.7,158,0,3,At Risk,4
16828,United Kingdom,2011-08-19 13:24:00,2011-09-07 15:10:00,94,2,128.5,64.25,59,19,3,At Risk,4
16829,United Kingdom,2011-07-06 10:48:00,2011-07-06 10:48:00,157,1,197.22,197.22,99,0,3,At Risk,4
16830,United Kingdom,2011-11-01 11:35:00,2011-11-01 11:35:00,39,1,325.91,325.91,264,0,1,Potential Loyalists,3
16832,United Kingdom,2011-05-06 14:12:00,2011-06-08 15:36:00,185,3,199.15,66.38,33,33,3,At Risk,4
16833,United Kingdom,2011-01-09 13:02:00,2011-12-08 14:39:00,2,4,1106.53,276.63,440,333,1,Potential Loyalists,3
16834,United Kingdom,2011-04-26 09:37:00,2011-04-26 09:37:00,228,1,413.46,413.46,358,0,3,At Risk,4
16835,United Kingdom,2010-12-01 17:15:00,2011-08-03 13:50:00,129,2,180.85,90.42,61,245,3,At Risk,4
16836,United Kingdom,2011-08-15 12:38:00,2011-10-31 10:05:00,40,2,251.87,125.94,165,77,1,Potential Loyalists,3
16837,United Kingdom,2011-04-08 08:48:00,2011-11-08 14:27:00,32,11,3170.98,288.27,1563,214,2,Champions,1
16838,United Kingdom,2011-02-24 15:01:00,2011-05-26 13:13:00,198,2,588.85,294.42,185,91,3,At Risk,4
16839,United Kingdom,2010-12-05 11:15:00,2011-12-01 09:03:00,9,34,16594.35,488.07,8975,361,2,Champions,1
16841,United Kingdom,2011-02-25 12:40:00,2011-11-03 11:51:00,37,6,1869.82,311.64,2250,251,0,Loyal Customers,2
16842,United Kingdom,2011-02-10 14:51:00,2011-08-31 10:42:00,101,3,1264.19,421.4,693,202,0,Loyal Customers,2
16843,United Kingdom,2011-01-16 16:10:00,2011-10-28 09:06:00,43,16,10196.57,637.29,10159,285,2,Champions,1
16846,United Kingdom,2011-10-20 13:55:00,2011-10-20 13:55:00,51,1,214.32,214.32,135,0,3,At Risk,4
16847,United Kingdom,2011-10-27 13:29:00,2011-10-27 13:29:00,44,1,193.44,193.44,78,0,1,Potential Loyalists,3
16848,United Kingdom,2011-10-18 08:42:00,2011-10-18 08:42:00,53,1,281.42,281.42,182,0,3,At Risk,4
16849,United Kingdom,2011-06-06 09:16:00,2011-06-06 09:16:00,187,1,124.57,124.57,33,0,3,At Risk,4
16850,United Kingdom,2011-01-10 11:09:00,2011-01-10 11:09:00,334,1,332.41,332.41,249,0,3,At Risk,4
16851,United Kingdom,2011-10-19 09:48:00,2011-12-05 13:32:00,5,3,342.45,114.15,271,47,1,Potential Loyalists,3
16852,United Kingdom,2011-06-16 15:49:00,2011-11-29 13:22:00,11,2,144.91,72.46,56,166,1,Potential Loyalists,3
16855,United Kingdom,2011-10-27 16:31:00,2011-11-16 12:03:00,24,2,328.4,164.2,164,20,1,Potential Loyalists,3
16856,United Kingdom,2011-11-25 08:59:00,2011-11-25 08:59:00,15,1,35.4,35.4,12,0,1,Potential Loyalists,3
16858,United Kingdom,2010-12-06 09:52:00,2010-12-06 09:52:00,369,1,375.69,375.69,91,0,3,At Risk,4
16859,United Kingdom,2011-03-23 13:39:00,2011-07-18 12:19:00,145,2,747.81,373.9,827,117,3,At Risk,4
16861,United Kingdom,2011-07-04 15:38:00,2011-10-11 09:05:00,60,2,173.76,86.88,140,99,3,At Risk,4
16863,United Kingdom,2010-12-08 08:58:00,2011-11-08 15:26:00,32,2,502.8,251.4,409,335,1,Potential Loyalists,3
16866,United Kingdom,2011-07-01 12:34:00,2011-07-22 10:06:00,141,3,207.74,69.25,60,21,3,At Risk,4
16869,United Kingdom,2011-06-17 13:01:00,2011-11-17 12:02:00,23,4,817.12,204.28,583,153,0,Loyal Customers,2
16871,United Kingdom,2011-03-14 10:31:00,2011-11-17 19:27:00,23,6,2812.34,468.72,1253,248,0,Loyal Customers,2
16872,United Kingdom,2011-06-08 14:32:00,2011-09-23 16:05:00,78,3,680.02,226.67,600,107,0,Loyal Customers,2
16873,United Kingdom,2010-12-10 15:45:00,2011-12-05 12:05:00,5,6,7123.62,1187.27,3840,360,2,Champions,1
16875,United Kingdom,2011-01-04 10:37:00,2011-10-03 13:39:00,68,5,2095.53,419.11,1069,272,0,Loyal Customers,2
16877,United Kingdom,2011-05-15 16:13:00,2011-11-27 13:47:00,13,6,846.62,141.1,458,196,0,Loyal Customers,2
16878,United Kingdom,2011-09-16 17:39:00,2011-09-16 17:39:00,85,1,13.3,13.3,12,0,3,At Risk,4
16880,United Kingdom,2011-06-03 16:45:00,2011-11-09 11:33:00,31,7,1491.43,213.06,746,159,0,Loyal Customers,2
16881,United Kingdom,2011-10-04 10:33:00,2011-10-04 10:33:00,67,1,432.0,432.0,600,0,3,At Risk,4
16882,United Kingdom,2011-01-26 17:43:00,2011-10-04 10:42:00,67,3,705.12,235.04,424,251,0,Loyal Customers,2
16883,United Kingdom,2010-12-03 10:33:00,2011-06-05 12:51:00,188,2,272.48,136.24,103,184,3,At Risk,4
16884,United Kingdom,2011-11-02 10:16:00,2011-11-02 11:52:00,38,2,429.84,214.92,320,0,1,Potential Loyalists,3
16885,United Kingdom,2010-12-17 17:23:00,2011-11-24 13:40:00,16,3,450.41,150.14,178,342,1,Potential Loyalists,3
16887,United Kingdom,2011-11-04 14:07:00,2011-11-04 14:07:00,36,1,192.33,192.33,156,0,1,Potential Loyalists,3
16889,United Kingdom,2011-01-07 10:47:00,2011-05-29 11:05:00,195,3,1578.67,526.22,925,142,0,Loyal Customers,2
16891,United Kingdom,2010-12-03 11:35:00,2011-12-08 11:15:00,2,5,742.43,148.49,265,370,1,Potential Loyalists,3
16892,United Kingdom,2011-06-09 11:35:00,2011-12-08 13:18:00,2,5,518.19,103.64,236,182,1,Potential Loyalists,3
16893,United Kingdom,2010-12-08 12:06:00,2010-12-08 12:06:00,367,1,145.93,145.93,62,0,3,At Risk,4
16895,United Kingdom,2011-10-06 12:15:00,2011-10-06 12:15:00,65,1,202.27,202.27,91,0,3,At Risk,4
16897,United Kingdom,2011-01-30 11:52:00,2011-02-13 15:02:00,300,2,289.78,144.89,73,14,3,At Risk,4
16898,United Kingdom,2010-12-06 12:23:00,2011-11-13 15:44:00,27,3,501.03,167.01,412,342,1,Potential Loyalists,3
16899,United Kingdom,2010-12-14 13:11:00,2011-12-02 12:03:00,8,6,1271.06,211.84,520,353,2,Champions,1
16900,United Kingdom,2011-10-07 13:17:00,2011-11-23 10:32:00,17,3,887.11,295.7,833,47,1,Potential Loyalists,3
16902,United Kingdom,2011-08-15 14:17:00,2011-08-15 14:17:00,117,1,1706.88,1706.88,629,0,0,Loyal Customers,2
16903,United Kingdom,2011-11-10 15:32:00,2011-11-10 15:32:00,30,1,363.2,363.2,247,0,1,Potential Loyalists,3
16904,United Kingdom,2010-12-07 13:29:00,2011-12-05 13:10:00,5,16,3653.75,228.36,1984,363,2,Champions,1
16905,United Kingdom,2010-12-03 10:43:00,2011-12-04 14:01:00,6,7,3037.6,433.94,1381,366,2,Champions,1
16906,United Kingdom,2011-04-05 12:30:00,2011-09-19 11:49:00,82,4,559.59,139.9,263,167,0,Loyal Customers,2
16907,United Kingdom,2010-12-09 16:52:00,2011-11-10 18:04:00,30,5,928.76,185.75,286,336,0,Loyal Customers,2
16909,United Kingdom,2011-09-28 16:45:00,2011-09-28 16:45:00,73,1,379.14,379.14,436,0,3,At Risk,4
16910,United Kingdom,2011-09-09 14:14:00,2011-12-05 12:51:00,5,8,1508.96,188.62,884,87,2,Champions,1
16912,United Kingdom,2011-01-20 15:42:00,2011-11-11 12:18:00,29,11,2555.58,232.33,1025,295,2,Champions,1
16913,United Kingdom,2011-02-22 12:56:00,2011-02-22 12:56:00,291,1,113.44,113.44,82,0,3,At Risk,4
16914,United Kingdom,2011-11-03 15:27:00,2011-11-03 15:27:00,37,1,183.76,183.76,112,0,1,Potential Loyalists,3
16915,United Kingdom,2011-03-01 09:52:00,2011-11-30 16:39:00,10,6,621.68,103.61,132,274,1,Potential Loyalists,3
16916,United Kingdom,2010-12-02 13:14:00,2011-11-16 12:08:00,24,2,562.41,281.2,431,349,1,Potential Loyalists,3
16917,United Kingdom,2011-03-08 11:55:00,2011-03-08 11:55:00,277,1,391.52,391.52,232,0,3,At Risk,4
16918,United Kingdom,2011-01-26 17:37:00,2011-10-21 12:50:00,50,6,1068.82,178.14,721,268,0,Loyal Customers,2
16919,United Kingdom,2010-12-06 12:52:00,2011-07-06 13:35:00,157,11,2592.25,235.66,1403,212,0,Loyal Customers,2
16921,United Kingdom,2011-10-09 16:22:00,2011-10-09 16:22:00,62,1,154.18,154.18,154,0,3,At Risk,4
16923,United Kingdom,2010-12-12 11:06:00,2011-11-27 13:00:00,13,19,7069.08,372.06,3344,350,2,Champions,1
16924,United Kingdom,2011-09-16 12:54:00,2011-11-18 12:53:00,22,3,829.89,276.63,467,63,1,Potential Loyalists,3
16926,United Kingdom,2010-12-03 13:42:00,2010-12-03 13:42:00,372,1,230.25,230.25,35,0,3,At Risk,4
16927,United Kingdom,2010-12-13 11:57:00,2011-08-16 11:10:00,116,3,543.05,181.02,993,246,0,Loyal Customers,2
16928,United Kingdom,2010-12-01 15:21:00,2011-09-20 15:10:00,81,17,2814.7,165.57,2092,293,2,Champions,1
16929,United Kingdom,2011-07-07 12:39:00,2011-12-06 08:37:00,4,7,1295.39,185.06,929,152,2,Champions,1
16930,United Kingdom,2011-10-02 14:25:00,2011-11-13 16:13:00,27,3,378.89,126.3,339,42,1,Potential Loyalists,3
16931,United Kingdom,2010-12-05 11:40:00,2011-12-04 13:15:00,6,21,4554.87,216.9,3134,364,2,Champions,1
16932,United Kingdom,2011-10-17 14:12:00,2011-10-17 14:12:00,54,1,150.23,150.23,82,0,3,At Risk,4
16933,United Kingdom,2011-04-14 13:33:00,2011-12-08 12:54:00,2,2,563.23,281.62,288,238,1,Potential Loyalists,3
16934,United Kingdom,2011-10-16 12:25:00,2011-10-16 12:40:00,55,2,931.03,465.52,397,0,0,Loyal Customers,2
16936,United Kingdom,2011-11-14 11:04:00,2011-11-14 11:04:00,26,1,261.9,261.9,171,0,1,Potential Loyalists,3
16938,United Kingdom,2011-02-04 09:34:00,2011-12-01 10:20:00,9,4,2711.68,677.92,2533,300,2,Champions,1
16940,United Kingdom,2011-02-23 12:27:00,2011-10-18 13:15:00,53,3,3049.88,1016.63,2169,237,0,Loyal Customers,2
16942,United Kingdom,2011-04-26 11:59:00,2011-11-27 12:40:00,13,9,1904.99,211.67,805,215,2,Champions,1
16943,United Kingdom,2011-01-25 14:00:00,2011-05-12 11:57:00,212,3,816.73,272.24,145,107,0,Loyal Customers,2
16945,United Kingdom,2010-12-16 17:49:00,2011-11-18 11:39:00,22,19,4345.5,228.71,2725,337,2,Champions,1
16947,United Kingdom,2011-04-18 09:38:00,2011-04-18 09:38:00,236,1,406.48,406.48,312,0,3,At Risk,4
16948,United Kingdom,2011-01-18 10:58:00,2011-07-24 12:46:00,139,3,435.02,145.01,1614,187,3,At Risk,4
16949,United Kingdom,2011-01-27 12:11:00,2011-12-06 11:07:00,4,6,1286.27,214.38,791,313,2,Champions,1
16950,United Kingdom,2010-12-07 15:20:00,2011-10-14 09:06:00,57,3,1178.56,392.85,644,311,0,Loyal Customers,2
16951,United Kingdom,2011-02-08 14:58:00,2011-07-28 12:05:00,135,3,1277.75,425.92,1318,170,0,Loyal Customers,2
16952,United Kingdom,2011-08-22 12:58:00,2011-08-22 13:03:00,110,2,167.61,83.8,92,0,3,At Risk,4
16953,United Kingdom,2011-11-09 15:54:00,2011-11-09 15:54:00,31,1,20.8,20.8,10,0,3,At Risk,4
16954,United Kingdom,2010-12-15 10:41:00,2011-12-09 09:46:00,1,9,2085.08,231.68,1054,359,2,Champions,1
16955,United Kingdom,2010-12-01 13:31:00,2011-06-08 10:36:00,185,4,518.67,129.67,266,189,0,Loyal Customers,2
16956,United Kingdom,2011-11-22 08:56:00,2011-11-22 08:56:00,18,1,308.74,308.74,114,0,1,Potential Loyalists,3
16957,United Kingdom,2011-03-03 09:25:00,2011-04-14 13:56:00,240,2,416.64,208.32,172,42,3,At Risk,4
16959,United Kingdom,2011-09-13 15:03:00,2011-09-13 15:03:00,88,1,117.35,117.35,49,0,3,At Risk,4
16960,United Kingdom,2011-04-01 11:54:00,2011-11-01 11:35:00,39,3,507.05,169.02,304,214,1,Potential Loyalists,3
16961,United Kingdom,2011-08-15 13:46:00,2011-08-15 13:46:00,117,1,234.17,234.17,125,0,3,At Risk,4
16963,United Kingdom,2011-06-05 13:48:00,2011-06-05 13:48:00,188,1,110.55,110.55,35,0,3,At Risk,4
16965,United Kingdom,2011-04-27 12:08:00,2011-04-27 12:08:00,227,1,201.19,201.19,291,0,3,At Risk,4
16966,United Kingdom,2011-04-13 14:17:00,2011-12-01 13:40:00,9,7,2154.97,307.85,1981,232,2,Champions,1
16967,United Kingdom,2011-06-03 14:24:00,2011-06-03 14:24:00,190,1,319.02,319.02,333,0,3,At Risk,4
16968,United Kingdom,2011-08-24 10:51:00,2011-12-05 15:02:00,5,2,439.43,219.72,326,103,1,Potential Loyalists,3
16969,United Kingdom,2011-06-01 12:10:00,2011-10-31 13:12:00,40,3,650.41,216.8,816,152,0,Loyal Customers,2
16971,United Kingdom,2011-11-01 15:06:00,2011-11-01 15:06:00,39,1,357.21,357.21,72,0,1,Potential Loyalists,3
16976,United Kingdom,2011-03-17 16:33:00,2011-03-17 16:33:00,268,1,251.52,251.52,88,0,3,At Risk,4
16978,United Kingdom,2011-09-23 12:50:00,2011-09-23 12:50:00,78,1,344.33,344.33,166,0,3,At Risk,4
16979,United Kingdom,2011-02-15 09:20:00,2011-12-06 12:21:00,4,6,1852.0,308.67,865,294,2,Champions,1
16980,United Kingdom,2011-02-21 12:58:00,2011-03-29 16:36:00,256,2,1028.46,514.23,739,36,3,At Risk,4
16982,United Kingdom,2011-10-10 12:28:00,2011-10-10 12:28:00,61,1,384.06,384.06,182,0,3,At Risk,4
16983,United Kingdom,2010-12-05 12:34:00,2011-11-27 12:10:00,13,7,1905.87,272.27,1335,357,2,Champions,1
16984,United Kingdom,2011-08-01 17:37:00,2011-09-12 13:43:00,89,2,4459.52,2229.76,2380,42,0,Loyal Customers,2
16985,United Kingdom,2010-12-16 10:38:00,2011-11-22 13:33:00,18,10,5464.12,546.41,1832,341,2,Champions,1
16986,United Kingdom,2011-11-09 15:52:00,2011-11-10 11:55:00,30,2,1873.2,936.6,1040,1,0,Loyal Customers,2
16987,United Kingdom,2011-05-18 15:55:00,2011-12-06 17:26:00,4,7,1616.8,230.97,401,202,2,Champions,1
16988,United Kingdom,2011-12-04 16:02:00,2011-12-04 16:02:00,6,1,126.12,126.12,43,0,1,Potential Loyalists,3
16989,United Kingdom,2011-07-12 09:11:00,2011-12-02 16:39:00,8,6,1133.25,188.88,1233,143,2,Champions,1
16990,United Kingdom,2011-05-05 08:30:00,2011-05-05 08:30:00,219,1,179.0,179.0,100,0,3,At Risk,4
16992,United Kingdom,2011-02-28 10:37:00,2011-11-29 11:50:00,11,5,1614.31,322.86,860,274,0,Loyal Customers,2
16996,United Kingdom,2010-12-21 13:22:00,2011-11-09 16:43:00,31,6,1456.96,242.83,544,323,0,Loyal Customers,2
16997,United Kingdom,2011-01-18 11:51:00,2011-02-24 17:28:00,289,3,702.0,234.0,360,37,3,At Risk,4
16998,United Kingdom,2011-02-08 15:42:00,2011-07-13 09:44:00,150,4,295.0,73.75,76,155,3,At Risk,4
16999,United Kingdom,2011-09-26 15:43:00,2011-11-16 13:53:00,24,2,484.82,242.41,294,51,1,Potential Loyalists,3
17001,United Kingdom,2010-12-16 09:35:00,2011-12-09 09:38:00,1,11,3989.57,362.69,2164,358,2,Champions,1
17002,United Kingdom,2011-02-22 11:46:00,2011-09-15 12:40:00,86,3,1493.73,497.91,679,205,0,Loyal Customers,2
17004,United Kingdom,2011-09-08 12:16:00,2011-10-24 14:25:00,47,2,1312.14,656.07,771,46,0,Loyal Customers,2
17006,United Kingdom,2011-09-25 12:15:00,2011-12-05 12:09:00,5,4,781.78,195.44,272,71,1,Potential Loyalists,3
17007,United Kingdom,2010-12-17 13:57:00,2011-10-20 10:47:00,51,6,889.93,148.32,597,307,0,Loyal Customers,2
17010,United Kingdom,2011-11-21 14:49:00,2011-11-21 14:49:00,19,1,195.36,195.36,118,0,1,Potential Loyalists,3
17011,United Kingdom,2011-11-09 13:30:00,2011-11-09 13:30:00,31,1,270.9,270.9,186,0,1,Potential Loyalists,3
17014,United Kingdom,2011-10-04 11:36:00,2011-12-01 14:09:00,9,3,583.43,194.48,243,58,1,Potential Loyalists,3
17015,United Kingdom,2011-06-07 13:19:00,2011-11-11 10:45:00,29,3,1838.61,612.87,1978,157,0,Loyal Customers,2
17017,United Kingdom,2010-12-02 10:17:00,2011-12-07 09:32:00,3,20,8694.26,434.71,6673,370,2,Champions,1
17018,United Kingdom,2011-01-18 08:46:00,2011-10-30 11:42:00,41,2,920.1,460.05,176,285,0,Loyal Customers,2
17019,United Kingdom,2010-12-06 12:55:00,2011-11-28 13:06:00,12,4,1258.08,314.52,820,357,0,Loyal Customers,2
17022,United Kingdom,2011-11-08 17:09:00,2011-11-08 17:09:00,32,1,71.0,71.0,108,0,1,Potential Loyalists,3
17024,United Kingdom,2011-07-05 09:31:00,2011-10-25 13:47:00,46,3,95.85,31.95,69,112,1,Potential Loyalists,3
17025,United Kingdom,2010-12-01 15:45:00,2011-10-10 09:06:00,61,3,357.77,119.26,235,313,1,Potential Loyalists,3
17026,United Kingdom,2010-12-05 12:47:00,2011-06-07 14:28:00,186,2,154.83,77.42,97,184,3,At Risk,4
17027,United Kingdom,2011-01-26 14:19:00,2011-09-22 12:24:00,79,6,877.56,146.26,416,239,0,Loyal Customers,2
17029,United Kingdom,2011-04-17 10:57:00,2011-08-21 11:06:00,111,2,716.0,358.0,400,126,3,At Risk,4
17030,United Kingdom,2011-10-07 08:49:00,2011-10-07 08:49:00,64,1,146.87,146.87,146,0,3,At Risk,4
17031,United Kingdom,2011-07-08 09:38:00,2011-11-28 10:23:00,12,2,380.35,190.18,235,143,1,Potential Loyalists,3
17033,United Kingdom,2010-12-15 13:21:00,2011-09-14 14:34:00,87,3,1030.14,343.38,750,273,0,Loyal Customers,2
17034,United Kingdom,2011-02-25 10:10:00,2011-11-23 15:14:00,17,3,745.52,248.51,410,271,1,Potential Loyalists,3
17035,United Kingdom,2011-02-01 12:27:00,2011-04-08 11:23:00,246,2,433.53,216.76,229,66,3,At Risk,4
17037,United Kingdom,2011-09-13 12:49:00,2011-09-13 12:49:00,88,1,1267.32,1267.32,656,0,3,At Risk,4
17038,United Kingdom,2011-11-09 13:50:00,2011-11-09 13:50:00,31,1,112.4,112.4,28,0,1,Potential Loyalists,3
17040,United Kingdom,2011-07-25 10:19:00,2011-07-25 10:19:00,138,1,449.73,449.73,181,0,3,At Risk,4
17041,United Kingdom,2010-12-14 11:43:00,2011-11-13 11:21:00,27,3,1071.49,357.16,927,334,0,Loyal Customers,2
17042,United Kingdom,2011-04-06 14:53:00,2011-12-07 12:26:00,3,5,1036.58,207.32,990,245,2,Champions,1
17043,United Kingdom,2011-03-18 14:53:00,2011-11-07 15:33:00,33,4,1735.18,433.8,998,234,0,Loyal Customers,2
17044,United Kingdom,2011-11-14 14:28:00,2011-11-14 14:28:00,26,1,948.48,948.48,504,0,1,Potential Loyalists,3
17045,United Kingdom,2011-04-06 12:08:00,2011-08-18 17:09:00,114,3,339.44,113.15,106,134,3,At Risk,4
17046,United Kingdom,2011-07-05 14:24:00,2011-07-05 14:24:00,158,1,642.02,642.02,510,0,3,At Risk,4
17047,United Kingdom,2011-05-18 16:50:00,2011-09-15 13:27:00,86,3,1100.9,366.97,533,120,0,Loyal Customers,2
17048,United Kingdom,2011-01-12 16:51:00,2011-08-14 11:49:00,118,3,925.35,308.45,485,214,0,Loyal Customers,2
17049,United Kingdom,2011-03-09 08:33:00,2011-12-07 10:48:00,3,9,5655.03,628.34,2673,273,2,Champions,1
17050,United Kingdom,2011-02-13 12:41:00,2011-09-04 13:48:00,97,6,3185.64,530.94,1595,203,0,Loyal Customers,2
17051,United Kingdom,2011-05-29 14:13:00,2011-05-29 14:13:00,195,1,240.89,240.89,179,0,3,At Risk,4
17052,United Kingdom,2011-11-11 14:50:00,2011-11-11 14:50:00,29,1,399.09,399.09,251,0,1,Potential Loyalists,3
17053,United Kingdom,2011-08-01 10:23:00,2011-08-01 10:23:00,131,1,498.48,498.48,122,0,3,At Risk,4
17054,United Kingdom,2011-04-08 13:14:00,2011-11-11 12:56:00,29,5,1356.33,271.27,804,217,0,Loyal Customers,2
17058,United Kingdom,2011-04-14 09:18:00,2011-09-19 10:13:00,82,3,1179.89,393.3,592,158,0,Loyal Customers,2
17059,United Kingdom,2010-12-05 12:35:00,2011-11-10 12:27:00,30,5,3080.39,616.08,1850,340,0,Loyal Customers,2
17060,United Kingdom,2011-03-18 13:27:00,2011-03-18 13:27:00,267,1,234.24,234.24,216,0,3,At Risk,4
17061,United Kingdom,2011-04-21 13:29:00,2011-09-27 11:24:00,74,11,5232.23,475.66,1526,159,2,Champions,1
17062,United Kingdom,2010-12-05 11:59:00,2011-01-30 11:01:00,314,4,533.33,133.33,418,56,3,At Risk,4
17063,United Kingdom,2011-02-23 13:44:00,2011-11-18 16:19:00,22,7,1461.14,208.73,770,268,0,Loyal Customers,2
17064,United Kingdom,2011-01-16 16:10:00,2011-10-12 10:18:00,59,3,855.45,285.15,316,269,0,Loyal Customers,2
17068,United Kingdom,2010-12-06 13:58:00,2011-11-27 13:14:00,13,21,4552.14,216.77,2164,356,2,Champions,1
17069,United Kingdom,2010-12-01 16:49:00,2011-11-11 17:13:00,29,9,2709.7,301.08,1506,345,2,Champions,1
17070,United Kingdom,2011-08-17 17:01:00,2011-08-17 17:01:00,115,1,304.24,304.24,131,0,3,At Risk,4
17071,United Kingdom,2011-02-03 08:18:00,2011-11-11 16:31:00,29,9,2429.03,269.89,1197,281,2,Champions,1
17073,United Kingdom,2011-08-22 14:37:00,2011-11-22 11:47:00,18,4,1446.09,361.52,759,92,0,Loyal Customers,2
17075,United Kingdom,2011-01-26 13:20:00,2011-11-22 11:58:00,18,4,834.12,208.53,292,300,0,Loyal Customers,2
17076,United Kingdom,2010-12-10 10:08:00,2011-11-03 17:53:00,37,3,841.08,280.36,295,328,0,Loyal Customers,2
17078,United Kingdom,2011-11-03 18:49:00,2011-11-03 19:17:00,37,2,378.2,189.1,788,0,1,Potential Loyalists,3
17079,United Kingdom,2011-09-22 15:34:00,2011-09-22 15:34:00,79,1,118.8,118.8,24,0,3,At Risk,4
17080,United Kingdom,2011-03-15 12:05:00,2011-11-17 12:59:00,23,2,287.62,143.81,166,247,1,Potential Loyalists,3
17081,United Kingdom,2011-10-24 13:08:00,2011-11-14 12:56:00,26,2,288.91,144.46,77,21,1,Potential Loyalists,3
17082,United Kingdom,2011-01-25 14:36:00,2011-11-06 15:17:00,34,2,2003.85,1001.92,1049,285,0,Loyal Customers,2
17083,United Kingdom,2011-02-09 11:38:00,2011-08-22 15:43:00,110,3,1405.78,468.59,772,194,0,Loyal Customers,2
17084,United Kingdom,2011-11-04 14:49:00,2011-11-04 14:54:00,36,2,2747.99,1374.0,1702,0,0,Loyal Customers,2
17085,United Kingdom,2010-12-12 12:24:00,2011-08-08 14:15:00,124,5,1562.4,312.48,785,239,0,Loyal Customers,2
17086,United Kingdom,2011-10-07 11:22:00,2011-12-02 13:54:00,8,6,2050.08,341.68,1859,56,2,Champions,1
17088,United Kingdom,2011-03-31 09:48:00,2011-11-11 14:23:00,29,4,1991.01,497.75,868,225,0,Loyal Customers,2
17090,United Kingdom,2010-12-20 13:52:00,2011-12-05 13:44:00,5,7,1974.65,282.09,903,350,2,Champions,1
17091,United Kingdom,2010-12-07 09:55:00,2011-12-07 10:43:00,3,9,3827.76,425.31,1746,365,2,Champions,1
17092,United Kingdom,2011-03-07 14:51:00,2011-10-20 19:51:00,51,4,1774.03,443.51,1130,227,0,Loyal Customers,2
17094,United Kingdom,2011-01-21 13:09:00,2011-01-21 13:09:00,323,1,302.0,302.0,152,0,3,At Risk,4
17095,United Kingdom,2011-01-09 11:05:00,2011-11-17 12:21:00,23,3,1324.16,441.39,618,312,0,Loyal Customers,2
17096,United Kingdom,2011-03-23 12:05:00,2011-11-24 15:01:00,16,4,1022.13,255.53,339,246,0,Loyal Customers,2
17097,Spain,2010-12-09 14:55:00,2011-12-07 17:05:00,3,8,954.42,119.3,459,363,2,Champions,1
17100,United Kingdom,2011-11-21 16:36:00,2011-11-21 16:36:00,19,2,971.74,485.87,800,0,1,Potential Loyalists,3
17101,United Kingdom,2011-06-14 14:49:00,2011-11-29 13:57:00,11,4,1621.73,405.43,815,168,0,Loyal Customers,2
17102,United Kingdom,2011-03-23 10:08:00,2011-03-23 10:08:00,262,1,25.5,25.5,2,0,3,At Risk,4
17105,United Kingdom,2011-02-06 14:46:00,2011-07-03 15:53:00,160,2,665.78,332.89,693,147,3,At Risk,4
17107,United Kingdom,2011-03-06 15:17:00,2011-11-06 14:14:00,34,6,10797.48,1799.58,4826,245,2,Champions,1
17109,United Kingdom,2011-04-21 15:46:00,2011-11-10 16:59:00,30,6,881.29,146.88,588,203,0,Loyal Customers,2
17110,United Kingdom,2011-06-27 12:58:00,2011-06-27 12:58:00,166,1,163.3,163.3,50,0,3,At Risk,4
17111,United Kingdom,2011-10-23 15:59:00,2011-10-23 15:59:00,48,1,231.61,231.61,282,0,3,At Risk,4
17114,United Kingdom,2011-01-09 11:39:00,2011-12-04 12:17:00,6,8,801.12,100.14,215,329,2,Champions,1
17115,United Kingdom,2011-04-20 14:46:00,2011-12-01 14:30:00,9,3,837.5,279.17,372,225,1,Potential Loyalists,3
17117,United Kingdom,2011-02-24 13:54:00,2011-02-24 13:54:00,289,1,116.2,116.2,68,0,3,At Risk,4
17118,United Kingdom,2011-01-26 12:19:00,2011-01-26 12:19:00,318,1,157.02,157.02,154,0,3,At Risk,4
17119,United Kingdom,2011-10-11 11:03:00,2011-12-06 14:40:00,4,2,606.91,303.46,334,56,1,Potential Loyalists,3
17120,United Kingdom,2011-04-20 15:21:00,2011-04-20 15:21:00,234,1,307.46,307.46,120,0,3,At Risk,4
17122,United Kingdom,2011-08-12 14:33:00,2011-08-12 14:33:00,120,1,138.32,138.32,80,0,3,At Risk,4
17123,United Kingdom,2011-07-01 10:47:00,2011-07-01 10:47:00,162,1,345.3,345.3,246,0,3,At Risk,4
17124,United Kingdom,2011-06-07 14:02:00,2011-06-07 14:02:00,186,1,294.24,294.24,129,0,3,At Risk,4
17125,United Kingdom,2011-10-20 14:41:00,2011-10-20 14:41:00,51,1,230.5,230.5,281,0,3,At Risk,4
17126,United Kingdom,2010-12-12 11:26:00,2011-07-10 13:52:00,153,5,989.45,197.89,780,210,0,Loyal Customers,2
17128,United Kingdom,2011-01-09 12:02:00,2011-01-09 12:02:00,335,1,157.09,157.09,76,0,3,At Risk,4
17131,United Kingdom,2011-09-25 12:42:00,2011-12-04 12:52:00,6,5,2463.17,492.63,983,70,2,Champions,1
17133,United Kingdom,2011-03-18 13:47:00,2011-11-24 12:27:00,16,7,4892.24,698.89,2730,251,2,Champions,1
17134,United Kingdom,2011-03-20 11:56:00,2011-08-25 09:53:00,107,2,413.2,206.6,98,158,3,At Risk,4
17135,United Kingdom,2010-12-03 09:31:00,2011-11-23 16:48:00,17,7,1139.73,162.82,1224,355,0,Loyal Customers,2
17138,United Kingdom,2011-03-09 11:54:00,2011-03-09 11:54:00,276,1,380.5,380.5,126,0,3,At Risk,4
17139,United Kingdom,2011-02-24 09:32:00,2011-11-24 10:12:00,16,12,10650.77,887.56,5176,273,2,Champions,1
17140,United Kingdom,2011-04-06 13:33:00,2011-04-06 13:33:00,248,1,454.12,454.12,296,0,3,At Risk,4
17142,United Kingdom,2011-04-14 18:22:00,2011-04-14 18:22:00,240,1,579.0,579.0,81,0,3,At Risk,4
17144,United Kingdom,2011-09-16 12:50:00,2011-12-08 17:57:00,2,2,984.57,492.28,483,83,1,Potential Loyalists,3
17146,United Kingdom,2010-12-16 12:20:00,2011-08-26 12:44:00,106,3,749.78,249.93,212,253,0,Loyal Customers,2
17147,United Kingdom,2011-02-01 09:36:00,2011-11-17 12:32:00,23,4,1714.59,428.65,882,289,0,Loyal Customers,2
17148,United Kingdom,2011-10-19 09:59:00,2011-10-19 09:59:00,52,1,124.88,124.88,82,0,3,At Risk,4
17152,United Kingdom,2011-03-21 16:20:00,2011-05-29 12:19:00,195,3,1689.5,563.17,517,69,0,Loyal Customers,2
17153,United Kingdom,2011-11-15 13:42:00,2011-11-15 13:42:00,25,1,213.78,213.78,104,0,1,Potential Loyalists,3
17154,United Kingdom,2011-09-25 13:42:00,2011-09-25 13:42:00,76,1,329.34,329.34,490,0,3,At Risk,4
17155,United Kingdom,2011-06-15 10:22:00,2011-11-22 12:38:00,18,2,251.7,125.85,242,160,1,Potential Loyalists,3
17157,United Kingdom,2011-06-16 15:08:00,2011-12-02 09:10:00,8,2,319.0,159.5,172,169,1,Potential Loyalists,3
17158,United Kingdom,2010-12-14 13:03:00,2011-11-07 15:15:00,33,3,1266.97,422.32,778,328,0,Loyal Customers,2
17159,United Kingdom,2011-06-21 09:49:00,2011-11-18 10:52:00,22,3,1538.88,512.96,1111,150,0,Loyal Customers,2
17160,United Kingdom,2011-04-12 12:00:00,2011-11-08 14:05:00,32,6,3518.03,586.34,2856,210,0,Loyal Customers,2
17162,United Kingdom,2011-02-07 12:27:00,2011-11-11 11:34:00,29,10,1715.46,171.55,1001,277,2,Champions,1
17163,United Kingdom,2011-09-22 15:54:00,2011-11-18 08:57:00,22,2,293.1,146.55,66,57,1,Potential Loyalists,3
17164,United Kingdom,2011-03-11 14:26:00,2011-11-07 09:14:00,33,7,2467.35,352.48,1501,241,0,Loyal Customers,2
17165,United Kingdom,2011-02-28 16:39:00,2011-02-28 16:39:00,285,1,158.68,158.68,100,0,3,At Risk,4
17166,United Kingdom,2011-05-20 08:18:00,2011-11-01 09:46:00,39,2,206.34,103.17,78,165,1,Potential Loyalists,3
17169,United Kingdom,2011-06-09 13:16:00,2011-10-13 10:25:00,58,2,835.78,417.89,526,126,0,Loyal Customers,2
17171,United Kingdom,2011-02-23 16:37:00,2011-02-23 16:37:00,290,1,224.91,224.91,185,0,3,At Risk,4
17172,United Kingdom,2011-09-22 09:36:00,2011-09-22 09:36:00,79,1,317.76,317.76,480,0,3,At Risk,4
17173,United Kingdom,2011-07-31 15:26:00,2011-12-04 14:40:00,6,8,3766.6,470.82,1122,126,2,Champions,1
17174,United Kingdom,2011-05-06 11:47:00,2011-05-06 11:47:00,218,1,59.9,59.9,41,0,3,At Risk,4
17175,United Kingdom,2011-02-16 14:56:00,2011-10-26 15:31:00,45,4,1443.69,360.92,866,252,0,Loyal Customers,2
17176,United Kingdom,2011-05-22 12:41:00,2011-05-22 12:41:00,202,1,306.13,306.13,170,0,3,At Risk,4
17179,United Kingdom,2010-12-13 14:24:00,2011-06-14 16:48:00,179,3,711.79,237.26,290,183,0,Loyal Customers,2
17180,United Kingdom,2011-01-27 18:05:00,2011-10-14 15:46:00,57,4,783.97,195.99,670,260,0,Loyal Customers,2
17181,United Kingdom,2010-12-01 12:38:00,2011-10-13 14:48:00,58,2,239.92,119.96,241,316,3,At Risk,4
17183,United Kingdom,2011-08-26 15:25:00,2011-12-02 10:07:00,8,6,3347.31,557.88,1296,98,2,Champions,1
17186,United Kingdom,2011-10-10 12:52:00,2011-10-24 10:20:00,47,2,144.0,72.0,200,14,1,Potential Loyalists,3
17187,United Kingdom,2011-04-27 12:39:00,2011-04-27 12:39:00,227,1,203.95,203.95,144,0,3,At Risk,4
17188,United Kingdom,2010-12-12 12:56:00,2011-11-28 13:53:00,12,7,2474.23,353.46,1328,351,2,Champions,1
17189,United Kingdom,2010-12-15 17:28:00,2011-08-25 19:39:00,107,2,383.75,191.88,226,253,3,At Risk,4
17190,United Kingdom,2011-05-16 15:29:00,2011-10-12 11:33:00,59,2,444.74,222.37,161,149,1,Potential Loyalists,3
17191,United Kingdom,2010-12-06 14:36:00,2011-11-11 16:58:00,29,7,2093.68,299.1,1166,340,0,Loyal Customers,2
17193,United Kingdom,2011-06-16 10:04:00,2011-11-04 12:47:00,36,7,1699.3,242.76,1254,141,0,Loyal Customers,2
17194,United Kingdom,2010-12-14 12:06:00,2011-03-11 12:05:00,274,2,262.62,131.31,119,87,3,At Risk,4
17197,United Kingdom,2011-11-10 10:32:00,2011-11-10 10:32:00,30,1,1013.01,1013.01,191,0,1,Potential Loyalists,3
17198,United Kingdom,2010-12-03 14:54:00,2011-11-16 10:39:00,24,3,692.22,230.74,357,348,1,Potential Loyalists,3
17201,United Kingdom,2011-10-17 11:55:00,2011-10-17 11:55:00,54,1,289.78,289.78,231,0,3,At Risk,4
17203,United Kingdom,2011-10-10 14:37:00,2011-11-04 12:27:00,36,6,3560.08,593.35,2846,25,0,Loyal Customers,2
17204,United Kingdom,2011-03-21 12:42:00,2011-06-17 14:46:00,176,4,1564.56,391.14,646,88,0,Loyal Customers,2
17205,United Kingdom,2011-10-17 12:46:00,2011-10-17 12:46:00,54,1,384.08,384.08,884,0,3,At Risk,4
17206,United Kingdom,2011-10-17 13:25:00,2011-10-17 13:25:00,54,1,204.24,204.24,76,0,3,At Risk,4
17211,United Kingdom,2010-12-05 12:44:00,2011-11-13 12:03:00,27,8,2317.22,289.65,1323,343,2,Champions,1
17212,United Kingdom,2011-03-31 19:42:00,2011-03-31 19:42:00,254,1,226.85,226.85,147,0,3,At Risk,4
17213,United Kingdom,2010-12-08 13:03:00,2011-10-30 14:53:00,41,7,2781.23,397.32,1176,326,0,Loyal Customers,2
17214,United Kingdom,2010-12-15 15:14:00,2011-10-10 13:17:00,61,6,1059.12,176.52,272,299,0,Loyal Customers,2
17217,United Kingdom,2011-04-19 17:19:00,2011-04-19 17:19:00,235,1,113.5,113.5,24,0,3,At Risk,4
17218,United Kingdom,2010-12-06 15:25:00,2011-12-05 13:52:00,5,10,1951.97,195.2,955,364,2,Champions,1
17219,United Kingdom,2011-11-08 11:25:00,2011-11-08 11:25:00,32,1,114.23,114.23,89,0,1,Potential Loyalists,3
17220,United Kingdom,2010-12-10 14:54:00,2011-11-15 13:47:00,25,14,3187.55,227.68,1897,340,2,Champions,1
17221,United Kingdom,2011-11-03 17:39:00,2011-12-02 13:35:00,8,2,334.48,167.24,287,29,1,Potential Loyalists,3
17222,United Kingdom,2011-10-05 13:58:00,2011-10-05 13:58:00,66,1,328.65,328.65,122,0,3,At Risk,4
17223,United Kingdom,2010-12-06 14:08:00,2011-02-02 15:57:00,311,2,416.89,208.44,110,58,3,At Risk,4
17226,United Kingdom,2011-02-04 11:52:00,2011-02-04 11:52:00,309,1,393.49,393.49,406,0,3,At Risk,4
17227,United Kingdom,2010-12-06 11:16:00,2011-11-21 10:51:00,19,6,939.32,156.55,741,350,0,Loyal Customers,2
17228,United Kingdom,2010-12-02 16:00:00,2011-11-24 10:24:00,16,8,1906.09,238.26,1532,357,2,Champions,1
17229,United Kingdom,2011-07-20 12:38:00,2011-09-04 13:56:00,97,2,318.76,159.38,185,46,3,At Risk,4
17230,United Kingdom,2010-12-15 11:22:00,2011-03-20 16:12:00,265,8,3638.41,454.8,1651,95,0,Loyal Customers,2
17231,United Kingdom,2010-12-13 14:16:00,2011-11-27 15:18:00,13,10,3124.72,312.47,1724,349,2,Champions,1
17232,United Kingdom,2011-11-25 12:24:00,2011-12-07 12:21:00,3,2,417.77,208.88,202,12,1,Potential Loyalists,3
17233,United Kingdom,2011-11-04 14:06:00,2011-11-04 14:06:00,36,1,190.88,190.88,131,0,1,Potential Loyalists,3
17234,United Kingdom,2011-06-10 11:20:00,2011-06-10 11:20:00,183,1,149.89,149.89,55,0,3,At Risk,4
17235,United Kingdom,2010-12-02 13:38:00,2011-11-14 15:51:00,26,2,550.06,275.03,224,347,1,Potential Loyalists,3
17236,United Kingdom,2010-12-12 11:49:00,2011-11-27 12:00:00,13,6,916.13,152.69,474,350,0,Loyal Customers,2
17237,United Kingdom,2011-11-17 12:55:00,2011-11-28 15:02:00,12,2,314.69,157.34,105,11,1,Potential Loyalists,3
17238,United Kingdom,2010-12-03 15:05:00,2011-12-07 11:35:00,3,17,3719.1,218.77,1807,369,2,Champions,1
17239,United Kingdom,2011-01-31 09:41:00,2011-01-31 09:41:00,313,1,382.5,382.5,150,0,3,At Risk,4
17242,United Kingdom,2011-06-12 13:04:00,2011-08-23 14:55:00,109,2,1135.04,567.52,611,72,0,Loyal Customers,2
17243,United Kingdom,2010-12-05 10:03:00,2011-12-08 13:26:00,2,26,8540.05,328.46,3320,368,2,Champions,1
17244,United Kingdom,2011-10-17 15:19:00,2011-10-17 15:19:00,54,1,954.9,954.9,616,0,1,Potential Loyalists,3
17245,United Kingdom,2011-05-19 10:43:00,2011-05-19 10:43:00,205,1,171.45,171.45,75,0,3,At Risk,4
17247,United Kingdom,2011-11-24 15:21:00,2011-11-24 15:21:00,16,1,280.09,280.09,105,0,1,Potential Loyalists,3
17248,United Kingdom,2011-08-11 13:34:00,2011-08-11 13:34:00,121,1,318.65,318.65,213,0,3,At Risk,4
17250,United Kingdom,2011-03-23 16:45:00,2011-12-06 12:15:00,4,2,381.97,190.98,167,258,1,Potential Loyalists,3
17251,United Kingdom,2010-12-12 11:06:00,2010-12-12 11:06:00,363,1,269.83,269.83,108,0,3,At Risk,4
17252,United Kingdom,2011-06-06 16:41:00,2011-08-15 09:45:00,117,2,348.91,174.46,192,70,3,At Risk,4
17253,United Kingdom,2011-11-21 12:59:00,2011-11-21 12:59:00,19,1,178.26,178.26,43,0,1,Potential Loyalists,3
17254,United Kingdom,2011-11-24 14:09:00,2011-12-05 12:46:00,5,2,271.19,135.6,251,11,1,Potential Loyalists,3
17255,United Kingdom,2011-02-13 15:18:00,2011-10-30 12:18:00,41,2,291.48,145.74,227,259,1,Potential Loyalists,3
17256,United Kingdom,2011-01-31 14:53:00,2011-08-24 13:30:00,108,2,240.0,120.0,141,205,3,At Risk,4
17259,United Kingdom,2010-12-06 12:55:00,2011-07-14 15:01:00,149,2,581.23,290.62,388,220,3,At Risk,4
17262,United Kingdom,2010-12-08 13:30:00,2011-10-18 12:56:00,53,5,1253.36,250.67,367,314,0,Loyal Customers,2
17263,United Kingdom,2011-05-15 14:32:00,2011-05-15 14:32:00,209,1,63.44,63.44,36,0,3,At Risk,4
17265,United Kingdom,2011-06-12 12:00:00,2011-07-24 10:49:00,139,2,550.01,275.0,389,42,3,At Risk,4
17266,United Kingdom,2011-07-15 11:57:00,2011-12-07 14:12:00,3,3,296.58,98.86,153,145,1,Potential Loyalists,3
17267,United Kingdom,2011-08-04 17:19:00,2011-08-04 17:22:00,128,2,317.2,158.6,158,0,3,At Risk,4
17268,United Kingdom,2011-04-08 13:20:00,2011-08-24 10:06:00,108,4,763.64,190.91,844,138,0,Loyal Customers,2
17272,United Kingdom,2011-03-22 12:05:00,2011-10-28 16:37:00,43,4,2148.63,537.16,1778,220,0,Loyal Customers,2
17274,United Kingdom,2011-11-04 13:16:00,2011-11-04 13:16:00,36,1,107.82,107.82,77,0,1,Potential Loyalists,3
17277,United Kingdom,2011-01-21 12:37:00,2011-04-26 12:47:00,228,2,1065.35,532.67,430,95,3,At Risk,4
17278,United Kingdom,2011-04-12 13:10:00,2011-04-12 13:10:00,242,1,246.04,246.04,179,0,3,At Risk,4
17279,United Kingdom,2011-10-13 11:58:00,2011-10-13 11:58:00,58,1,187.83,187.83,48,0,3,At Risk,4
17282,United Kingdom,2011-02-13 11:36:00,2011-08-01 14:29:00,131,3,1685.46,561.82,1866,169,0,Loyal Customers,2
17284,United Kingdom,2011-01-07 14:31:00,2011-10-10 14:38:00,61,6,1647.48,274.58,1362,276,0,Loyal Customers,2
17286,United Kingdom,2011-11-18 12:47:00,2011-11-18 12:47:00,22,1,151.37,151.37,117,0,1,Potential Loyalists,3
17287,United Kingdom,2010-12-02 12:22:00,2011-11-13 13:27:00,27,7,1049.06,149.87,556,346,0,Loyal Customers,2
17288,United Kingdom,2010-12-16 13:33:00,2011-11-30 16:09:00,10,7,1417.63,202.52,1201,349,2,Champions,1
17289,United Kingdom,2011-06-12 13:51:00,2011-11-08 12:01:00,32,3,931.02,310.34,513,149,0,Loyal Customers,2
17290,United Kingdom,2011-11-23 15:53:00,2011-12-06 12:38:00,4,2,513.01,256.5,397,13,1,Potential Loyalists,3
17291,United Kingdom,2011-02-04 13:04:00,2011-02-04 13:04:00,309,1,550.8,550.8,72,0,3,At Risk,4
17293,United Kingdom,2010-12-13 14:55:00,2011-12-01 14:37:00,9,9,1854.06,206.01,1135,353,2,Champions,1
17295,United Kingdom,2011-10-06 12:22:00,2011-11-11 10:49:00,29,3,547.0,182.33,293,36,1,Potential Loyalists,3
17297,United Kingdom,2011-11-22 14:43:00,2011-11-22 14:43:00,18,1,128.18,128.18,65,0,1,Potential Loyalists,3
17298,United Kingdom,2011-08-07 12:21:00,2011-08-30 16:43:00,102,2,498.42,249.21,387,23,3,At Risk,4
17299,United Kingdom,2011-06-19 16:04:00,2011-11-28 12:01:00,12,4,656.61,164.15,668,162,1,Potential Loyalists,3
17301,United Kingdom,2011-11-18 13:43:00,2011-11-18 13:43:00,22,1,163.24,163.24,137,0,1,Potential Loyalists,3
17302,United Kingdom,2011-02-07 10:14:00,2011-11-25 09:36:00,15,5,1135.63,227.13,575,291,0,Loyal Customers,2
17303,United Kingdom,2010-12-13 13:32:00,2010-12-13 13:32:00,362,1,250.04,250.04,144,0,3,At Risk,4
17306,United Kingdom,2010-12-21 13:34:00,2011-11-29 12:14:00,11,19,8631.31,454.28,11491,343,2,Champions,1
17309,United Kingdom,2011-09-05 15:20:00,2011-09-05 15:20:00,96,1,82.75,82.75,41,0,3,At Risk,4
17311,United Kingdom,2011-01-27 10:56:00,2011-09-22 14:11:00,79,2,1384.85,692.42,1005,238,0,Loyal Customers,2
17312,United Kingdom,2011-07-03 13:12:00,2011-07-24 11:52:00,139,3,644.3,214.77,372,21,0,Loyal Customers,2
17313,United Kingdom,2011-11-08 15:45:00,2011-11-08 15:45:00,32,1,2328.84,2328.84,1402,0,0,Loyal Customers,2
17314,United Kingdom,2011-01-31 11:25:00,2011-11-15 09:41:00,25,8,2527.92,315.99,1896,288,2,Champions,1
17315,United Kingdom,2010-12-17 12:24:00,2011-12-08 12:15:00,2,38,6281.23,165.3,3863,356,2,Champions,1
17317,United Kingdom,2011-09-11 12:45:00,2011-10-24 17:19:00,47,3,2600.34,866.78,1146,43,0,Loyal Customers,2
17320,United Kingdom,2010-12-06 15:38:00,2011-08-31 13:31:00,101,3,1200.62,400.21,634,268,0,Loyal Customers,2
17321,United Kingdom,2011-10-03 11:34:00,2011-12-01 13:41:00,9,2,657.16,328.58,364,59,1,Potential Loyalists,3
17323,United Kingdom,2011-02-20 14:38:00,2011-11-24 17:29:00,16,7,906.52,129.5,760,277,0,Loyal Customers,2
17324,United Kingdom,2010-12-08 12:45:00,2011-11-22 10:34:00,18,4,986.48,246.62,843,349,0,Loyal Customers,2
17325,United Kingdom,2011-03-04 13:09:00,2011-03-04 13:09:00,281,1,96.8,96.8,60,0,3,At Risk,4
17329,United Kingdom,2011-01-28 15:29:00,2011-11-25 14:24:00,15,2,523.11,261.56,142,301,1,Potential Loyalists,3
17330,United Kingdom,2011-10-03 11:26:00,2011-11-17 08:56:00,23,2,363.9,181.95,120,45,1,Potential Loyalists,3
17331,United Kingdom,2011-08-08 11:55:00,2011-08-08 11:55:00,124,1,175.2,175.2,16,0,3,At Risk,4
17333,United Kingdom,2011-09-15 10:11:00,2011-09-15 10:11:00,86,1,494.25,494.25,375,0,3,At Risk,4
17334,United Kingdom,2011-02-04 09:03:00,2011-02-10 14:59:00,303,2,307.02,153.51,315,6,3,At Risk,4
17337,United Kingdom,2011-02-02 17:06:00,2011-07-11 14:55:00,152,4,1981.06,495.26,1247,159,0,Loyal Customers,2
17338,United Kingdom,2010-12-13 12:57:00,2011-11-22 14:23:00,18,8,6493.54,811.69,3059,344,2,Champions,1
17339,United Kingdom,2010-12-09 14:44:00,2011-09-06 13:29:00,95,2,243.36,121.68,152,271,3,At Risk,4
17340,United Kingdom,2010-12-08 15:56:00,2011-11-10 10:45:00,30,11,12353.29,1123.03,5967,337,2,Champions,1
17341,United Kingdom,2010-12-08 12:46:00,2011-07-06 12:33:00,157,3,682.29,227.43,443,210,0,Loyal Customers,2
17343,United Kingdom,2010-12-19 15:07:00,2010-12-19 15:07:00,356,1,193.64,193.64,56,0,3,At Risk,4
17344,United Kingdom,2011-10-24 12:56:00,2011-10-24 12:56:00,47,1,157.62,157.62,65,0,3,At Risk,4
17345,United Kingdom,2011-05-27 12:26:00,2011-11-24 15:03:00,16,4,519.69,129.92,341,181,1,Potential Loyalists,3
17346,United Kingdom,2010-12-01 14:34:00,2011-12-06 12:18:00,4,15,2622.88,174.86,1617,370,2,Champions,1
17347,United Kingdom,2011-09-14 13:12:00,2011-09-14 13:12:00,87,1,228.96,228.96,216,0,3,At Risk,4
17348,United Kingdom,2011-02-15 10:49:00,2011-11-25 11:25:00,15,5,1156.6,231.32,1398,283,0,Loyal Customers,2
17349,United Kingdom,2011-06-13 14:29:00,2011-06-13 14:29:00,180,1,98.25,98.25,102,0,3,At Risk,4
17350,United Kingdom,2011-10-19 16:05:00,2011-12-01 15:47:00,9,4,1281.32,320.33,770,43,0,Loyal Customers,2
17351,United Kingdom,2011-03-11 16:05:00,2011-11-03 18:45:00,37,3,587.15,195.72,113,237,0,Loyal Customers,2
17353,United Kingdom,2011-07-08 16:17:00,2011-08-02 17:19:00,130,2,1740.0,870.0,1200,25,0,Loyal Customers,2
17354,United Kingdom,2011-10-20 10:34:00,2011-10-20 10:34:00,51,1,1393.06,1393.06,1006,0,0,Loyal Customers,2
17356,United Kingdom,2011-02-01 11:07:00,2011-02-01 11:07:00,312,1,178.22,178.22,166,0,3,At Risk,4
17357,United Kingdom,2011-11-15 16:29:00,2011-11-15 16:30:00,25,2,384.39,192.2,152,0,1,Potential Loyalists,3
17358,United Kingdom,2010-12-19 14:16:00,2011-02-09 16:57:00,304,2,360.81,180.4,190,52,3,At Risk,4
17359,United Kingdom,2011-11-28 14:37:00,2011-11-28 14:37:00,12,1,127.86,127.86,161,0,1,Potential Loyalists,3
17360,United Kingdom,2011-06-08 17:09:00,2011-11-22 13:11:00,18,3,568.24,189.41,328,167,1,Potential Loyalists,3
17361,United Kingdom,2011-02-21 09:55:00,2011-10-21 15:43:00,50,3,488.2,162.73,157,242,0,Loyal Customers,2
17362,United Kingdom,2011-02-03 10:26:00,2011-04-14 14:43:00,240,2,312.23,156.12,191,70,3,At Risk,4
17364,United Kingdom,2011-01-12 16:57:00,2011-12-09 09:00:00,1,11,4462.68,405.7,2692,331,2,Champions,1
17365,United Kingdom,2011-01-11 12:11:00,2011-11-27 12:13:00,13,8,4767.36,595.92,4749,320,2,Champions,1
17367,United Kingdom,2011-04-15 14:21:00,2011-04-15 14:21:00,239,1,167.55,167.55,149,0,3,At Risk,4
17368,United Kingdom,2011-01-06 11:57:00,2011-11-16 15:26:00,24,8,1878.87,234.86,1377,314,2,Champions,1
17370,United Kingdom,2011-06-23 11:50:00,2011-09-28 10:14:00,73,4,446.18,111.54,540,97,0,Loyal Customers,2
17371,United Kingdom,2010-12-13 15:20:00,2011-11-22 13:30:00,18,3,418.4,139.47,151,344,1,Potential Loyalists,3
17372,United Kingdom,2010-12-12 12:00:00,2011-10-30 11:37:00,41,8,1337.18,167.15,747,322,0,Loyal Customers,2
17373,United Kingdom,2011-01-31 11:46:00,2011-10-30 15:28:00,41,4,646.92,161.73,408,272,0,Loyal Customers,2
17374,United Kingdom,2011-03-03 12:53:00,2011-05-05 09:05:00,219,2,495.77,247.88,85,63,3,At Risk,4
17375,United Kingdom,2010-12-13 15:16:00,2011-05-24 15:45:00,200,3,400.1,133.37,367,162,3,At Risk,4
17376,United Kingdom,2011-02-01 14:12:00,2011-09-30 12:36:00,71,2,203.2,101.6,86,241,3,At Risk,4
17377,United Kingdom,2010-12-01 12:35:00,2011-11-16 11:17:00,24,20,4058.32,202.92,2038,350,2,Champions,1
17379,United Kingdom,2011-11-28 13:56:00,2011-11-28 13:56:00,12,1,389.72,389.72,623,0,1,Potential Loyalists,3
17381,United Kingdom,2010-12-02 12:58:00,2011-12-01 11:59:00,9,29,20275.61,699.16,25649,364,2,Champions,1
17382,United Kingdom,2011-10-05 13:05:00,2011-10-05 13:05:00,66,1,65.4,65.4,25,0,3,At Risk,4
17383,United Kingdom,2011-12-05 17:36:00,2011-12-05 17:36:00,5,1,193.39,193.39,148,0,1,Potential Loyalists,3
17384,United Kingdom,2011-05-04 16:07:00,2011-11-20 15:48:00,20,2,336.4,168.2,88,200,1,Potential Loyalists,3
17385,United Kingdom,2011-11-25 11:02:00,2011-11-25 11:02:00,15,1,256.11,256.11,197,0,1,Potential Loyalists,3
17386,United Kingdom,2011-06-27 12:11:00,2011-12-02 11:28:00,8,6,2686.42,447.74,1902,158,2,Champions,1
17387,United Kingdom,2011-11-06 11:25:00,2011-11-20 11:00:00,20,2,746.81,373.4,522,14,1,Potential Loyalists,3
17388,United Kingdom,2011-02-25 12:28:00,2011-09-23 10:31:00,78,4,1259.56,314.89,1068,210,0,Loyal Customers,2
17389,United Kingdom,2011-01-12 15:48:00,2011-12-09 09:38:00,1,34,31833.68,936.28,7612,331,2,Champions,1
17391,United Kingdom,2011-06-28 12:21:00,2011-06-29 09:58:00,164,2,508.8,254.4,480,1,3,At Risk,4
17392,United Kingdom,2010-12-16 19:04:00,2011-02-06 12:48:00,307,2,417.27,208.64,277,52,3,At Risk,4
17394,United Kingdom,2011-05-04 13:22:00,2011-05-04 13:22:00,220,1,203.87,203.87,241,0,3,At Risk,4
17396,United Kingdom,2010-12-03 09:45:00,2011-10-31 14:12:00,40,8,7330.8,916.35,2005,332,2,Champions,1
17397,United Kingdom,2011-11-17 13:58:00,2011-11-17 14:08:00,23,2,681.41,340.7,250,0,1,Potential Loyalists,3
17398,United Kingdom,2011-03-29 13:04:00,2011-08-17 09:48:00,115,3,653.38,217.79,310,141,0,Loyal Customers,2
17400,United Kingdom,2010-12-21 17:16:00,2011-08-05 15:38:00,127,5,2097.84,419.57,1088,227,0,Loyal Customers,2
17402,United Kingdom,2010-12-05 13:53:00,2011-12-05 10:15:00,5,13,2633.85,202.6,701,365,2,Champions,1
17403,United Kingdom,2011-11-03 15:18:00,2011-11-03 15:18:00,37,1,263.92,263.92,111,0,1,Potential Loyalists,3
17404,Sweden,2010-12-14 13:28:00,2011-12-05 16:26:00,5,15,31906.82,2127.12,32748,356,2,Champions,1
17405,United Kingdom,2011-07-12 14:17:00,2011-12-08 17:12:00,2,3,1031.41,343.8,726,149,1,Potential Loyalists,3
17406,United Kingdom,2010-12-08 10:35:00,2011-01-10 15:07:00,334,3,2184.42,728.14,780,33,0,Loyal Customers,2
17408,United Kingdom,2011-06-29 12:53:00,2011-06-29 12:53:00,164,1,32.65,32.65,3,0,3,At Risk,4
17409,United Kingdom,2011-04-05 16:42:00,2011-06-08 10:36:00,185,2,771.85,385.92,105,64,3,At Risk,4
17410,United Kingdom,2011-05-08 15:21:00,2011-11-23 15:46:00,17,5,1214.72,242.94,616,199,0,Loyal Customers,2
17411,United Kingdom,2011-03-23 13:44:00,2011-11-27 14:25:00,13,3,778.94,259.65,306,249,1,Potential Loyalists,3
17412,United Kingdom,2010-12-02 16:29:00,2011-12-07 11:36:00,3,7,1258.06,179.72,738,370,2,Champions,1
17414,United Kingdom,2011-06-08 11:43:00,2011-10-27 12:13:00,44,2,778.0,389.0,2100,141,0,Loyal Customers,2
17415,United Kingdom,2011-09-21 12:50:00,2011-09-21 12:50:00,80,1,507.84,507.84,114,0,3,At Risk,4
17416,United Kingdom,2011-03-03 13:45:00,2011-11-10 12:47:00,30,7,6893.42,984.77,4302,252,2,Champions,1
17418,United Kingdom,2011-01-20 11:39:00,2011-10-28 13:00:00,43,2,463.46,231.73,289,281,1,Potential Loyalists,3
17419,United Kingdom,2010-12-07 15:03:00,2011-11-28 13:47:00,12,12,4226.57,352.21,1876,356,2,Champions,1
17420,United Kingdom,2010-12-01 09:56:00,2011-10-20 14:52:00,51,3,598.83,199.61,265,323,0,Loyal Customers,2
17422,United Kingdom,2011-02-16 14:44:00,2011-11-23 13:27:00,17,6,1979.37,329.9,2253,280,0,Loyal Customers,2
17423,United Kingdom,2011-05-06 09:14:00,2011-10-24 13:36:00,47,2,698.41,349.2,459,171,1,Potential Loyalists,3
17425,United Kingdom,2011-10-10 11:37:00,2011-11-20 15:30:00,20,2,759.17,379.58,407,41,1,Potential Loyalists,3
17426,United Kingdom,2011-03-02 16:34:00,2011-12-01 18:07:00,9,6,5037.26,839.54,3094,274,2,Champions,1
17427,United Kingdom,2011-09-29 11:29:00,2011-09-29 11:29:00,72,1,100.8,100.8,34,0,3,At Risk,4
17428,United Kingdom,2010-12-06 09:37:00,2011-12-09 09:45:00,1,28,17256.85,616.32,9474,368,2,Champions,1
17429,United Kingdom,2011-05-05 09:53:00,2011-08-03 13:22:00,129,3,524.92,174.97,624,90,3,At Risk,4
17430,United Kingdom,2010-12-09 13:05:00,2011-11-07 09:24:00,33,2,265.76,132.88,190,333,1,Potential Loyalists,3
17431,United Kingdom,2011-01-30 14:36:00,2011-01-30 14:36:00,314,1,403.3,403.3,292,0,3,At Risk,4
17432,United Kingdom,2011-11-02 17:30:00,2011-11-21 17:33:00,19,2,365.76,182.88,207,19,1,Potential Loyalists,3
17433,United Kingdom,2011-09-12 14:24:00,2011-09-12 14:24:00,89,1,303.16,303.16,185,0,3,At Risk,4
17434,United Kingdom,2011-09-15 13:54:00,2011-12-07 13:16:00,3,7,2373.82,339.12,1693,83,2,Champions,1
17436,United Kingdom,2011-04-27 11:33:00,2011-12-08 12:30:00,2,2,216.3,108.15,90,225,1,Potential Loyalists,3
17438,United Kingdom,2011-03-31 10:26:00,2011-03-31 10:26:00,254,1,388.45,388.45,103,0,3,At Risk,4
17440,United Kingdom,2011-04-06 12:05:00,2011-07-06 11:54:00,157,3,186.42,62.14,246,91,3,At Risk,4
17442,United Kingdom,2011-02-22 13:02:00,2011-11-03 09:17:00,37,6,2248.56,374.76,1496,254,0,Loyal Customers,2
17443,Canada,2011-05-04 10:47:00,2011-05-04 10:47:00,220,1,534.24,534.24,504,0,3,At Risk,4
17444,Canada,2011-06-20 09:04:00,2011-07-15 12:05:00,148,3,2940.04,980.01,2119,25,0,Loyal Customers,2
17446,United Kingdom,2011-02-02 14:40:00,2011-06-16 10:42:00,177,2,120.9,60.45,198,134,3,At Risk,4
17447,United Kingdom,2011-09-29 10:10:00,2011-10-30 14:18:00,41,2,541.53,270.76,443,31,1,Potential Loyalists,3
17449,United Kingdom,2010-12-15 10:57:00,2011-12-07 16:56:00,3,7,2519.21,359.89,1121,357,2,Champions,1
17450,United Kingdom,2010-12-07 09:23:00,2011-12-01 13:29:00,9,46,194390.79,4225.89,69973,359,2,Champions,1
17451,United Kingdom,2011-08-26 11:54:00,2011-12-08 15:02:00,2,7,1721.4,245.91,1203,104,2,Champions,1
17453,United Kingdom,2011-10-06 17:02:00,2011-11-22 09:42:00,18,2,486.72,243.36,219,47,1,Potential Loyalists,3
17454,United Kingdom,2010-12-15 10:54:00,2011-05-31 13:58:00,193,4,517.53,129.38,243,167,0,Loyal Customers,2
17455,United Kingdom,2011-05-20 12:31:00,2011-05-20 12:31:00,204,1,131.7,131.7,66,0,3,At Risk,4
17456,United Kingdom,2010-12-09 15:23:00,2010-12-09 15:23:00,366,1,249.86,249.86,222,0,3,At Risk,4
17457,United Kingdom,2011-01-04 14:33:00,2011-08-05 12:48:00,127,5,1737.7,347.54,826,213,0,Loyal Customers,2
17458,United Kingdom,2011-11-24 13:01:00,2011-11-24 13:01:00,16,1,316.5,316.5,170,0,1,Potential Loyalists,3
17459,United Kingdom,2011-10-10 17:00:00,2011-10-27 13:25:00,44,2,657.3,328.65,537,17,1,Potential Loyalists,3
17460,United Kingdom,2010-12-01 16:24:00,2011-09-06 15:04:00,95,6,622.43,103.74,236,279,0,Loyal Customers,2
17461,United Kingdom,2011-11-10 12:01:00,2011-11-17 10:21:00,23,3,735.82,245.27,770,7,1,Potential Loyalists,3
17462,United Kingdom,2011-02-28 17:01:00,2011-10-10 13:56:00,61,2,675.69,337.84,227,224,0,Loyal Customers,2
17463,United Kingdom,2011-01-30 15:48:00,2011-11-23 13:40:00,17,5,1875.86,375.17,1086,297,0,Loyal Customers,2
17464,United Kingdom,2011-07-04 13:19:00,2011-07-04 13:19:00,159,1,289.96,289.96,220,0,3,At Risk,4
17466,United Kingdom,2011-09-22 09:16:00,2011-11-29 13:15:00,11,2,763.28,381.64,306,68,1,Potential Loyalists,3
17468,United Kingdom,2011-11-25 12:52:00,2011-11-29 15:33:00,11,2,137.0,68.5,116,4,1,Potential Loyalists,3
17469,United Kingdom,2011-05-19 08:55:00,2011-11-23 13:15:00,17,5,1870.97,374.19,787,188,0,Loyal Customers,2
17470,United Kingdom,2010-12-07 09:57:00,2011-10-26 12:42:00,45,5,1125.07,225.01,1675,323,0,Loyal Customers,2
17472,United Kingdom,2011-02-13 14:40:00,2011-06-01 14:57:00,192,3,697.54,232.51,455,108,3,At Risk,4
17475,United Kingdom,2011-09-21 14:55:00,2011-09-21 14:55:00,80,1,194.37,194.37,178,0,3,At Risk,4
17480,United Kingdom,2011-09-23 11:39:00,2011-09-23 11:39:00,78,1,511.82,511.82,338,0,3,At Risk,4
17481,United Kingdom,2011-09-07 09:57:00,2011-12-06 12:28:00,4,4,1255.59,313.9,1061,90,1,Potential Loyalists,3
17483,United Kingdom,2011-06-09 19:40:00,2011-10-05 13:10:00,66,3,414.04,138.01,191,118,0,Loyal Customers,2
17486,United Kingdom,2011-03-23 14:00:00,2011-03-23 14:00:00,262,1,396.87,396.87,191,0,3,At Risk,4
17489,United Kingdom,2011-05-11 11:34:00,2011-10-12 08:56:00,59,2,376.64,188.32,428,154,3,At Risk,4
17490,United Kingdom,2011-06-16 09:15:00,2011-12-09 09:08:00,1,7,2092.32,298.9,1134,176,2,Champions,1
17491,United Kingdom,2010-12-07 12:18:00,2011-12-08 16:18:00,2,10,3558.87,355.89,2013,366,2,Champions,1
17492,United Kingdom,2011-04-05 15:21:00,2011-04-05 15:21:00,249,1,374.57,374.57,155,0,3,At Risk,4
17495,United Kingdom,2011-11-01 12:06:00,2011-12-02 12:08:00,8,2,497.56,248.78,229,31,1,Potential Loyalists,3
17496,United Kingdom,2010-12-16 08:39:00,2010-12-16 08:39:00,359,1,271.05,271.05,79,0,3,At Risk,4
17498,United Kingdom,2011-09-25 12:25:00,2011-09-25 12:25:00,76,1,272.22,272.22,394,0,3,At Risk,4
17499,United Kingdom,2011-02-23 09:14:00,2011-02-23 09:14:00,290,1,622.88,622.88,711,0,3,At Risk,4
17500,United Kingdom,2011-11-10 09:08:00,2011-11-22 14:25:00,18,3,1138.0,379.33,17,12,0,Loyal Customers,2
17501,United Kingdom,2011-05-03 09:46:00,2011-05-03 09:47:00,221,2,288.6,144.3,160,0,3,At Risk,4
17502,United Kingdom,2011-11-10 16:39:00,2011-11-30 13:13:00,10,4,689.1,172.28,376,20,1,Potential Loyalists,3
17503,United Kingdom,2011-11-01 11:12:00,2011-12-07 09:18:00,3,2,558.96,279.48,486,36,1,Potential Loyalists,3
17504,United Kingdom,2011-01-21 11:09:00,2011-05-17 12:59:00,207,9,2997.03,333.0,1664,116,0,Loyal Customers,2
17505,United Kingdom,2011-05-18 09:01:00,2011-07-01 12:50:00,162,2,1145.84,572.92,556,44,0,Loyal Customers,2
17506,United Kingdom,2011-09-25 11:39:00,2011-09-25 11:39:00,76,1,302.2,302.2,139,0,3,At Risk,4
17507,United Kingdom,2011-02-03 18:08:00,2011-03-23 11:48:00,262,2,605.58,302.79,359,48,3,At Risk,4
17508,Greece,2011-03-04 08:10:00,2011-03-04 08:10:00,281,1,387.31,387.31,289,0,3,At Risk,4
17509,United Kingdom,2011-10-07 13:14:00,2011-10-13 10:26:00,58,8,6083.64,760.46,3512,6,0,Loyal Customers,2
17510,United Kingdom,2011-11-15 10:00:00,2011-11-15 10:00:00,25,1,308.48,308.48,214,0,1,Potential Loyalists,3
17511,United Kingdom,2010-12-01 10:19:00,2011-12-07 10:12:00,3,31,91062.38,2937.5,64549,371,2,Champions,1
17512,United Kingdom,2011-02-11 12:22:00,2011-11-11 12:11:00,29,10,2924.99,292.5,2753,273,2,Champions,1
17513,United Kingdom,2011-09-28 16:42:00,2011-09-28 16:42:00,73,1,513.2,513.2,254,0,3,At Risk,4
17514,United Kingdom,2011-08-03 15:45:00,2011-08-03 15:45:00,129,1,208.65,208.65,135,0,3,At Risk,4
17515,United Kingdom,2011-01-25 14:33:00,2011-11-08 14:04:00,32,4,639.02,159.76,243,287,0,Loyal Customers,2
17516,United Kingdom,2011-02-27 12:41:00,2011-11-24 16:51:00,16,5,764.88,152.98,414,270,0,Loyal Customers,2
17517,United Kingdom,2011-02-04 11:48:00,2011-02-04 11:48:00,309,1,153.94,153.94,102,0,3,At Risk,4
17519,United Kingdom,2010-12-06 15:18:00,2011-11-22 16:43:00,18,6,1844.02,307.34,1236,351,0,Loyal Customers,2
17520,United Kingdom,2011-10-17 12:04:00,2011-10-17 12:04:00,54,1,546.81,546.81,365,0,1,Potential Loyalists,3
17521,United Kingdom,2011-05-24 15:14:00,2011-11-10 11:22:00,30,3,723.21,241.07,519,170,0,Loyal Customers,2
17522,United Kingdom,2011-05-05 16:31:00,2011-12-08 12:31:00,2,5,1070.71,214.14,1034,217,2,Champions,1
17523,United Kingdom,2011-11-20 13:40:00,2011-11-28 13:20:00,12,4,652.74,163.18,872,8,1,Potential Loyalists,3
17524,United Kingdom,2010-12-13 14:32:00,2010-12-13 14:32:00,362,1,145.0,145.0,90,0,3,At Risk,4
17525,United Kingdom,2010-12-15 12:05:00,2010-12-15 12:05:00,360,1,422.7,422.7,82,0,3,At Risk,4
17526,United Kingdom,2010-12-09 12:20:00,2011-12-05 11:05:00,5,4,1195.9,298.98,310,361,1,Potential Loyalists,3
17527,United Kingdom,2011-05-05 13:43:00,2011-10-17 12:32:00,54,4,939.37,234.84,488,165,0,Loyal Customers,2
17528,United Kingdom,2011-09-29 13:04:00,2011-12-08 13:27:00,2,8,3628.5,453.56,2138,70,2,Champions,1
17530,United Kingdom,2010-12-09 20:01:00,2011-12-08 18:42:00,2,10,2367.12,236.71,1514,364,2,Champions,1
17531,United Kingdom,2011-06-02 19:17:00,2011-06-02 19:17:00,191,1,296.7,296.7,136,0,3,At Risk,4
17534,United Kingdom,2011-10-17 12:47:00,2011-10-17 12:47:00,54,1,223.36,223.36,103,0,3,At Risk,4
17535,United Kingdom,2011-03-04 15:20:00,2011-03-04 15:20:00,281,1,164.4,164.4,136,0,3,At Risk,4
17536,United Kingdom,2011-06-15 13:23:00,2011-06-15 13:23:00,178,1,76.5,76.5,6,0,3,At Risk,4
17537,United Kingdom,2011-02-09 13:37:00,2011-11-10 10:56:00,30,2,887.67,443.84,699,274,1,Potential Loyalists,3
17538,United Kingdom,2011-11-14 12:12:00,2011-11-14 12:12:00,26,1,98.42,98.42,134,0,1,Potential Loyalists,3
17540,United Kingdom,2011-01-27 14:35:00,2011-11-15 11:56:00,25,2,578.9,289.45,194,292,1,Potential Loyalists,3
17542,United Kingdom,2011-03-15 11:45:00,2011-03-15 11:45:00,270,1,170.75,170.75,134,0,3,At Risk,4
17545,United Kingdom,2011-10-27 13:48:00,2011-10-27 14:04:00,44,3,642.32,214.11,337,0,0,Loyal Customers,2
17548,United Kingdom,2011-04-20 12:01:00,2011-04-20 12:01:00,234,1,103.3,103.3,58,0,3,At Risk,4
17549,United Kingdom,2011-10-19 10:05:00,2011-11-16 09:59:00,24,2,148.86,74.43,210,28,1,Potential Loyalists,3
17550,United Kingdom,2011-04-10 15:19:00,2011-05-26 14:09:00,198,3,267.16,89.05,86,46,3,At Risk,4
17551,United Kingdom,2010-12-15 14:12:00,2010-12-15 14:12:00,360,1,290.34,290.34,142,0,3,At Risk,4
17552,United Kingdom,2010-12-02 18:45:00,2011-10-10 17:00:00,61,4,930.41,232.6,719,312,0,Loyal Customers,2
17553,United Kingdom,2011-08-02 10:00:00,2011-08-02 10:00:00,130,1,1487.6,1487.6,1048,0,3,At Risk,4
17554,United Kingdom,2011-07-14 20:01:00,2011-12-08 14:15:00,2,5,1952.45,390.49,1763,147,2,Champions,1
17555,United Kingdom,2011-01-09 12:31:00,2011-11-20 12:22:00,20,2,480.31,240.16,348,315,1,Potential Loyalists,3
17556,United Kingdom,2011-05-18 10:48:00,2011-05-18 10:48:00,206,1,157.9,157.9,101,0,3,At Risk,4
17557,United Kingdom,2011-09-19 14:23:00,2011-11-25 12:57:00,15,3,541.46,180.49,306,67,1,Potential Loyalists,3
17560,United Kingdom,2011-02-02 11:14:00,2011-09-06 09:18:00,95,4,854.95,213.74,635,216,0,Loyal Customers,2
17561,United Kingdom,2011-11-20 12:53:00,2011-11-20 12:53:00,20,1,165.12,165.12,144,0,1,Potential Loyalists,3
17562,United Kingdom,2011-06-19 13:06:00,2011-11-25 14:21:00,15,7,1122.38,160.34,817,159,0,Loyal Customers,2
17564,United Kingdom,2011-09-20 14:00:00,2011-11-15 13:27:00,25,3,454.01,151.34,146,56,1,Potential Loyalists,3
17566,United Kingdom,2011-11-14 13:42:00,2011-12-01 19:54:00,9,2,869.77,434.88,497,17,1,Potential Loyalists,3
17567,United Kingdom,2010-12-02 15:18:00,2011-12-02 15:48:00,8,8,4331.48,541.43,2632,365,2,Champions,1
17569,United Kingdom,2011-01-11 14:15:00,2011-01-11 14:15:00,333,1,344.14,344.14,159,0,3,At Risk,4
17571,United Kingdom,2011-02-14 15:15:00,2011-10-20 15:57:00,51,4,1425.67,356.42,876,248,0,Loyal Customers,2
17572,United Kingdom,2010-12-01 12:51:00,2011-09-29 17:53:00,72,4,226.75,56.69,95,302,3,At Risk,4
17573,United Kingdom,2011-09-07 10:36:00,2011-11-10 13:01:00,30,3,380.6,126.87,308,64,1,Potential Loyalists,3
17574,United Kingdom,2011-04-11 09:47:00,2011-04-11 09:47:00,243,1,185.65,185.65,77,0,3,At Risk,4
17576,United Kingdom,2010-12-09 16:57:00,2011-12-01 17:56:00,9,19,3564.83,187.62,1967,357,2,Champions,1
17578,United Kingdom,2011-05-05 18:38:00,2011-05-05 18:38:00,219,1,143.46,143.46,138,0,3,At Risk,4
17579,United Kingdom,2011-06-13 14:12:00,2011-12-05 12:28:00,5,3,448.9,149.63,258,175,1,Potential Loyalists,3
17580,United Kingdom,2010-12-16 15:27:00,2011-04-01 12:41:00,253,3,215.72,71.91,88,106,3,At Risk,4
17581,United Kingdom,2010-12-02 14:47:00,2011-12-09 12:21:00,1,25,11025.24,441.01,5915,372,2,Champions,1
17582,United Kingdom,2011-04-17 13:18:00,2011-04-17 13:18:00,237,1,175.27,175.27,123,0,3,At Risk,4
17584,United Kingdom,2011-08-04 14:12:00,2011-12-02 17:12:00,8,2,1242.3,621.15,458,120,1,Potential Loyalists,3
17585,United Kingdom,2011-01-05 15:09:00,2011-08-22 13:30:00,110,4,1116.68,279.17,1650,229,0,Loyal Customers,2
17588,United Kingdom,2011-04-21 10:31:00,2011-08-31 13:37:00,101,3,1240.2,413.4,676,132,0,Loyal Customers,2
17589,United Kingdom,2011-04-13 13:47:00,2011-10-10 16:58:00,61,4,2404.17,601.04,1631,180,0,Loyal Customers,2
17590,United Kingdom,2011-10-30 14:05:00,2011-12-07 12:55:00,3,3,1468.02,489.34,822,38,1,Potential Loyalists,3
17591,United Kingdom,2010-12-07 15:39:00,2011-09-27 13:42:00,74,7,2203.67,314.81,1000,294,0,Loyal Customers,2
17593,United Kingdom,2010-12-22 10:29:00,2011-12-06 10:30:00,4,5,3923.86,784.77,3089,349,2,Champions,1
17594,United Kingdom,2011-03-30 10:32:00,2011-09-15 16:34:00,86,2,993.18,496.59,550,169,0,Loyal Customers,2
17595,United Kingdom,2011-11-02 16:19:00,2011-11-27 16:08:00,13,2,386.69,193.34,228,25,1,Potential Loyalists,3
17596,United Kingdom,2010-12-06 12:34:00,2011-11-16 14:11:00,24,7,2806.69,400.96,4376,345,2,Champions,1
17597,United Kingdom,2011-05-10 11:54:00,2011-05-10 11:54:00,214,1,2044.37,2044.37,1176,0,3,At Risk,4
17600,United Kingdom,2011-11-22 09:43:00,2011-11-22 09:43:00,18,1,161.67,161.67,144,0,1,Potential Loyalists,3
17601,United Kingdom,2011-04-14 18:02:00,2011-04-14 18:02:00,240,1,116.01,116.01,103,0,3,At Risk,4
17602,United Kingdom,2011-01-19 16:18:00,2011-12-07 13:53:00,3,6,5054.42,842.4,4116,322,2,Champions,1
17603,United Kingdom,2011-09-22 14:18:00,2011-09-22 14:18:00,79,1,394.72,394.72,74,0,3,At Risk,4
17604,United Kingdom,2011-01-31 15:09:00,2011-05-06 13:43:00,218,2,309.36,154.68,169,95,3,At Risk,4
17608,United Kingdom,2011-11-06 13:00:00,2011-11-06 13:06:00,34,2,191.99,96.0,229,0,1,Potential Loyalists,3
17609,United Kingdom,2011-01-16 16:23:00,2011-10-30 12:28:00,41,5,1105.78,221.16,719,287,0,Loyal Customers,2
17611,United Kingdom,2010-12-13 13:52:00,2011-12-02 13:29:00,8,15,3961.12,264.07,2550,354,2,Champions,1
17612,United Kingdom,2011-02-15 10:40:00,2011-10-17 14:59:00,54,6,2048.45,341.41,1808,244,0,Loyal Customers,2
17613,United Kingdom,2011-02-07 11:20:00,2011-11-17 10:51:00,23,14,4544.55,324.61,2490,283,2,Champions,1
17614,United Kingdom,2011-10-13 16:01:00,2011-10-13 16:01:00,58,1,386.32,386.32,235,0,3,At Risk,4
17615,United Kingdom,2011-05-01 15:33:00,2011-08-01 14:06:00,131,3,329.6,109.87,140,92,3,At Risk,4
17616,United Kingdom,2010-12-07 10:04:00,2011-06-19 10:11:00,174,3,571.2,190.4,224,194,3,At Risk,4
17618,United Kingdom,2010-12-12 16:05:00,2011-12-04 11:50:00,6,3,930.28,310.09,319,357,1,Potential Loyalists,3
17619,United Kingdom,2011-01-31 14:18:00,2011-01-31 14:18:00,313,1,214.37,214.37,124,0,3,At Risk,4
17620,United Kingdom,2011-10-11 12:08:00,2011-10-11 12:08:00,60,1,81.44,81.44,60,0,3,At Risk,4
17621,United Kingdom,2010-12-20 13:31:00,2011-11-18 17:11:00,22,3,1379.9,459.97,514,333,0,Loyal Customers,2
17623,United Kingdom,2011-11-07 11:32:00,2011-11-07 11:32:00,33,1,527.05,527.05,265,0,1,Potential Loyalists,3
17624,United Kingdom,2011-05-05 17:59:00,2011-11-25 10:52:00,15,2,843.48,421.74,554,204,1,Potential Loyalists,3
17625,United Kingdom,2011-03-27 12:21:00,2011-11-21 13:36:00,19,4,2020.4,505.1,1180,239,0,Loyal Customers,2
17628,United Kingdom,2011-09-19 15:21:00,2011-09-19 15:21:00,82,1,75.75,75.75,79,0,3,At Risk,4
17629,United Kingdom,2010-12-15 09:58:00,2011-12-04 10:56:00,6,8,1814.12,226.76,1629,354,2,Champions,1
17630,United Kingdom,2011-04-21 14:03:00,2011-06-23 11:58:00,170,2,503.6,251.8,158,63,3,At Risk,4
17631,United Kingdom,2011-04-21 13:22:00,2011-12-08 09:47:00,2,3,528.33,176.11,334,231,1,Potential Loyalists,3
17633,United Kingdom,2011-08-11 15:43:00,2011-11-08 13:25:00,32,4,1324.84,331.21,644,89,0,Loyal Customers,2
17634,United Kingdom,2011-01-06 12:45:00,2011-11-03 13:09:00,37,9,2358.59,262.07,838,301,0,Loyal Customers,2
17636,United Kingdom,2011-11-20 14:40:00,2011-11-20 14:40:00,20,1,285.56,285.56,182,0,1,Potential Loyalists,3
17637,United Kingdom,2011-08-16 13:25:00,2011-11-08 12:51:00,32,2,547.06,273.53,280,84,1,Potential Loyalists,3
17639,United Kingdom,2011-03-08 15:22:00,2011-03-08 15:22:00,277,1,108.5,108.5,49,0,3,At Risk,4
17640,United Kingdom,2011-09-14 09:13:00,2011-09-14 09:13:00,87,1,621.66,621.66,250,0,3,At Risk,4
17642,United Kingdom,2011-06-16 12:55:00,2011-08-12 09:11:00,120,2,712.29,356.14,474,57,3,At Risk,4
17643,United Kingdom,2010-12-01 14:38:00,2010-12-01 14:38:00,374,1,101.55,101.55,71,0,3,At Risk,4
17644,United Kingdom,2011-03-24 09:44:00,2011-12-08 13:43:00,2,11,2895.64,263.24,1793,259,2,Champions,1
17646,United Kingdom,2010-12-09 14:28:00,2011-05-04 13:17:00,220,3,1008.39,336.13,323,146,0,Loyal Customers,2
17647,United Kingdom,2011-10-05 15:38:00,2011-10-05 15:38:00,66,1,133.06,133.06,30,0,3,At Risk,4
17648,United Kingdom,2011-04-04 10:29:00,2011-10-10 09:41:00,61,4,1797.5,449.38,487,189,0,Loyal Customers,2
17649,United Kingdom,2011-07-24 15:53:00,2011-07-24 15:53:00,139,1,868.49,868.49,399,0,3,At Risk,4
17650,United Kingdom,2011-11-18 14:52:00,2011-11-18 14:52:00,22,1,166.08,166.08,150,0,1,Potential Loyalists,3
17651,United Kingdom,2011-06-15 15:57:00,2011-11-28 10:29:00,12,10,3945.0,394.5,3112,166,2,Champions,1
17652,United Kingdom,2011-03-03 14:05:00,2011-11-14 12:55:00,26,12,4867.72,405.64,2509,256,2,Champions,1
17653,United Kingdom,2011-08-11 15:24:00,2011-11-03 12:46:00,37,4,1207.56,301.89,1409,84,0,Loyal Customers,2
17654,United Kingdom,2011-03-07 13:17:00,2011-03-07 13:17:00,278,1,117.55,117.55,41,0,3,At Risk,4
17655,United Kingdom,2010-12-08 16:45:00,2011-11-29 11:34:00,11,7,2638.94,376.99,1116,356,2,Champions,1
17656,United Kingdom,2011-08-03 10:45:00,2011-09-27 13:04:00,74,5,1674.69,334.94,1399,55,0,Loyal Customers,2
17658,United Kingdom,2011-05-12 15:23:00,2011-11-14 12:07:00,26,2,595.42,297.71,616,186,1,Potential Loyalists,3
17659,United Kingdom,2010-12-02 16:46:00,2011-11-22 13:29:00,18,12,2999.46,249.96,1525,355,2,Champions,1
17660,United Kingdom,2011-07-21 13:37:00,2011-07-21 13:37:00,142,1,178.75,178.75,121,0,3,At Risk,4
17663,United Kingdom,2011-02-25 14:11:00,2011-11-14 08:56:00,26,7,1802.91,257.56,797,262,0,Loyal Customers,2
17664,United Kingdom,2011-05-11 14:17:00,2011-11-21 11:29:00,19,2,604.64,302.32,604,194,1,Potential Loyalists,3
17666,United Kingdom,2011-10-05 11:06:00,2011-12-06 09:06:00,4,2,728.16,364.08,596,62,1,Potential Loyalists,3
17667,United Kingdom,2011-02-14 09:24:00,2011-10-04 14:32:00,67,5,2055.51,411.1,1033,232,0,Loyal Customers,2
17668,United Kingdom,2011-11-01 14:45:00,2011-12-08 13:25:00,2,2,347.75,173.88,93,37,1,Potential Loyalists,3
17669,United Kingdom,2011-04-04 10:11:00,2011-10-28 08:53:00,43,7,3406.72,486.67,1916,207,0,Loyal Customers,2
17670,United Kingdom,2011-04-26 09:12:00,2011-04-26 09:12:00,228,1,205.7,205.7,110,0,3,At Risk,4
17671,United Kingdom,2010-12-09 14:27:00,2011-11-24 12:21:00,16,4,1572.71,393.18,772,350,0,Loyal Customers,2
17672,United Kingdom,2011-02-03 13:29:00,2011-10-20 14:18:00,51,2,3178.17,1589.08,1690,259,0,Loyal Customers,2
17673,United Kingdom,2011-01-23 15:16:00,2011-12-08 12:50:00,2,6,1594.97,265.83,1462,319,2,Champions,1
17674,United Kingdom,2010-12-06 10:20:00,2011-09-26 13:35:00,75,2,551.04,275.52,672,294,3,At Risk,4
17675,United Kingdom,2010-12-07 13:22:00,2011-12-08 18:03:00,2,31,20374.28,657.23,8360,366,2,Champions,1
17676,United Kingdom,2010-12-08 13:49:00,2011-12-05 15:16:00,5,6,1371.18,228.53,922,362,2,Champions,1
17677,United Kingdom,2010-12-06 08:42:00,2011-12-08 09:56:00,2,30,16345.38,544.85,9772,367,2,Champions,1
17678,United Kingdom,2011-03-21 11:52:00,2011-03-21 11:52:00,264,1,298.11,298.11,207,0,3,At Risk,4
17679,United Kingdom,2011-09-15 10:35:00,2011-10-18 07:43:00,53,2,1992.11,996.06,729,33,0,Loyal Customers,2
17680,United Kingdom,2011-11-16 12:42:00,2011-11-16 12:42:00,24,1,184.4,184.4,96,0,1,Potential Loyalists,3
17682,United Kingdom,2010-12-06 13:35:00,2011-11-29 15:59:00,11,6,2474.33,412.39,1367,358,2,Champions,1
17684,United Kingdom,2011-10-27 11:10:00,2011-10-27 11:10:00,44,1,239.41,239.41,145,0,1,Potential Loyalists,3
17685,United Kingdom,2010-12-02 14:42:00,2011-11-23 11:36:00,17,7,3155.83,450.83,1907,356,2,Champions,1
17686,United Kingdom,2011-02-10 10:18:00,2011-12-02 15:39:00,8,7,5739.46,819.92,2478,295,2,Champions,1
17690,United Kingdom,2010-12-01 16:15:00,2011-11-09 15:17:00,31,15,4726.8,315.12,1769,343,2,Champions,1
17691,United Kingdom,2010-12-06 11:10:00,2010-12-16 17:20:00,359,2,290.4,145.2,134,10,3,At Risk,4
17692,United Kingdom,2010-12-15 13:37:00,2011-08-04 14:01:00,128,4,740.94,185.24,672,232,0,Loyal Customers,2
17693,United Kingdom,2011-07-25 15:48:00,2011-07-25 15:48:00,138,1,200.47,200.47,231,0,3,At Risk,4
17694,United Kingdom,2011-07-21 12:00:00,2011-07-21 12:00:00,142,1,283.12,283.12,184,0,3,At Risk,4
17695,United Kingdom,2011-06-21 12:35:00,2011-07-31 10:40:00,132,2,765.34,382.67,779,40,3,At Risk,4
17696,United Kingdom,2010-12-10 09:51:00,2011-11-01 13:43:00,39,8,2285.71,285.71,1756,326,0,Loyal Customers,2
17697,United Kingdom,2011-04-17 15:40:00,2011-04-17 15:40:00,237,1,338.95,338.95,93,0,3,At Risk,4
17698,United Kingdom,2011-03-24 11:34:00,2011-03-24 11:34:00,261,1,154.95,154.95,93,0,3,At Risk,4
17700,United Kingdom,2011-03-03 16:34:00,2011-11-23 11:51:00,17,4,2534.64,633.66,1266,265,0,Loyal Customers,2
17701,United Kingdom,2011-04-01 12:25:00,2011-04-01 12:25:00,253,1,417.95,417.95,109,0,3,At Risk,4
17702,United Kingdom,2011-05-17 16:23:00,2011-11-09 16:03:00,31,4,1824.37,456.09,1353,176,0,Loyal Customers,2
17703,United Kingdom,2011-07-24 13:30:00,2011-11-04 15:51:00,36,3,798.74,266.25,590,103,0,Loyal Customers,2
17704,United Kingdom,2011-04-14 09:28:00,2011-06-24 09:40:00,169,2,885.19,442.6,343,71,3,At Risk,4
17705,United Kingdom,2011-02-11 10:57:00,2011-12-06 13:45:00,4,9,1823.52,202.61,963,298,2,Champions,1
17706,United Kingdom,2010-12-08 11:02:00,2011-12-05 13:34:00,5,17,10504.49,617.91,3899,362,2,Champions,1
17707,United Kingdom,2011-01-07 13:30:00,2011-06-07 15:03:00,186,2,152.4,76.2,144,151,3,At Risk,4
17708,United Kingdom,2011-01-19 10:09:00,2011-06-05 10:12:00,188,2,263.33,131.66,90,137,3,At Risk,4
17709,United Kingdom,2011-06-23 11:55:00,2011-06-23 11:55:00,170,1,137.45,137.45,17,0,3,At Risk,4
17711,United Kingdom,2011-02-23 11:32:00,2011-11-29 11:40:00,11,2,385.1,192.55,246,279,1,Potential Loyalists,3
17712,United Kingdom,2011-10-26 12:28:00,2011-10-26 12:28:00,45,1,522.91,522.91,215,0,1,Potential Loyalists,3
17714,United Kingdom,2011-01-23 10:32:00,2011-01-23 10:32:00,321,1,153.0,153.0,92,0,3,At Risk,4
17715,United Kingdom,2011-05-23 12:32:00,2011-05-23 12:32:00,201,1,326.4,326.4,384,0,3,At Risk,4
17716,United Kingdom,2011-03-17 10:38:00,2011-11-17 12:00:00,23,11,5655.99,514.18,3072,245,2,Champions,1
17718,United Kingdom,2011-04-21 13:39:00,2011-04-21 13:39:00,233,1,139.35,139.35,83,0,3,At Risk,4
17719,United Kingdom,2011-03-29 11:29:00,2011-11-02 10:36:00,38,15,5396.04,359.74,2466,218,2,Champions,1
17720,United Kingdom,2010-12-07 10:43:00,2011-11-13 15:04:00,27,4,1195.94,298.98,576,341,0,Loyal Customers,2
17722,United Kingdom,2010-12-08 12:41:00,2011-09-04 15:22:00,97,4,2424.04,606.01,1595,270,0,Loyal Customers,2
17723,United Kingdom,2011-05-09 14:44:00,2011-08-04 18:37:00,128,6,3276.4,546.07,792,87,0,Loyal Customers,2
17724,United Kingdom,2011-07-24 13:26:00,2011-09-29 15:26:00,72,3,1033.0,344.33,300,67,0,Loyal Customers,2
17725,United Kingdom,2011-03-17 19:47:00,2011-11-23 16:34:00,17,11,3439.08,312.64,2162,251,2,Champions,1
17727,United Kingdom,2011-11-24 17:06:00,2011-11-24 17:06:00,16,1,1060.25,1060.25,645,0,1,Potential Loyalists,3
17728,United Kingdom,2011-09-14 11:39:00,2011-12-06 08:52:00,4,3,2876.01,958.67,1469,83,2,Champions,1
17730,United Kingdom,2011-01-17 14:49:00,2011-12-06 15:43:00,4,13,5298.48,407.58,3576,323,2,Champions,1
17731,United Kingdom,2011-06-09 14:18:00,2011-09-21 15:02:00,80,4,1240.11,310.03,493,104,0,Loyal Customers,2
17732,United Kingdom,2010-12-02 09:29:00,2010-12-02 09:29:00,373,1,303.97,303.97,93,0,3,At Risk,4
17733,United Kingdom,2011-03-23 09:54:00,2011-11-01 08:16:00,39,2,692.19,346.1,463,223,1,Potential Loyalists,3
17734,United Kingdom,2011-04-20 10:04:00,2011-10-17 12:33:00,54,3,700.63,233.54,422,180,0,Loyal Customers,2
17735,United Kingdom,2010-12-07 10:32:00,2011-12-07 16:47:00,3,19,13110.02,690.0,8439,365,2,Champions,1
17736,United Kingdom,2011-08-18 14:33:00,2011-11-30 15:36:00,10,3,377.44,125.81,238,104,1,Potential Loyalists,3
17737,United Kingdom,2011-10-12 14:42:00,2011-11-30 15:16:00,10,2,168.24,84.12,108,49,1,Potential Loyalists,3
17738,United Kingdom,2011-03-02 16:26:00,2011-11-20 15:05:00,20,4,1879.05,469.76,1029,263,0,Loyal Customers,2
17739,United Kingdom,2010-12-14 14:26:00,2011-11-28 09:12:00,12,7,2791.35,398.76,861,349,2,Champions,1
17742,United Kingdom,2011-01-11 10:04:00,2011-08-18 15:28:00,114,2,355.11,177.56,89,219,3,At Risk,4
17744,United Kingdom,2010-12-16 14:17:00,2011-12-06 12:11:00,4,6,2322.4,387.07,3412,355,2,Champions,1
17746,United Kingdom,2011-04-13 14:31:00,2011-04-13 14:31:00,241,1,110.25,110.25,29,0,3,At Risk,4
17747,United Kingdom,2011-08-19 08:13:00,2011-08-19 08:13:00,113,1,71.4,71.4,12,0,3,At Risk,4
17749,United Kingdom,2011-03-28 13:39:00,2011-06-14 15:45:00,179,2,674.52,337.26,320,78,3,At Risk,4
17750,United Kingdom,2011-06-28 15:44:00,2011-12-04 14:09:00,6,9,1710.45,190.05,3747,159,2,Champions,1
17752,United Kingdom,2010-12-15 16:19:00,2010-12-15 16:19:00,360,1,80.64,80.64,192,0,3,At Risk,4
17754,United Kingdom,2011-03-24 13:54:00,2011-12-09 11:20:00,1,5,1664.65,332.93,1816,260,2,Champions,1
17757,United Kingdom,2010-12-02 17:17:00,2011-12-08 15:31:00,2,30,5593.39,186.45,3318,371,2,Champions,1
17758,United Kingdom,2011-04-03 15:22:00,2011-11-20 14:45:00,20,8,3408.2,426.02,2054,231,2,Champions,1
17759,United Kingdom,2011-06-23 13:35:00,2011-11-22 16:02:00,18,3,819.96,273.32,697,152,1,Potential Loyalists,3
17760,United Kingdom,2010-12-01 15:08:00,2011-11-18 10:56:00,22,2,287.59,143.79,239,352,1,Potential Loyalists,3
17761,United Kingdom,2011-11-07 10:23:00,2011-11-07 10:23:00,33,1,712.78,712.78,398,0,1,Potential Loyalists,3
17763,United Kingdom,2011-03-21 14:25:00,2011-03-21 14:25:00,264,1,15.0,15.0,12,0,3,At Risk,4
17764,United Kingdom,2011-05-12 16:11:00,2011-10-20 11:03:00,51,2,772.55,386.28,351,161,0,Loyal Customers,2
17765,United Kingdom,2011-03-28 11:58:00,2011-07-04 12:41:00,159,3,367.63,122.54,143,98,3,At Risk,4
17767,United Kingdom,2011-11-24 14:42:00,2011-11-24 14:42:00,16,1,271.2,271.2,128,0,1,Potential Loyalists,3
17768,United Kingdom,2011-06-26 13:46:00,2011-12-01 13:22:00,9,3,2081.9,693.97,1122,158,0,Loyal Customers,2
17769,United Kingdom,2011-01-23 11:15:00,2011-11-27 11:18:00,13,10,3957.43,395.74,1850,308,2,Champions,1
17770,United Kingdom,2011-03-02 13:35:00,2011-05-25 12:34:00,199,5,1143.27,228.65,365,84,0,Loyal Customers,2
17771,United Kingdom,2011-01-20 14:13:00,2011-10-14 11:43:00,57,2,245.81,122.9,287,267,3,At Risk,4
17772,United Kingdom,2011-11-29 10:57:00,2011-11-29 11:05:00,11,2,173.45,86.72,55,0,1,Potential Loyalists,3
17774,United Kingdom,2011-02-07 13:13:00,2011-09-04 12:49:00,97,4,1213.73,303.43,508,209,0,Loyal Customers,2
17775,United Kingdom,2011-03-30 10:50:00,2011-03-30 10:50:00,255,1,56.4,56.4,72,0,3,At Risk,4
17777,United Kingdom,2011-08-31 14:35:00,2011-11-15 12:02:00,25,3,647.56,215.85,501,76,1,Potential Loyalists,3
17779,United Kingdom,2011-07-19 12:19:00,2011-11-18 14:15:00,22,3,650.32,216.77,396,122,1,Potential Loyalists,3
17781,United Kingdom,2011-03-31 19:54:00,2011-07-03 16:00:00,160,2,188.02,94.01,34,94,3,At Risk,4
17783,United Kingdom,2011-04-06 10:07:00,2011-09-28 16:07:00,73,2,283.47,141.74,354,175,3,At Risk,4
17785,United Kingdom,2011-10-17 13:43:00,2011-10-17 13:43:00,54,1,131.94,131.94,67,0,3,At Risk,4
17786,United Kingdom,2011-01-26 14:35:00,2011-09-15 12:51:00,86,2,266.85,133.43,195,232,3,At Risk,4
17787,United Kingdom,2010-12-03 13:43:00,2011-07-10 11:24:00,153,4,1817.54,454.38,896,219,0,Loyal Customers,2
17788,United Kingdom,2011-08-02 10:38:00,2011-09-27 10:09:00,74,2,1117.9,558.95,211,56,0,Loyal Customers,2
17789,United Kingdom,2011-03-03 13:14:00,2011-03-03 13:14:00,282,1,225.9,225.9,74,0,3,At Risk,4
17790,United Kingdom,2010-12-10 10:47:00,2011-11-13 11:30:00,27,14,1964.3,140.31,835,338,2,Champions,1
17791,United Kingdom,2011-11-10 12:09:00,2011-11-10 12:09:00,30,1,106.1,106.1,46,0,1,Potential Loyalists,3
17793,United Kingdom,2011-11-14 14:24:00,2011-11-14 14:24:00,26,1,300.34,300.34,226,0,1,Potential Loyalists,3
17795,United Kingdom,2011-03-20 12:02:00,2011-06-13 12:36:00,180,2,342.83,171.42,305,85,3,At Risk,4
17796,United Kingdom,2010-12-05 12:23:00,2011-10-30 15:38:00,41,4,690.0,172.5,176,329,0,Loyal Customers,2
17797,United Kingdom,2011-06-10 11:29:00,2011-11-17 13:21:00,23,3,780.43,260.14,498,160,1,Potential Loyalists,3
17799,United Kingdom,2010-12-13 13:10:00,2011-11-17 15:16:00,23,10,3039.17,303.92,1753,339,2,Champions,1
17800,United Kingdom,2011-01-09 13:50:00,2011-11-02 12:57:00,38,9,1187.21,131.91,732,297,0,Loyal Customers,2
17802,United Kingdom,2010-12-02 13:44:00,2011-09-18 14:56:00,83,3,1285.04,428.35,752,290,0,Loyal Customers,2
17805,United Kingdom,2011-09-27 11:49:00,2011-09-27 11:49:00,74,1,512.31,512.31,478,0,3,At Risk,4
17806,United Kingdom,2011-11-28 14:12:00,2011-11-28 14:12:00,12,1,546.04,546.04,727,0,1,Potential Loyalists,3
17809,United Kingdom,2010-12-01 09:41:00,2011-11-23 12:59:00,17,12,5411.91,450.99,2057,357,2,Champions,1
17811,United Kingdom,2011-01-10 10:58:00,2011-12-05 13:46:00,5,39,7761.82,199.02,4146,329,2,Champions,1
17812,United Kingdom,2010-12-06 15:27:00,2011-11-27 11:47:00,13,4,699.81,174.95,329,356,1,Potential Loyalists,3
17813,United Kingdom,2011-09-29 15:57:00,2011-11-25 16:13:00,15,5,1698.07,339.61,752,57,0,Loyal Customers,2
17816,United Kingdom,2010-12-09 14:10:00,2011-11-03 11:34:00,37,4,36.56,9.14,30,329,1,Potential Loyalists,3
17817,United Kingdom,2011-03-07 17:30:00,2011-12-05 14:39:00,5,3,387.68,129.23,67,273,1,Potential Loyalists,3
17819,United Kingdom,2010-12-03 14:26:00,2011-09-29 10:52:00,72,7,3704.87,529.27,1031,300,0,Loyal Customers,2
17824,United Kingdom,2011-10-19 14:14:00,2011-10-19 14:14:00,52,1,298.4,298.4,408,0,3,At Risk,4
17827,United Kingdom,2010-12-10 10:18:00,2011-12-04 15:00:00,6,5,1987.33,397.47,1240,359,2,Champions,1
17828,Malta,2011-06-08 08:31:00,2011-11-17 08:41:00,23,4,1820.09,455.02,667,162,0,Loyal Customers,2
17829,United Arab Emirates,2011-02-14 12:46:00,2011-02-14 12:46:00,299,1,889.24,889.24,496,0,3,At Risk,4
17830,United Kingdom,2011-02-24 10:15:00,2011-12-08 12:28:00,2,3,398.7,132.9,92,287,1,Potential Loyalists,3
17831,United Kingdom,2011-11-06 15:09:00,2011-11-06 15:09:00,34,1,35.4,35.4,12,0,3,At Risk,4
17832,United Kingdom,2011-10-21 11:43:00,2011-10-21 11:43:00,50,1,155.37,155.37,208,0,3,At Risk,4
17835,United Kingdom,2011-11-16 16:30:00,2011-12-07 11:48:00,3,3,342.24,114.08,344,21,1,Potential Loyalists,3
17836,United Kingdom,2011-10-23 16:13:00,2011-10-23 16:13:00,48,1,110.21,110.21,88,0,3,At Risk,4
17837,United Kingdom,2011-06-29 16:44:00,2011-10-28 16:13:00,43,8,1541.23,192.65,510,121,0,Loyal Customers,2
17838,United Kingdom,2010-12-02 15:55:00,2011-11-13 11:20:00,27,5,2720.8,544.16,1831,346,0,Loyal Customers,2
17839,United Kingdom,2011-10-28 17:27:00,2011-10-28 17:27:00,43,1,318.15,318.15,257,0,1,Potential Loyalists,3
17841,United Kingdom,2010-12-01 14:41:00,2011-12-08 12:07:00,2,124,40519.84,326.77,22834,372,2,Champions,1
17843,United Kingdom,2011-02-09 15:33:00,2011-02-09 15:33:00,304,1,205.48,205.48,113,0,3,At Risk,4
17844,Canada,2011-08-25 11:27:00,2011-08-25 11:27:00,107,1,51.56,51.56,52,0,3,At Risk,4
17846,United Kingdom,2011-09-15 15:20:00,2011-09-15 15:20:00,86,1,2033.1,2033.1,1,0,0,Loyal Customers,2
17848,United Kingdom,2010-12-16 18:38:00,2011-09-19 16:49:00,82,9,901.2,100.13,398,277,0,Loyal Customers,2
17849,United Kingdom,2011-01-10 11:59:00,2011-05-05 13:46:00,219,4,605.8,151.45,114,115,0,Loyal Customers,2
17850,United Kingdom,2010-12-01 08:26:00,2010-12-02 15:27:00,373,34,5391.21,158.56,1733,1,2,Champions,1
17852,United Kingdom,2011-11-28 12:31:00,2011-11-28 12:36:00,12,2,114.34,57.17,53,0,1,Potential Loyalists,3
17854,United Kingdom,2011-04-26 16:53:00,2011-06-07 16:21:00,186,2,311.26,155.63,84,42,3,At Risk,4
17855,United Kingdom,2010-12-02 09:44:00,2010-12-02 09:44:00,373,1,208.97,208.97,197,0,3,At Risk,4
17856,United Kingdom,2011-03-03 11:40:00,2011-12-08 09:40:00,2,4,1418.03,354.51,842,280,2,Champions,1
17857,United Kingdom,2010-12-09 11:35:00,2011-12-05 13:13:00,5,23,26879.04,1168.65,19256,361,2,Champions,1
17858,United Kingdom,2010-12-05 13:08:00,2011-12-04 11:56:00,6,12,5140.66,428.39,2694,364,2,Champions,1
17859,United Kingdom,2011-02-08 10:32:00,2011-02-08 10:32:00,305,1,141.92,141.92,102,0,3,At Risk,4
17860,United Kingdom,2010-12-06 12:41:00,2010-12-06 12:41:00,369,1,226.45,226.45,93,0,3,At Risk,4
17861,United Kingdom,2011-01-24 11:34:00,2011-12-06 16:21:00,4,8,2097.88,262.24,1985,316,2,Champions,1
17862,United Kingdom,2011-01-20 12:23:00,2011-01-20 12:23:00,324,1,330.9,330.9,100,0,3,At Risk,4
17863,United Kingdom,2010-12-05 13:21:00,2011-10-11 13:45:00,60,6,3160.0,526.67,2638,310,0,Loyal Customers,2
17864,United Kingdom,2011-03-09 11:44:00,2011-11-27 11:15:00,13,3,554.85,184.95,706,263,1,Potential Loyalists,3
17865,United Kingdom,2010-12-10 14:53:00,2011-11-09 12:08:00,31,20,10526.32,526.32,5757,334,2,Champions,1
17866,United Kingdom,2011-07-20 11:07:00,2011-07-20 11:07:00,143,1,329.65,329.65,174,0,3,At Risk,4
17867,United Kingdom,2011-02-24 12:25:00,2011-11-09 14:15:00,31,6,1157.87,192.98,508,258,0,Loyal Customers,2
17869,United Kingdom,2010-12-06 17:16:00,2011-08-24 16:16:00,108,5,428.18,85.64,111,261,0,Loyal Customers,2
17870,United Kingdom,2010-12-08 08:12:00,2011-12-07 15:07:00,3,12,1865.89,155.49,1351,364,2,Champions,1
17871,United Kingdom,2011-05-19 11:32:00,2011-05-19 11:32:00,205,1,155.9,155.9,182,0,3,At Risk,4
17873,United Kingdom,2010-12-01 14:54:00,2011-09-20 16:41:00,81,5,1848.96,369.79,1035,293,0,Loyal Customers,2
17874,United Kingdom,2011-03-29 11:25:00,2011-06-07 12:54:00,186,6,683.46,113.91,221,70,0,Loyal Customers,2
17877,United Kingdom,2011-06-22 13:00:00,2011-06-22 13:00:00,171,1,237.61,237.61,98,0,3,At Risk,4
17878,United Kingdom,2011-10-27 11:24:00,2011-10-27 11:24:00,44,1,379.45,379.45,401,0,1,Potential Loyalists,3
17879,United Kingdom,2011-06-19 12:36:00,2011-06-19 12:36:00,174,1,178.52,178.52,45,0,3,At Risk,4
17880,United Kingdom,2010-12-10 10:21:00,2010-12-10 10:21:00,365,1,458.92,458.92,314,0,3,At Risk,4
17881,United Kingdom,2011-02-08 17:16:00,2011-02-08 17:16:00,305,1,133.35,133.35,32,0,3,At Risk,4
17883,United Kingdom,2011-04-07 19:16:00,2011-12-06 17:49:00,4,4,664.34,166.08,374,243,1,Potential Loyalists,3
17884,United Kingdom,2010-12-03 12:11:00,2011-12-06 11:33:00,4,4,695.07,173.77,817,368,1,Potential Loyalists,3
17885,United Kingdom,2011-11-27 14:40:00,2011-11-27 14:40:00,13,1,156.34,156.34,110,0,1,Potential Loyalists,3
17886,United Kingdom,2011-04-04 12:34:00,2011-11-08 10:09:00,32,3,869.28,289.76,469,218,0,Loyal Customers,2
17887,United Kingdom,2011-08-02 17:29:00,2011-08-02 17:29:00,130,1,111.35,111.35,30,0,3,At Risk,4
17888,United Kingdom,2010-12-17 13:56:00,2011-11-18 13:45:00,22,8,716.0,89.5,973,336,0,Loyal Customers,2
17889,United Kingdom,2011-01-21 17:14:00,2011-05-11 16:26:00,213,2,201.37,100.68,77,110,3,At Risk,4
17890,United Kingdom,2010-12-13 15:12:00,2011-01-21 11:19:00,323,2,586.89,293.44,402,39,3,At Risk,4
17891,United Kingdom,2011-06-30 20:08:00,2011-06-30 20:08:00,163,1,203.86,203.86,393,0,3,At Risk,4
17892,United Kingdom,2011-07-07 12:56:00,2011-10-14 16:49:00,57,3,244.1,81.37,109,99,1,Potential Loyalists,3
17893,United Kingdom,2011-04-28 13:50:00,2011-04-28 13:50:00,226,1,107.21,107.21,149,0,3,At Risk,4
17894,United Kingdom,2010-12-08 14:50:00,2011-09-29 09:23:00,72,8,1118.96,139.87,404,295,0,Loyal Customers,2
17895,United Kingdom,2011-10-26 17:00:00,2011-10-26 17:00:00,45,1,95.45,95.45,127,0,3,At Risk,4
17896,United Kingdom,2011-11-16 13:59:00,2011-11-16 13:59:00,24,1,256.32,256.32,288,0,1,Potential Loyalists,3
17897,United Kingdom,2010-12-01 12:31:00,2011-06-20 11:23:00,173,3,541.81,180.6,222,201,3,At Risk,4
17898,United Kingdom,2011-05-16 17:13:00,2011-09-15 14:56:00,86,2,152.06,76.03,190,122,3,At Risk,4
17899,United Kingdom,2011-07-03 14:58:00,2011-07-03 14:58:00,160,1,154.55,154.55,170,0,3,At Risk,4
17900,United Kingdom,2011-06-02 14:28:00,2011-06-02 14:38:00,191,2,112.2,56.1,73,0,3,At Risk,4
17901,United Kingdom,2011-11-10 17:29:00,2011-11-10 17:29:00,30,1,110.38,110.38,24,0,1,Potential Loyalists,3
17904,United Kingdom,2011-11-18 12:57:00,2011-11-18 12:57:00,22,1,181.07,181.07,59,0,1,Potential Loyalists,3
17905,United Kingdom,2010-12-01 13:21:00,2011-09-29 17:33:00,72,4,798.99,199.75,406,302,0,Loyal Customers,2
17906,United Kingdom,2011-04-06 17:25:00,2011-04-06 17:25:00,248,1,72.9,72.9,26,0,3,At Risk,4
17908,United Kingdom,2010-12-01 11:45:00,2010-12-01 11:45:00,374,1,232.03,232.03,169,0,3,At Risk,4
17911,United Kingdom,2011-11-30 14:52:00,2011-11-30 14:52:00,10,1,366.23,366.23,223,0,1,Potential Loyalists,3
17912,United Kingdom,2010-12-10 11:11:00,2011-02-02 14:25:00,311,5,310.06,62.01,184,54,3,At Risk,4
17913,United Kingdom,2010-12-19 11:35:00,2011-10-12 10:45:00,59,2,408.65,204.32,288,297,1,Potential Loyalists,3
17914,United Kingdom,2011-12-06 11:58:00,2011-12-06 11:58:00,4,1,329.36,329.36,457,0,1,Potential Loyalists,3
17917,United Kingdom,2010-12-12 12:08:00,2011-10-25 13:20:00,46,3,335.03,111.68,184,317,1,Potential Loyalists,3
17919,United Kingdom,2011-09-12 13:41:00,2011-09-12 13:41:00,89,1,1304.04,1304.04,756,0,3,At Risk,4
17920,United Kingdom,2010-12-01 11:49:00,2011-12-05 14:29:00,5,17,4119.5,242.32,2473,369,2,Champions,1
17921,United Kingdom,2011-03-18 13:19:00,2011-10-06 18:56:00,65,4,820.23,205.06,425,202,0,Loyal Customers,2
17923,United Kingdom,2011-03-02 15:15:00,2011-03-02 15:15:00,283,1,207.5,207.5,50,0,3,At Risk,4
17924,United Kingdom,2010-12-01 10:51:00,2011-11-28 09:11:00,12,7,2962.5,423.21,1160,362,2,Champions,1
17925,United Kingdom,2010-12-02 10:10:00,2010-12-02 10:10:00,373,1,244.08,244.08,72,0,3,At Risk,4
17926,United Kingdom,2011-05-20 09:24:00,2011-07-29 14:39:00,134,2,397.29,198.64,306,70,3,At Risk,4
17928,United Kingdom,2011-04-07 18:03:00,2011-10-25 13:52:00,46,2,212.54,106.27,140,201,1,Potential Loyalists,3
17929,United Kingdom,2011-02-04 11:40:00,2011-11-28 16:01:00,12,4,843.0,210.75,108,297,1,Potential Loyalists,3
17930,United Kingdom,2011-04-14 15:46:00,2011-11-04 10:23:00,36,5,1740.48,348.1,1594,204,0,Loyal Customers,2
17931,United Kingdom,2011-03-29 12:31:00,2011-07-28 18:33:00,135,2,408.36,204.18,249,121,3,At Risk,4
17932,United Kingdom,2011-05-12 13:58:00,2011-11-10 19:49:00,30,3,1331.57,443.86,789,182,0,Loyal Customers,2
17934,United Kingdom,2011-10-12 10:50:00,2011-10-19 11:16:00,52,2,704.25,352.12,478,7,0,Loyal Customers,2
17935,United Kingdom,2011-07-21 11:23:00,2011-07-24 13:18:00,139,2,145.79,72.9,82,3,3,At Risk,4
17936,United Kingdom,2011-12-04 13:32:00,2011-12-04 13:32:00,6,1,380.13,380.13,257,0,1,Potential Loyalists,3
17937,United Kingdom,2010-12-12 14:43:00,2011-12-01 11:45:00,9,7,4301.22,614.46,1754,354,2,Champions,1
17939,United Kingdom,2011-07-03 12:27:00,2011-07-03 12:27:00,160,1,99.14,99.14,40,0,3,At Risk,4
17940,United Kingdom,2011-02-10 09:29:00,2011-10-21 13:27:00,50,10,4020.04,402.0,9323,253,2,Champions,1
17941,United Kingdom,2011-08-01 08:30:00,2011-08-01 08:30:00,131,1,304.56,304.56,252,0,3,At Risk,4
17942,United Kingdom,2011-12-02 10:45:00,2011-12-02 10:45:00,8,1,77.5,77.5,38,0,1,Potential Loyalists,3
17946,United Kingdom,2011-03-25 14:34:00,2011-04-20 17:00:00,234,2,149.58,74.79,75,26,3,At Risk,4
17947,United Kingdom,2011-11-02 13:05:00,2011-11-02 13:05:00,38,1,176.68,176.68,168,0,1,Potential Loyalists,3
17948,United Kingdom,2011-07-15 12:58:00,2011-07-15 12:58:00,148,1,358.56,358.56,144,0,3,At Risk,4
17949,United Kingdom,2010-12-03 13:12:00,2011-12-08 18:46:00,2,45,58510.48,1300.23,30546,370,2,Champions,1
17950,United Kingdom,2010-12-09 15:16:00,2011-09-28 15:18:00,73,3,482.2,160.73,366,293,0,Loyal Customers,2
17951,United Kingdom,2010-12-01 12:40:00,2011-10-31 12:30:00,40,3,1008.54,336.18,616,334,0,Loyal Customers,2
17954,United Kingdom,2010-12-03 14:18:00,2011-12-04 14:15:00,6,12,2314.13,192.84,2221,366,2,Champions,1
17955,United Kingdom,2011-05-04 12:29:00,2011-05-25 12:00:00,199,4,557.3,139.32,273,21,0,Loyal Customers,2
17956,United Kingdom,2011-04-04 13:47:00,2011-04-04 13:47:00,250,1,12.75,12.75,1,0,3,At Risk,4
17957,United Kingdom,2011-10-04 14:58:00,2011-10-04 14:58:00,67,1,111.68,111.68,287,0,3,At Risk,4
17958,United Kingdom,2011-08-15 12:19:00,2011-08-15 12:19:00,117,1,508.46,508.46,84,0,3,At Risk,4
17960,United Kingdom,2011-06-21 14:15:00,2011-06-21 14:15:00,172,1,73.78,73.78,41,0,3,At Risk,4
17961,United Kingdom,2010-12-02 19:18:00,2011-11-18 16:55:00,22,39,1296.44,33.24,560,351,2,Champions,1
17962,United Kingdom,2011-07-20 14:16:00,2011-07-20 14:16:00,143,1,102.41,102.41,127,0,3,At Risk,4
17964,United Kingdom,2010-12-02 13:32:00,2011-11-08 10:44:00,32,2,463.21,231.6,294,341,1,Potential Loyalists,3
17965,United Kingdom,2010-12-05 15:54:00,2011-11-02 09:31:00,38,14,2599.19,185.66,1532,332,2,Champions,1
17966,United Kingdom,2011-03-23 17:25:00,2011-11-02 10:26:00,38,5,1098.43,219.69,2571,224,0,Loyal Customers,2
17967,United Kingdom,2010-12-03 11:19:00,2010-12-03 11:19:00,372,1,112.27,112.27,73,0,3,At Risk,4
17968,United Kingdom,2010-12-01 12:23:00,2010-12-01 12:23:00,374,1,265.1,265.1,151,0,3,At Risk,4
17969,United Kingdom,2010-12-13 15:34:00,2011-06-26 13:00:00,167,2,228.2,114.1,152,195,3,At Risk,4
17970,United Kingdom,2011-05-12 20:03:00,2011-05-12 20:03:00,212,1,562.79,562.79,513,0,3,At Risk,4
17972,United Kingdom,2011-04-12 12:16:00,2011-04-12 12:16:00,242,1,135.19,135.19,36,0,3,At Risk,4
17973,United Kingdom,2011-10-19 10:34:00,2011-10-19 10:34:00,52,1,337.04,337.04,176,0,3,At Risk,4
17974,United Kingdom,2011-05-04 11:50:00,2011-11-15 11:37:00,25,3,703.99,234.66,500,195,1,Potential Loyalists,3
17975,United Kingdom,2010-12-08 11:38:00,2011-11-24 13:27:00,16,13,4483.26,344.87,1565,351,2,Champions,1
17976,United Kingdom,2010-12-02 13:49:00,2010-12-02 13:49:00,373,1,321.79,321.79,93,0,3,At Risk,4
17977,United Kingdom,2011-11-10 13:28:00,2011-11-10 13:28:00,30,1,288.14,288.14,342,0,1,Potential Loyalists,3
17978,United Kingdom,2010-12-09 14:05:00,2010-12-09 14:05:00,366,1,300.92,300.92,499,0,3,At Risk,4
17979,United Kingdom,2011-03-25 11:34:00,2011-11-04 12:05:00,36,4,732.41,183.1,383,224,0,Loyal Customers,2
17980,United Kingdom,2010-12-15 15:50:00,2011-06-27 12:01:00,166,3,811.45,270.48,682,194,0,Loyal Customers,2
17984,United Kingdom,2011-07-17 15:59:00,2011-07-17 15:59:00,146,1,152.68,152.68,98,0,3,At Risk,4
17985,United Kingdom,2011-11-17 14:24:00,2011-11-17 14:24:00,23,1,631.35,631.35,171,0,1,Potential Loyalists,3
17986,United Kingdom,2011-10-14 14:22:00,2011-10-14 14:22:00,57,1,20.8,20.8,10,0,3,At Risk,4
17987,United Kingdom,2011-06-07 14:22:00,2011-06-07 14:22:00,186,1,198.57,198.57,261,0,3,At Risk,4
17988,United Kingdom,2011-01-17 11:59:00,2011-11-28 11:00:00,12,7,201.12,28.73,43,315,1,Potential Loyalists,3
17990,United Kingdom,2010-12-13 12:10:00,2011-04-17 11:44:00,237,3,630.84,210.28,414,125,3,At Risk,4
17991,United Kingdom,2011-04-27 16:39:00,2011-04-28 15:58:00,226,2,93.35,46.68,25,1,3,At Risk,4
17994,United Kingdom,2011-02-22 11:02:00,2011-08-10 11:41:00,122,4,674.89,168.72,495,169,0,Loyal Customers,2
17995,United Kingdom,2011-03-03 12:30:00,2011-03-03 12:30:00,282,1,76.1,76.1,133,0,3,At Risk,4
17997,United Kingdom,2011-06-28 17:28:00,2011-09-26 16:13:00,75,8,1962.46,245.31,2273,90,0,Loyal Customers,2
17999,United Kingdom,2010-12-08 15:17:00,2011-11-02 15:56:00,38,2,380.39,190.2,219,329,1,Potential Loyalists,3
18001,United Kingdom,2011-09-14 11:21:00,2011-11-27 16:02:00,13,2,415.13,207.56,362,74,1,Potential Loyalists,3
18004,United Kingdom,2010-12-12 13:47:00,2010-12-12 13:47:00,363,1,157.92,157.92,75,0,3,At Risk,4
18005,United Kingdom,2011-10-23 14:40:00,2011-12-06 11:51:00,4,2,226.47,113.24,86,44,1,Potential Loyalists,3
18006,United Kingdom,2011-11-16 16:52:00,2011-11-16 16:52:00,24,1,444.68,444.68,220,0,1,Potential Loyalists,3
18008,United Kingdom,2011-01-25 12:26:00,2011-09-30 15:17:00,71,9,2116.19,235.13,1581,248,0,Loyal Customers,2
18009,United Kingdom,2011-04-18 13:36:00,2011-04-18 13:36:00,236,1,247.39,247.39,125,0,3,At Risk,4
18010,United Kingdom,2011-03-28 12:27:00,2011-03-28 12:27:00,257,1,174.8,174.8,60,0,3,At Risk,4
18011,United Kingdom,2010-12-01 17:35:00,2010-12-01 17:35:00,374,1,102.79,102.79,71,0,3,At Risk,4
18013,United Kingdom,2011-07-07 14:08:00,2011-07-07 14:11:00,156,2,187.29,93.64,285,0,3,At Risk,4
18014,United Kingdom,2011-11-11 15:28:00,2011-11-11 15:28:00,29,1,162.22,162.22,66,0,1,Potential Loyalists,3
18015,United Kingdom,2011-12-05 14:49:00,2011-12-05 14:49:00,5,1,120.03,120.03,157,0,1,Potential Loyalists,3
18016,United Kingdom,2010-12-10 17:14:00,2011-11-07 13:25:00,33,5,1477.66,295.53,1027,332,0,Loyal Customers,2
18017,United Kingdom,2011-02-02 13:57:00,2011-09-19 16:15:00,82,3,523.0,174.33,300,229,0,Loyal Customers,2
18018,United Kingdom,2011-05-24 13:22:00,2011-08-23 17:37:00,109,2,122.14,61.07,55,91,3,At Risk,4
18019,United Kingdom,2011-10-19 12:10:00,2011-10-19 12:10:00,52,1,38.45,38.45,7,0,3,At Risk,4
18022,United Kingdom,2011-11-04 12:45:00,2011-11-04 12:45:00,36,1,612.72,612.72,703,0,1,Potential Loyalists,3
18024,United Kingdom,2011-07-10 12:28:00,2011-07-10 12:40:00,153,2,389.78,194.89,184,0,3,At Risk,4
18027,United Kingdom,2011-09-02 10:38:00,2011-09-02 10:38:00,99,1,115.31,115.31,78,0,3,At Risk,4
18030,United Kingdom,2011-10-28 13:55:00,2011-12-05 16:37:00,5,2,230.65,115.32,67,38,1,Potential Loyalists,3
18032,United Kingdom,2011-01-09 15:32:00,2011-01-09 15:32:00,335,1,73.5,73.5,42,0,3,At Risk,4
18033,United Kingdom,2011-10-05 17:28:00,2011-10-05 17:28:00,66,1,93.82,93.82,252,0,3,At Risk,4
18034,United Kingdom,2011-11-18 12:08:00,2011-11-18 12:22:00,22,2,418.68,209.34,559,0,1,Potential Loyalists,3
18035,United Kingdom,2011-10-27 17:48:00,2011-11-04 12:39:00,36,3,713.89,237.96,584,8,0,Loyal Customers,2
18036,United Kingdom,2011-04-08 11:26:00,2011-11-07 14:40:00,33,3,403.12,134.37,232,213,1,Potential Loyalists,3
18037,United Kingdom,2010-12-12 16:20:00,2011-07-08 13:39:00,155,6,70.02,11.67,20,208,3,At Risk,4
18040,United Kingdom,2011-04-08 08:27:00,2011-11-20 14:20:00,20,2,357.2,178.6,148,226,1,Potential Loyalists,3
18041,United Kingdom,2010-12-02 11:21:00,2011-11-28 11:39:00,12,21,4097.37,195.11,3758,361,2,Champions,1
18042,United Kingdom,2011-10-17 11:49:00,2011-10-17 11:49:00,54,1,165.05,165.05,33,0,3,At Risk,4
18043,United Kingdom,2010-12-08 12:35:00,2011-11-15 12:48:00,25,3,529.29,176.43,265,342,1,Potential Loyalists,3
18044,United Kingdom,2010-12-14 12:25:00,2011-12-05 14:26:00,5,10,2088.6,208.86,1033,356,2,Champions,1
18045,United Kingdom,2011-10-25 13:07:00,2011-10-25 13:07:00,46,1,178.34,178.34,138,0,3,At Risk,4
18048,United Kingdom,2011-05-20 14:54:00,2011-05-20 14:58:00,204,2,172.29,86.14,127,0,3,At Risk,4
18050,United Kingdom,2010-12-15 14:25:00,2010-12-15 14:25:00,360,1,74.4,74.4,40,0,3,At Risk,4
18053,United Kingdom,2011-09-30 09:05:00,2011-09-30 09:05:00,71,1,300.02,300.02,302,0,3,At Risk,4
18055,United Kingdom,2010-12-05 10:52:00,2011-12-02 14:25:00,8,10,6761.34,676.13,2452,362,2,Champions,1
18056,United Kingdom,2011-02-24 14:27:00,2011-02-24 14:27:00,289,1,363.65,363.65,211,0,3,At Risk,4
18058,United Kingdom,2011-11-30 08:38:00,2011-11-30 08:38:00,10,1,170.16,170.16,88,0,1,Potential Loyalists,3
18059,United Kingdom,2011-10-03 09:30:00,2011-11-16 16:49:00,24,3,306.46,102.15,258,44,1,Potential Loyalists,3
18061,United Kingdom,2010-12-08 13:03:00,2011-11-18 11:20:00,22,10,2119.41,211.94,955,345,2,Champions,1
18062,United Kingdom,2011-01-06 10:03:00,2011-06-19 14:47:00,174,3,720.52,240.17,396,164,0,Loyal Customers,2
18064,United Kingdom,2011-04-18 15:08:00,2011-07-29 16:39:00,134,2,814.0,407.0,384,102,3,At Risk,4
18065,United Kingdom,2010-12-10 12:44:00,2011-12-04 10:30:00,6,14,2392.83,170.92,1027,359,2,Champions,1
18066,United Kingdom,2011-09-25 15:30:00,2011-09-25 15:30:00,76,1,318.0,318.0,108,0,3,At Risk,4
18067,United Kingdom,2011-10-30 15:58:00,2011-10-30 15:58:00,41,1,396.33,396.33,189,0,1,Potential Loyalists,3
18068,United Kingdom,2011-02-23 14:50:00,2011-02-23 14:50:00,290,1,101.7,101.7,6,0,3,At Risk,4
18069,United Kingdom,2011-01-16 15:50:00,2011-11-13 16:03:00,27,5,2009.24,401.85,1296,301,0,Loyal Customers,2
18071,United Kingdom,2010-12-09 10:33:00,2011-03-27 11:59:00,258,2,453.0,226.5,260,108,3,At Risk,4
18072,United Kingdom,2011-06-07 10:44:00,2011-06-07 10:44:00,186,1,247.44,247.44,288,0,3,At Risk,4
18073,United Kingdom,2011-05-26 19:38:00,2011-08-17 14:02:00,115,12,3859.82,321.65,3102,83,0,Loyal Customers,2
18074,United Kingdom,2010-12-01 09:53:00,2010-12-01 09:53:00,374,1,489.6,489.6,190,0,3,At Risk,4
18075,United Kingdom,2010-12-14 10:48:00,2011-11-16 15:21:00,24,10,2611.75,261.18,1464,337,2,Champions,1
18077,United Kingdom,2010-12-08 10:21:00,2011-12-01 13:32:00,9,11,2584.41,234.95,1839,358,2,Champions,1
18078,United Kingdom,2011-03-25 15:08:00,2011-05-06 14:32:00,218,2,336.13,168.06,145,42,3,At Risk,4
18079,United Kingdom,2011-04-15 12:14:00,2011-10-25 15:27:00,46,4,3613.15,903.29,7347,193,0,Loyal Customers,2
18080,United Kingdom,2011-04-11 10:10:00,2011-11-21 08:02:00,19,2,1231.5,615.75,642,224,1,Potential Loyalists,3
18081,United Kingdom,2011-07-29 11:56:00,2011-11-03 16:30:00,37,3,343.45,114.48,195,97,1,Potential Loyalists,3
18082,United Kingdom,2011-11-14 12:45:00,2011-11-14 12:45:00,26,1,680.84,680.84,608,0,1,Potential Loyalists,3
18084,United Kingdom,2011-11-23 13:57:00,2011-11-23 13:57:00,17,1,90.48,90.48,312,0,1,Potential Loyalists,3
18085,United Kingdom,2010-12-01 12:08:00,2011-01-13 15:17:00,331,2,689.95,344.98,265,43,3,At Risk,4
18086,United Kingdom,2011-03-10 13:34:00,2011-03-10 13:34:00,275,1,101.34,101.34,106,0,3,At Risk,4
18087,United Kingdom,2011-02-22 10:43:00,2011-09-02 15:12:00,99,2,4055.72,2027.86,3907,192,0,Loyal Customers,2
18088,United Kingdom,2011-10-09 13:41:00,2011-10-09 13:41:00,62,1,166.03,166.03,107,0,3,At Risk,4
18092,United Kingdom,2010-12-09 10:00:00,2011-12-07 13:14:00,3,11,9068.26,824.39,4252,363,2,Champions,1
18093,United Kingdom,2011-02-10 12:15:00,2011-09-07 15:43:00,94,4,2106.52,526.63,1392,209,0,Loyal Customers,2
18094,United Kingdom,2011-02-21 08:50:00,2011-09-19 09:28:00,82,7,3017.3,431.04,2518,210,0,Loyal Customers,2
18095,United Kingdom,2011-01-11 12:37:00,2011-01-31 12:50:00,313,2,580.05,290.02,419,20,3,At Risk,4
18096,United Kingdom,2011-10-07 11:55:00,2011-11-28 12:44:00,12,3,849.06,283.02,788,52,1,Potential Loyalists,3
18097,United Kingdom,2010-12-20 14:49:00,2011-12-02 11:16:00,8,6,2662.4,443.73,1662,347,2,Champions,1
18099,United Kingdom,2011-08-04 15:52:00,2011-08-04 15:52:00,128,1,168.31,168.31,149,0,3,At Risk,4
18101,United Kingdom,2011-07-19 13:05:00,2011-11-28 13:37:00,12,2,222.4,111.2,87,132,1,Potential Loyalists,3
18102,United Kingdom,2010-12-07 16:42:00,2011-12-09 11:50:00,1,60,259657.3,4327.62,64124,367,2,Champions,1
18104,United Kingdom,2011-11-02 14:07:00,2011-11-02 14:07:00,38,1,754.64,754.64,362,0,1,Potential Loyalists,3
18105,United Kingdom,2011-11-02 12:04:00,2011-11-02 12:04:00,38,1,113.48,113.48,46,0,1,Potential Loyalists,3
18106,United Kingdom,2011-01-14 12:23:00,2011-01-14 12:23:00,330,1,421.9,421.9,126,0,3,At Risk,4
18108,United Kingdom,2011-03-30 13:56:00,2011-03-30 13:56:00,255,1,271.0,271.0,84,0,3,At Risk,4
18109,United Kingdom,2010-12-05 10:58:00,2011-12-08 11:36:00,2,26,8004.92,307.88,4230,368,2,Champions,1
18110,United Kingdom,2011-11-20 12:34:00,2011-11-20 12:34:00,20,1,198.8,198.8,72,0,1,Potential Loyalists,3
18112,United Kingdom,2011-06-26 13:56:00,2011-11-27 14:43:00,13,2,352.69,176.34,255,154,1,Potential Loyalists,3
18113,United Kingdom,2010-12-06 12:31:00,2010-12-06 12:31:00,369,1,76.32,76.32,72,0,3,At Risk,4
18114,United Kingdom,2011-02-22 13:20:00,2011-02-22 13:20:00,291,1,220.1,220.1,55,0,3,At Risk,4
18116,United Kingdom,2010-12-10 12:14:00,2011-10-03 11:00:00,68,8,1403.11,175.39,837,297,0,Loyal Customers,2
18117,United Kingdom,2011-11-14 12:47:00,2011-11-14 12:47:00,26,1,315.65,315.65,605,0,1,Potential Loyalists,3
18118,United Kingdom,2010-12-05 12:13:00,2011-11-29 11:32:00,11,26,5625.08,216.35,2865,359,2,Champions,1
18119,United Kingdom,2010-12-07 11:59:00,2010-12-07 11:59:00,368,1,180.7,180.7,124,0,3,At Risk,4
18120,United Kingdom,2011-05-09 13:45:00,2011-05-09 13:45:00,215,1,111.15,111.15,31,0,3,At Risk,4
18121,United Kingdom,2011-07-08 12:14:00,2011-07-13 12:53:00,150,2,653.3,326.65,438,5,3,At Risk,4
18122,United Kingdom,2011-07-12 11:37:00,2011-12-01 13:08:00,9,6,1793.06,298.84,1225,142,2,Champions,1
18123,United Kingdom,2011-11-08 13:31:00,2011-11-15 14:23:00,25,2,574.44,287.22,582,7,1,Potential Loyalists,3
18125,United Kingdom,2011-01-27 15:02:00,2011-11-10 12:29:00,30,4,1131.75,282.94,800,287,0,Loyal Customers,2
18126,United Kingdom,2011-10-10 12:19:00,2011-10-10 12:19:00,61,1,200.92,200.92,135,0,3,At Risk,4
18127,United Kingdom,2011-07-29 10:06:00,2011-11-20 14:05:00,20,3,347.08,115.69,187,114,1,Potential Loyalists,3
18129,United Kingdom,2011-04-10 14:16:00,2011-04-10 14:16:00,244,1,112.55,112.55,48,0,3,At Risk,4
18130,United Kingdom,2011-10-13 15:58:00,2011-11-24 14:40:00,16,3,1059.39,353.13,824,42,1,Potential Loyalists,3
18133,United Kingdom,2011-05-11 14:14:00,2011-05-11 14:14:00,213,1,931.5,931.5,1350,0,3,At Risk,4
18135,United Kingdom,2011-06-02 14:04:00,2011-11-10 19:32:00,30,5,681.91,136.38,349,161,0,Loyal Customers,2
18136,United Kingdom,2011-01-24 12:08:00,2011-10-07 15:40:00,64,3,784.33,261.44,379,256,0,Loyal Customers,2
18138,United Kingdom,2011-02-17 14:51:00,2011-02-17 14:51:00,296,1,152.65,152.65,38,0,3,At Risk,4
18139,United Kingdom,2011-11-21 14:06:00,2011-11-22 10:44:00,18,6,8438.34,1406.39,5557,1,2,Champions,1
18142,United Kingdom,2011-05-08 12:31:00,2011-07-05 13:19:00,158,2,1019.52,509.76,1276,58,0,Loyal Customers,2
18143,United Kingdom,2011-07-21 10:44:00,2011-08-15 12:07:00,117,2,1000.16,500.08,570,25,0,Loyal Customers,2
18144,United Kingdom,2010-12-01 13:45:00,2011-12-02 12:46:00,8,12,2888.75,240.73,1343,366,2,Champions,1
18145,United Kingdom,2011-01-31 12:10:00,2011-11-27 11:22:00,13,4,2861.55,715.39,2625,300,0,Loyal Customers,2
18146,United Kingdom,2011-05-03 16:35:00,2011-07-22 12:08:00,141,2,160.35,80.18,153,80,3,At Risk,4
18147,United Kingdom,2011-08-23 12:22:00,2011-10-25 11:46:00,46,2,179.34,89.67,203,63,1,Potential Loyalists,3
18149,United Kingdom,2011-03-11 12:44:00,2011-10-20 12:04:00,51,3,612.08,204.03,310,223,0,Loyal Customers,2
18150,United Kingdom,2011-05-22 10:47:00,2011-11-07 16:49:00,33,3,566.58,188.86,332,169,1,Potential Loyalists,3
18151,United Kingdom,2011-02-23 08:29:00,2011-07-28 11:35:00,135,2,653.35,326.68,355,155,3,At Risk,4
18154,United Kingdom,2011-10-27 10:40:00,2011-12-06 16:41:00,4,2,399.19,199.6,255,40,1,Potential Loyalists,3
18155,United Kingdom,2011-02-21 10:36:00,2011-09-25 13:32:00,76,3,371.62,123.87,266,216,3,At Risk,4
18156,United Kingdom,2010-12-05 12:29:00,2011-11-27 12:24:00,13,2,675.64,337.82,283,357,1,Potential Loyalists,3
18158,United Kingdom,2011-09-12 09:03:00,2011-11-30 16:19:00,10,2,453.4,226.7,354,79,1,Potential Loyalists,3
18159,United Kingdom,2011-02-11 14:26:00,2011-02-11 14:26:00,302,1,530.15,530.15,139,0,3,At Risk,4
18160,United Kingdom,2011-05-23 13:41:00,2011-10-13 15:50:00,58,2,638.06,319.03,294,143,0,Loyal Customers,2
18161,United Kingdom,2011-01-24 11:56:00,2011-11-24 16:40:00,16,5,1618.69,323.74,812,304,0,Loyal Customers,2
18164,United Kingdom,2011-11-02 12:56:00,2011-11-02 12:56:00,38,1,399.65,399.65,184,0,1,Potential Loyalists,3
18165,United Kingdom,2011-06-15 13:23:00,2011-06-15 13:23:00,178,1,302.46,302.46,254,0,3,At Risk,4
18167,United Kingdom,2011-08-26 11:40:00,2011-11-16 15:56:00,24,3,1384.86,461.62,382,82,0,Loyal Customers,2
18168,United Kingdom,2010-12-02 18:08:00,2011-06-16 19:21:00,177,6,1160.04,193.34,592,196,0,Loyal Customers,2
18169,United Kingdom,2011-10-10 12:18:00,2011-10-10 12:18:00,61,1,202.65,202.65,61,0,3,At Risk,4
18170,United Kingdom,2011-05-06 15:13:00,2011-11-06 14:35:00,34,3,980.31,326.77,409,184,0,Loyal Customers,2
18171,United Kingdom,2011-01-10 09:55:00,2011-10-12 09:13:00,59,5,1231.31,246.26,481,275,0,Loyal Customers,2
18172,United Kingdom,2011-02-23 10:44:00,2011-11-25 11:12:00,15,20,7561.68,378.08,3184,275,2,Champions,1
18173,United Kingdom,2011-03-10 11:56:00,2011-09-14 11:26:00,87,4,2106.84,526.71,1220,188,0,Loyal Customers,2
18174,United Kingdom,2011-12-02 16:56:00,2011-12-02 16:56:00,8,1,104.0,104.0,50,0,1,Potential Loyalists,3
18176,United Kingdom,2010-12-16 15:45:00,2010-12-16 15:45:00,359,1,476.35,476.35,283,0,3,At Risk,4
18177,United Kingdom,2011-03-29 08:46:00,2011-11-08 14:44:00,32,6,1340.87,223.48,709,224,0,Loyal Customers,2
18178,United Kingdom,2010-12-10 12:42:00,2011-08-03 09:30:00,129,4,1590.81,397.7,983,236,0,Loyal Customers,2
18179,United Kingdom,2011-01-07 14:22:00,2011-11-30 16:23:00,10,6,1793.17,298.86,1360,327,2,Champions,1
18180,United Kingdom,2011-07-20 08:59:00,2011-12-05 08:39:00,5,6,1843.75,307.29,1721,138,2,Champions,1
18181,United Kingdom,2011-11-15 15:08:00,2011-11-15 15:08:00,25,1,366.85,366.85,133,0,1,Potential Loyalists,3
18183,United Kingdom,2011-03-10 10:08:00,2011-04-26 15:26:00,228,2,632.07,316.04,371,47,3,At Risk,4
18184,United Kingdom,2011-11-24 15:28:00,2011-11-24 15:28:00,16,1,49.8,49.8,60,0,1,Potential Loyalists,3
18185,United Kingdom,2011-04-04 13:42:00,2011-04-04 13:42:00,250,1,304.25,304.25,183,0,3,At Risk,4
18188,United Kingdom,2011-02-22 14:43:00,2011-11-24 16:46:00,16,3,2001.04,667.01,1168,275,0,Loyal Customers,2
18189,United Kingdom,2011-03-17 09:49:00,2011-09-23 12:40:00,78,2,1090.24,545.12,566,190,0,Loyal Customers,2
18190,United Kingdom,2011-01-13 10:35:00,2011-05-31 14:48:00,193,2,284.46,142.23,140,138,3,At Risk,4
18191,United Kingdom,2011-03-23 12:08:00,2011-03-23 12:08:00,262,1,207.8,207.8,140,0,3,At Risk,4
18192,United Kingdom,2011-09-29 09:53:00,2011-09-29 09:53:00,72,1,957.97,957.97,339,0,3,At Risk,4
18193,United Kingdom,2011-06-27 13:58:00,2011-06-27 13:58:00,166,1,243.76,243.76,124,0,3,At Risk,4
18194,United Kingdom,2011-09-18 13:29:00,2011-09-18 13:29:00,83,1,973.84,973.84,632,0,3,At Risk,4
18196,United Kingdom,2011-02-22 16:13:00,2011-09-05 16:22:00,96,2,686.63,343.32,431,195,3,At Risk,4
18198,United Kingdom,2011-01-07 13:39:00,2011-12-05 14:49:00,5,17,5425.56,319.15,4074,332,2,Champions,1
18200,United Kingdom,2011-08-25 18:45:00,2011-08-25 18:45:00,107,1,150.35,150.35,104,0,3,At Risk,4
18202,United Kingdom,2011-02-01 13:36:00,2011-05-24 12:12:00,200,3,1396.99,465.66,581,112,0,Loyal Customers,2
18203,United Kingdom,2011-07-05 13:07:00,2011-07-05 13:07:00,158,1,160.42,160.42,43,0,3,At Risk,4
18204,United Kingdom,2011-05-31 15:26:00,2011-09-29 16:44:00,72,3,1975.35,658.45,1190,121,0,Loyal Customers,2
18205,United Kingdom,2011-09-26 12:02:00,2011-11-03 13:22:00,37,2,517.36,258.68,192,38,1,Potential Loyalists,3
18209,United Kingdom,2011-11-11 12:07:00,2011-11-11 12:07:00,29,1,139.1,139.1,58,0,1,Potential Loyalists,3
18210,United Kingdom,2011-03-17 16:58:00,2011-12-08 11:02:00,2,6,2621.38,436.9,1398,266,2,Champions,1
18211,United Kingdom,2011-03-06 12:09:00,2011-11-14 08:10:00,26,5,600.07,120.01,359,253,0,Loyal Customers,2
18212,United Kingdom,2011-01-17 16:14:00,2011-01-17 16:14:00,327,1,216.07,216.07,92,0,3,At Risk,4
18213,United Kingdom,2011-04-17 10:21:00,2011-04-17 10:21:00,237,1,232.48,232.48,232,0,3,At Risk,4
18215,United Kingdom,2011-09-11 16:05:00,2011-09-11 16:05:00,90,1,299.34,299.34,118,0,3,At Risk,4
18216,United Kingdom,2011-11-08 16:55:00,2011-11-08 16:55:00,32,1,481.75,481.75,200,0,1,Potential Loyalists,3
18217,United Kingdom,2011-09-30 10:44:00,2011-11-10 13:18:00,30,2,621.75,310.88,491,41,1,Potential Loyalists,3
18218,United Kingdom,2011-03-03 12:24:00,2011-05-12 12:53:00,212,2,641.92,320.96,536,70,3,At Risk,4
18219,United Kingdom,2010-12-06 10:05:00,2011-12-07 11:43:00,3,10,2069.77,206.98,885,366,2,Champions,1
18220,United Kingdom,2011-04-27 09:03:00,2011-04-27 09:03:00,227,1,305.28,305.28,288,0,3,At Risk,4
18221,United Kingdom,2011-05-12 14:13:00,2011-11-17 14:40:00,23,5,1041.61,208.32,791,189,0,Loyal Customers,2
18222,United Kingdom,2011-09-08 10:45:00,2011-09-08 10:45:00,93,1,443.0,443.0,335,0,3,At Risk,4
18223,United Kingdom,2010-12-16 16:42:00,2011-12-05 09:11:00,5,14,6484.54,463.18,2948,354,2,Champions,1
18224,United Kingdom,2011-03-21 10:30:00,2011-03-21 10:30:00,264,1,158.95,158.95,69,0,3,At Risk,4
18225,United Kingdom,2010-12-09 15:46:00,2011-12-06 13:27:00,4,12,5504.96,458.75,3242,362,2,Champions,1
18226,United Kingdom,2011-01-06 09:00:00,2011-10-26 13:36:00,45,11,5228.05,475.28,3466,293,2,Champions,1
18227,United Kingdom,2011-05-06 12:23:00,2011-05-06 12:23:00,218,1,93.75,93.75,21,0,3,At Risk,4
18228,United Kingdom,2011-09-21 10:48:00,2011-10-14 09:21:00,57,2,779.9,389.95,238,23,0,Loyal Customers,2
18229,United Kingdom,2010-12-01 16:25:00,2011-11-28 09:48:00,12,20,7276.9,363.84,2488,362,2,Champions,1
18230,United Kingdom,2011-02-10 13:06:00,2011-11-30 13:22:00,10,7,2810.2,401.46,1316,293,2,Champions,1
18231,United Kingdom,2011-02-24 09:08:00,2011-05-31 14:18:00,193,5,2071.77,414.35,819,96,0,Loyal Customers,2
18232,United Kingdom,2011-05-26 16:30:00,2011-09-19 11:49:00,82,4,592.97,148.24,302,116,0,Loyal Customers,2
18233,United Kingdom,2011-01-18 08:44:00,2011-01-18 08:44:00,326,1,440.0,440.0,4,0,3,At Risk,4
18235,United Kingdom,2011-05-06 13:35:00,2011-09-29 08:27:00,72,3,1796.48,598.83,1578,146,0,Loyal Customers,2
18236,United Kingdom,2011-04-13 09:52:00,2011-11-10 08:06:00,30,6,882.24,147.04,403,211,0,Loyal Customers,2
18237,United Kingdom,2011-07-28 13:05:00,2011-12-07 12:49:00,3,5,987.1,197.42,622,132,2,Champions,1
18239,United Kingdom,2010-12-02 17:48:00,2011-05-05 12:38:00,219,5,1561.61,312.32,795,154,0,Loyal Customers,2
18240,United Kingdom,2011-10-24 13:06:00,2011-10-24 13:06:00,47,1,422.58,422.58,126,0,1,Potential Loyalists,3
18241,United Kingdom,2011-05-06 09:22:00,2011-11-30 12:10:00,10,17,2073.09,121.95,1051,208,2,Champions,1
18242,United Kingdom,2011-05-10 11:20:00,2011-09-28 13:43:00,73,4,2232.49,558.12,1017,141,0,Loyal Customers,2
18245,United Kingdom,2010-12-19 14:58:00,2011-12-02 14:48:00,8,7,2567.06,366.72,1788,348,2,Champions,1
18246,United Kingdom,2011-04-20 13:55:00,2011-11-16 11:49:00,24,2,596.1,298.05,166,210,1,Potential Loyalists,3
18248,United Kingdom,2011-06-06 13:18:00,2011-08-09 10:19:00,123,2,804.02,402.01,511,64,3,At Risk,4
18249,United Kingdom,2011-11-22 15:07:00,2011-11-22 15:07:00,18,1,95.34,95.34,128,0,1,Potential Loyalists,3
18250,United Kingdom,2011-02-02 13:16:00,2011-02-02 13:16:00,311,1,349.27,349.27,199,0,3,At Risk,4
18251,United Kingdom,2011-09-13 15:03:00,2011-09-13 15:03:00,88,1,4314.72,4314.72,7824,0,0,Loyal Customers,2
18252,United Kingdom,2011-06-21 11:47:00,2011-10-20 12:43:00,51,2,518.27,259.14,234,121,1,Potential Loyalists,3
18255,United Kingdom,2011-09-11 13:16:00,2011-09-11 13:16:00,90,1,103.3,103.3,74,0,3,At Risk,4
18257,United Kingdom,2011-02-16 15:13:00,2011-10-31 14:48:00,40,8,2337.63,292.2,1041,257,0,Loyal Customers,2
18259,United Kingdom,2010-12-08 13:38:00,2011-11-15 12:34:00,25,3,2338.6,779.53,714,342,0,Loyal Customers,2
18260,United Kingdom,2010-12-16 18:23:00,2011-06-20 12:37:00,173,6,2628.35,438.06,1475,186,0,Loyal Customers,2
18261,United Kingdom,2011-09-05 09:34:00,2011-10-27 15:36:00,44,2,324.24,162.12,146,52,1,Potential Loyalists,3
18262,United Kingdom,2011-07-22 16:04:00,2011-07-22 16:04:00,141,1,149.48,149.48,182,0,3,At Risk,4
18263,United Kingdom,2011-04-01 11:48:00,2011-11-14 09:00:00,26,3,1213.16,404.39,1468,227,0,Loyal Customers,2
18265,United Kingdom,2011-07-04 15:26:00,2011-09-28 14:10:00,73,2,801.51,400.76,311,86,0,Loyal Customers,2
18268,United Kingdom,2011-07-28 19:13:00,2011-07-28 19:13:00,135,1,25.5,25.5,2,0,3,At Risk,4
18269,United Kingdom,2010-12-08 13:53:00,2010-12-08 13:53:00,367,1,168.6,168.6,76,0,3,At Risk,4
18270,United Kingdom,2011-03-18 12:41:00,2011-11-01 13:57:00,39,2,283.15,141.58,101,228,1,Potential Loyalists,3
18272,United Kingdom,2011-04-07 09:35:00,2011-12-07 12:43:00,3,6,3078.58,513.1,2050,244,2,Champions,1
18273,United Kingdom,2011-03-27 11:22:00,2011-12-07 13:16:00,3,3,204.0,68.0,80,255,1,Potential Loyalists,3
18274,United Kingdom,2011-11-09 17:03:00,2011-11-09 17:03:00,31,1,175.92,175.92,88,0,1,Potential Loyalists,3
18276,United Kingdom,2011-10-27 10:54:00,2011-10-27 10:54:00,44,1,335.86,335.86,186,0,1,Potential Loyalists,3
18277,United Kingdom,2011-10-12 15:22:00,2011-10-12 15:22:00,59,1,110.38,110.38,68,0,3,At Risk,4
18278,United Kingdom,2011-09-27 11:58:00,2011-09-27 11:58:00,74,1,173.9,173.9,66,0,3,At Risk,4
18280,United Kingdom,2011-03-07 09:52:00,2011-03-07 09:52:00,278,1,180.6,180.6,45,0,3,At Risk,4
18281,United Kingdom,2011-06-12 10:53:00,2011-06-12 10:53:00,181,1,80.82,80.82,54,0,3,At Risk,4
18282,United Kingdom,2011-08-05 13:35:00,2011-12-02 11:43:00,8,2,178.05,89.02,103,119,1,Potential Loyalists,3
18283,United Kingdom,2011-01-06 14:14:00,2011-12-06 12:02:00,4,16,2045.53,127.85,1357,334,2,Champions,1
18287,United Kingdom,2011-05-22 10:39:00,2011-10-28 09:29:00,43,3,1837.28,612.43,1586,159,0,Loyal Customers,2
